PurchaseOrderItemID,PurchaseOrderID,ProductID,Quantity,UnitCost
1,100001,92,90,378.88
2,100002,3,46,950.61
3,100002,1,193,172.86
4,100003,90,28,2.91
5,100004,90,75,2.91
6,100005,65,174,519.68
7,100006,70,70,867.81
8,100007,58,60,157.66
9,100007,55,198,908.54
10,100007,75,128,789.26
11,100007,57,107,484.53
12,100007,4,91,564.42
13,100009,50,46,397.54
14,100009,84,43,867.74
15,100011,31,111,59.29
16,100012,62,157,291.34
17,100012,5,51,850.25
18,100012,50,116,397.54
19,100016,35,180,305.47
20,100017,44,200,133.2
21,100019,11,189,396.45
22,100020,76,40,110.17
23,100021,20,117,69.94
24,100023,45,61,94.49
25,100023,49,114,37.47
26,100024,92,191,378.88
27,100025,46,175,839.98
28,100025,17,182,345.78
29,100026,56,61,68.78
30,100027,94,183,54.12
31,100027,32,196,65.53
32,100029,7,78,148.67
33,100029,48,28,299.24
34,100029,70,100,867.81
35,100030,19,74,1037.42
36,100030,1,187,172.86
37,100030,85,147,297.07
38,100030,3,121,950.61
39,100031,55,163,908.54
40,100031,57,157,484.53
41,100031,4,87,564.42
42,100031,58,169,157.66
43,100033,92,112,378.88
44,100034,52,146,162.1
45,100034,66,43,182.1
46,100036,63,59,4.77
47,100037,34,172,52.86
48,100038,74,117,6.44
49,100039,35,161,305.47
50,100043,34,194,52.86
51,100044,35,48,305.47
52,100045,13,60,16.32
53,100047,1,149,172.86
54,100047,19,47,1037.42
55,100047,3,180,950.61
56,100047,85,96,297.07
57,100048,49,115,37.47
58,100048,20,61,69.94
59,100048,45,158,94.49
60,100051,25,145,28.08
61,100052,63,112,4.77
62,100053,59,81,65.02
63,100053,89,165,96.85
64,100054,25,144,28.08
65,100058,9,52,124.95
66,100059,64,87,142.05
67,100060,26,122,783.71
68,100060,38,191,934.95
69,100060,21,186,170.97
70,100060,69,115,533.71
71,100063,96,50,14.21
72,100064,31,36,59.29
73,100065,22,170,1.94
74,100066,35,21,305.47
75,100069,49,181,37.47
76,100070,55,37,908.54
77,100072,22,38,1.94
78,100073,17,74,345.78
79,100073,39,158,712.6
80,100073,46,53,839.98
81,100074,86,141,17.77
82,100074,82,124,6.07
83,100074,16,68,9.18
84,100075,17,188,345.78
85,100076,57,33,484.53
86,100076,58,192,157.66
87,100076,55,187,908.54
88,100076,75,185,789.26
89,100078,5,123,850.25
90,100080,64,83,142.05
91,100082,3,134,950.61
92,100082,19,55,1037.42
93,100083,59,138,65.02
94,100083,89,83,96.85
95,100084,28,160,818.18
96,100088,21,186,170.97
97,100090,5,80,850.25
98,100093,96,144,14.21
99,100098,67,122,362.92
100,100099,63,117,4.77
101,100100,31,87,59.29
102,100102,53,128,309.07
103,100104,35,68,305.47
104,100105,3,100,950.61
105,100105,1,34,172.86
106,100105,19,32,1037.42
107,100106,100,34,284.53
108,100107,97,37,23.16
109,100108,44,123,133.2
110,100109,22,168,1.94
111,100110,53,127,309.07
112,100112,67,72,362.92
113,100113,37,87,332.67
114,100114,23,38,692.76
115,100114,24,22,633.85
116,100114,77,137,583.89
117,100114,51,179,507.44
118,100120,13,157,16.32
119,100121,74,53,6.44
120,100123,90,82,2.91
121,100124,56,60,68.78
122,100125,34,176,52.86
123,100127,53,189,309.07
124,100129,50,87,397.54
125,100130,31,161,59.29
126,100131,92,92,378.88
127,100132,15,149,563.65
128,100132,18,145,1077.07
129,100132,87,84,275.47
130,100132,78,33,741.5
131,100132,40,43,148.0
132,100133,92,31,378.88
133,100134,27,53,142.09
134,100136,96,133,14.21
135,100140,100,48,284.53
136,100141,56,159,68.78
137,100142,35,169,305.47
138,100143,56,52,68.78
139,100144,76,113,110.17
140,100147,42,73,162.68
141,100148,64,110,142.05
142,100150,35,80,305.47
143,100153,54,125,417.71
144,100157,96,105,14.21
145,100159,25,88,28.08
146,100160,6,117,435.29
147,100161,54,76,417.71
148,100163,93,109,899.74
149,100163,61,98,751.55
150,100164,12,26,518.6
151,100165,100,104,284.53
152,100168,42,91,162.68
153,100170,53,193,309.07
154,100173,57,168,484.53
155,100173,4,87,564.42
156,100173,58,29,157.66
157,100173,55,47,908.54
158,100173,75,172,789.26
159,100174,27,100,142.09
160,100175,56,118,68.78
161,100176,22,31,1.94
162,100177,5,130,850.25
163,100177,62,37,291.34
164,100177,84,190,867.74
165,100177,50,104,397.54
166,100178,47,96,45.79
167,100180,81,123,73.16
168,100180,33,198,91.48
169,100182,25,69,28.08
170,100183,99,165,826.58
171,100183,73,97,663.29
172,100183,14,123,94.42
173,100183,68,160,613.29
174,100184,76,93,110.17
175,100186,73,175,663.29
176,100186,88,187,342.14
177,100187,48,133,299.24
178,100187,70,192,867.81
179,100188,100,63,284.53
180,100191,98,151,2.34
181,100193,92,80,378.88
182,100194,76,70,110.17
183,100195,6,31,435.29
184,100196,51,136,507.44
185,100196,10,126,722.19
186,100197,49,146,37.47
187,100197,20,122,69.94
188,100197,45,82,94.49
189,100198,22,47,1.94
190,100200,95,65,4.25
191,100202,64,162,142.05
192,100205,76,136,110.17
193,100207,89,190,96.85
194,100208,75,60,789.26
195,100208,57,141,484.53
196,100208,55,135,908.54
197,100208,58,86,157.66
198,100208,4,83,564.42
199,100209,71,180,4.28
200,100210,37,132,332.67
201,100211,64,80,142.05
202,100213,90,101,2.91
203,100214,8,197,127.97
204,100214,15,59,563.65
205,100214,78,200,741.5
206,100214,87,74,275.47
207,100214,40,36,148.0
208,100215,61,126,751.55
209,100215,60,35,191.4
210,100215,66,72,182.1
211,100215,93,127,899.74
212,100218,59,142,65.02
213,100218,89,21,96.85
214,100219,56,119,68.78
215,100220,67,144,362.92
216,100221,39,131,712.6
217,100222,10,62,722.19
218,100222,51,139,507.44
219,100222,23,52,692.76
220,100222,24,179,633.85
221,100224,71,171,4.28
222,100226,91,184,1.8
223,100227,31,138,59.29
224,100228,5,117,850.25
225,100228,50,103,397.54
226,100229,82,103,6.07
227,100230,81,127,73.16
228,100230,33,84,91.48
229,100232,54,24,417.71
230,100233,56,77,68.78
231,100234,71,27,4.28
232,100235,32,25,65.53
233,100237,3,141,950.61
234,100237,1,191,172.86
235,100238,44,139,133.2
236,100239,56,62,68.78
237,100240,50,99,397.54
238,100241,64,99,142.05
239,100245,67,70,362.92
240,100246,78,196,741.5
241,100248,34,198,52.86
242,100249,35,164,305.47
243,100251,91,156,1.8
244,100253,92,37,378.88
245,100254,64,127,142.05
246,100256,11,112,396.45
247,100256,29,182,129.9
248,100257,3,177,950.61
249,100257,85,157,297.07
250,100257,1,143,172.86
251,100257,19,139,1037.42
252,100258,62,91,291.34
253,100258,50,135,397.54
254,100258,5,82,850.25
255,100258,84,138,867.74
256,100259,90,27,2.91
257,100260,19,110,1037.42
258,100260,1,86,172.86
259,100260,3,107,950.61
260,100260,85,91,297.07
261,100261,99,41,826.58
262,100261,68,81,613.29
263,100261,2,124,591.86
264,100261,88,145,342.14
265,100261,73,162,663.29
266,100262,31,185,59.29
267,100263,69,76,533.71
268,100263,21,123,170.97
269,100263,38,197,934.95
270,100263,26,82,783.71
271,100264,13,141,16.32
272,100268,78,110,741.5
273,100268,18,199,1077.07
274,100268,40,136,148.0
275,100268,87,89,275.47
276,100268,15,98,563.65
277,100269,42,50,162.68
278,100270,15,75,563.65
279,100270,18,143,1077.07
280,100270,8,90,127.97
281,100270,78,170,741.5
282,100270,40,154,148.0
283,100270,87,172,275.47
284,100271,44,69,133.2
285,100272,17,65,345.78
286,100272,39,97,712.6
287,100273,3,90,950.61
288,100274,6,161,435.29
289,100275,87,46,275.47
290,100275,15,23,563.65
291,100275,40,166,148.0
292,100276,39,132,712.6
293,100276,46,107,839.98
294,100277,44,84,133.2
295,100280,90,36,2.91
296,100281,89,167,96.85
297,100281,59,181,65.02
298,100282,2,83,591.86
299,100282,14,50,94.42
300,100282,88,162,342.14
301,100282,68,126,613.29
302,100282,73,175,663.29
303,100282,99,172,826.58
304,100283,55,170,908.54
305,100283,58,129,157.66
306,100283,75,98,789.26
307,100283,57,165,484.53
308,100283,4,178,564.42
309,100285,67,73,362.92
310,100286,92,189,378.88
311,100288,71,81,4.28
312,100289,34,60,52.86
313,100290,48,135,299.24
314,100293,89,79,96.85
315,100293,59,93,65.02
316,100294,74,195,6.44
317,100294,41,79,2.47
318,100295,99,128,826.58
319,100295,88,49,342.14
320,100295,14,159,94.42
321,100298,27,88,142.09
322,100300,28,35,818.18
323,100301,64,172,142.05
324,100302,98,51,2.34
325,100303,76,199,110.17
326,100304,60,132,191.4
327,100304,66,40,182.1
328,100304,83,173,893.29
329,100304,61,30,751.55
330,100305,67,174,362.92
331,100307,27,43,142.09
332,100309,22,192,1.94
333,100310,5,152,850.25
334,100310,84,186,867.74
335,100310,50,133,397.54
336,100311,98,169,2.34
337,100312,95,43,4.25
338,100313,81,105,73.16
339,100313,33,102,91.48
340,100317,23,104,692.76
341,100319,27,93,142.09
342,100320,42,136,162.68
343,100322,39,84,712.6
344,100323,9,123,124.95
345,100324,20,33,69.94
346,100324,45,68,94.49
347,100324,49,152,37.47
348,100328,63,180,4.77
349,100329,64,72,142.05
350,100330,95,93,4.25
351,100331,53,51,309.07
352,100332,56,60,68.78
353,100335,100,161,284.53
354,100337,47,77,45.79
355,100338,30,50,772.01
356,100339,51,150,507.44
357,100339,24,200,633.85
358,100341,53,143,309.07
359,100342,7,161,148.67
360,100342,48,57,299.24
361,100343,55,126,908.54
362,100343,75,107,789.26
363,100343,4,149,564.42
364,100343,58,88,157.66
365,100345,30,96,772.01
366,100346,76,134,110.17
367,100349,42,105,162.68
368,100351,53,102,309.07
369,100352,54,166,417.71
370,100353,3,141,950.61
371,100353,85,200,297.07
372,100353,1,117,172.86
373,100353,19,118,1037.42
374,100355,56,29,68.78
375,100356,79,171,106.52
376,100359,28,132,818.18
377,100361,74,23,6.44
378,100362,76,187,110.17
379,100363,42,140,162.68
380,100364,9,179,124.95
381,100365,73,180,663.29
382,100365,2,144,591.86
383,100365,68,158,613.29
384,100365,99,29,826.58
385,100365,14,178,94.42
386,100365,88,37,342.14
387,100366,46,195,839.98
388,100367,50,131,397.54
389,100367,62,45,291.34
390,100367,5,182,850.25
391,100370,67,62,362.92
392,100372,4,34,564.42
393,100372,75,95,789.26
394,100372,55,111,908.54
395,100374,37,57,332.67
396,100375,9,164,124.95
397,100376,97,64,23.16
398,100378,49,117,37.47
399,100379,67,169,362.92
400,100380,11,138,396.45
401,100385,71,85,4.28
402,100387,95,93,4.25
403,100391,100,133,284.53
404,100395,98,183,2.34
405,100396,90,136,2.91
406,100398,90,118,2.91
407,100399,96,80,14.21
408,100401,56,167,68.78
409,100402,37,25,332.67
410,100404,97,22,23.16
411,100408,27,93,142.09
412,100409,22,76,1.94
413,100411,53,193,309.07
414,100412,13,180,16.32
415,100414,28,132,818.18
416,100415,22,53,1.94
417,100416,31,103,59.29
418,100417,71,71,4.28
419,100419,62,148,291.34
420,100419,84,89,867.74
421,100420,53,143,309.07
422,100422,71,49,4.28
423,100426,53,56,309.07
424,100428,31,162,59.29
425,100429,92,121,378.88
426,100430,57,157,484.53
427,100432,44,114,133.2
428,100433,37,183,332.67
429,100435,35,192,305.47
430,100436,96,26,14.21
431,100437,25,185,28.08
432,100441,6,199,435.29
433,100442,44,49,133.2
434,100446,20,29,69.94
435,100447,53,49,309.07
436,100449,47,157,45.79
437,100450,72,136,65.67
438,100451,80,170,55.19
439,100451,72,59,65.67
440,100453,1,28,172.86
441,100453,3,196,950.61
442,100453,19,114,1037.42
443,100453,85,75,297.07
444,100455,56,80,68.78
445,100456,59,159,65.02
446,100456,89,185,96.85
447,100458,41,90,2.47
448,100458,74,68,6.44
449,100460,35,43,305.47
450,100462,32,32,65.53
451,100464,22,52,1.94
452,100466,20,170,69.94
453,100466,49,75,37.47
454,100466,45,79,94.49
455,100467,98,172,2.34
456,100469,42,57,162.68
457,100471,22,64,1.94
458,100472,99,26,826.58
459,100475,43,80,767.23
460,100475,60,170,191.4
461,100476,27,64,142.09
462,100477,34,52,52.86
463,100478,29,141,129.9
464,100478,11,134,396.45
465,100478,79,112,106.52
466,100479,53,148,309.07
467,100480,49,31,37.47
468,100483,86,184,17.77
469,100483,82,27,6.07
470,100483,16,35,9.18
471,100484,56,129,68.78
472,100485,91,133,1.8
473,100486,28,102,818.18
474,100488,36,90,145.13
475,100488,80,179,55.19
476,100488,72,182,65.67
477,100489,84,136,867.74
478,100489,62,149,291.34
479,100489,50,174,397.54
480,100492,2,135,591.86
481,100492,99,78,826.58
482,100492,14,125,94.42
483,100492,73,106,663.29
484,100493,100,126,284.53
485,100494,44,129,133.2
486,100495,44,115,133.2
487,100497,96,37,14.21
488,100499,44,43,133.2
489,100500,10,170,722.19
490,100500,24,163,633.85
491,100500,77,163,583.89
492,100500,51,104,507.44
493,100501,42,110,162.68
494,100502,28,93,818.18
495,100503,98,46,2.34
496,100506,97,188,23.16
497,100507,71,47,4.28
498,100510,53,49,309.07
499,100511,50,175,397.54
500,100511,84,188,867.74
501,100511,5,197,850.25
502,100514,35,66,305.47
503,100516,89,109,96.85
504,100516,59,21,65.02
505,100520,91,164,1.8
506,100521,59,182,65.02
507,100521,89,27,96.85
508,100525,13,116,16.32
509,100526,64,107,142.05
510,100528,74,99,6.44
511,100530,72,59,65.67
512,100530,36,60,145.13
513,100530,80,178,55.19
514,100531,53,89,309.07
515,100532,42,144,162.68
516,100533,61,49,751.55
517,100533,93,108,899.74
518,100533,60,130,191.4
519,100533,52,48,162.1
520,100533,66,92,182.1
521,100534,83,121,893.29
522,100534,66,173,182.1
523,100534,61,34,751.55
524,100534,60,21,191.4
525,100534,43,72,767.23
526,100534,93,97,899.74
527,100536,37,85,332.67
528,100537,71,50,4.28
529,100538,61,130,751.55
530,100539,20,117,69.94
531,100540,13,38,16.32
532,100544,42,131,162.68
533,100545,42,39,162.68
534,100546,75,123,789.26
535,100546,58,183,157.66
536,100546,57,126,484.53
537,100547,7,25,148.67
538,100547,48,103,299.24
539,100548,85,112,297.07
540,100548,19,42,1037.42
541,100549,44,82,133.2
542,100550,47,154,45.79
543,100551,73,99,663.29
544,100552,42,105,162.68
545,100554,76,150,110.17
546,100555,12,109,518.6
547,100555,65,185,519.68
548,100555,30,57,772.01
549,100556,35,57,305.47
550,100557,3,187,950.61
551,100557,1,39,172.86
552,100557,19,65,1037.42
553,100559,13,164,16.32
554,100561,37,180,332.67
555,100563,71,132,4.28
556,100565,56,133,68.78
557,100566,29,110,129.9
558,100566,79,149,106.52
559,100566,11,38,396.45
560,100567,96,135,14.21
561,100569,41,114,2.47
562,100571,1,177,172.86
563,100571,19,172,1037.42
564,100571,85,149,297.07
565,100573,74,135,6.44
566,100573,41,166,2.47
567,100577,6,174,435.29
568,100578,42,35,162.68
569,100579,59,41,65.02
570,100579,89,149,96.85
571,100581,96,83,14.21
572,100582,85,115,297.07
573,100582,19,92,1037.42
574,100582,1,119,172.86
575,100582,3,124,950.61
576,100584,91,181,1.8
577,100585,13,104,16.32
578,100586,95,92,4.25
579,100587,34,105,52.86
580,100589,92,109,378.88
581,100590,37,53,332.67
582,100591,92,163,378.88
583,100592,96,52,14.21
584,100593,37,150,332.67
585,100594,8,66,127.97
586,100594,18,74,1077.07
587,100594,78,107,741.5
588,100595,20,55,69.94
589,100595,49,59,37.47
590,100597,45,45,94.49
591,100599,77,172,583.89
592,100599,10,116,722.19
593,100599,24,59,633.85
594,100599,23,61,692.76
595,100599,51,66,507.44
596,100600,25,31,28.08
597,100601,60,176,191.4
598,100601,83,92,893.29
599,100601,52,134,162.1
600,100601,61,79,751.55
601,100603,52,193,162.1
602,100603,60,166,191.4
603,100603,61,132,751.55
604,100603,93,138,899.74
605,100603,66,92,182.1
606,100604,92,61,378.88
607,100605,50,33,397.54
608,100605,84,184,867.74
609,100606,19,92,1037.42
610,100606,85,41,297.07
611,100606,1,61,172.86
612,100606,3,89,950.61
613,100608,64,131,142.05
614,100615,14,135,94.42
615,100618,8,121,127.97
616,100618,40,148,148.0
617,100618,87,115,275.47
618,100619,47,40,45.79
619,100621,76,27,110.17
620,100624,59,57,65.02
621,100624,89,55,96.85
622,100625,48,140,299.24
623,100626,96,134,14.21
624,100627,54,24,417.71
625,100628,71,58,4.28
626,100629,47,93,45.79
627,100630,82,51,6.07
628,100631,32,127,65.53
629,100632,46,48,839.98
630,100632,39,147,712.6
631,100632,17,172,345.78
632,100633,47,56,45.79
633,100634,96,20,14.21
634,100636,63,166,4.77
635,100637,55,37,908.54
636,100637,4,154,564.42
637,100637,57,159,484.53
638,100637,75,149,789.26
639,100638,47,140,45.79
640,100639,51,115,507.44
641,100640,35,111,305.47
642,100641,38,81,934.95
643,100642,90,54,2.91
644,100643,28,159,818.18
645,100644,64,195,142.05
646,100645,69,36,533.71
647,100645,38,137,934.95
648,100645,21,29,170.97
649,100645,26,95,783.71
650,100646,37,71,332.67
651,100648,29,99,129.9
652,100650,22,84,1.94
653,100652,27,93,142.09
654,100653,4,51,564.42
655,100653,57,114,484.53
656,100653,55,131,908.54
657,100654,79,118,106.52
658,100654,29,106,129.9
659,100655,64,197,142.05
660,100656,92,152,378.88
661,100657,33,40,91.48
662,100657,81,130,73.16
663,100664,54,102,417.71
664,100666,53,103,309.07
665,100667,72,174,65.67
666,100667,80,129,55.19
667,100667,36,62,145.13
668,100668,35,134,305.47
669,100671,74,177,6.44
670,100672,27,183,142.09
671,100673,8,191,127.97
672,100674,31,151,59.29
673,100675,76,56,110.17
674,100677,32,37,65.53
675,100677,94,80,54.12
676,100678,27,118,142.09
677,100679,12,114,518.6
678,100679,65,115,519.68
679,100679,30,133,772.01
680,100680,47,155,45.79
681,100681,40,83,148.0
682,100681,18,49,1077.07
683,100681,78,26,741.5
684,100682,20,163,69.94
685,100682,45,50,94.49
686,100682,49,87,37.47
687,100683,13,74,16.32
688,100684,37,71,332.67
689,100687,56,38,68.78
690,100689,97,133,23.16
691,100690,98,190,2.34
692,100691,35,160,305.47
693,100692,96,60,14.21
694,100693,95,150,4.25
695,100694,1,55,172.86
696,100694,85,80,297.07
697,100696,42,112,162.68
698,100698,67,161,362.92
699,100699,56,36,68.78
700,100700,71,142,4.28
701,100701,81,52,73.16
702,100701,33,101,91.48
703,100702,95,139,4.25
704,100703,35,161,305.47
705,100704,6,130,435.29
706,100705,12,97,518.6
707,100705,65,62,519.68
708,100705,30,61,772.01
709,100707,25,108,28.08
710,100709,90,84,2.91
711,100711,64,52,142.05
712,100713,33,171,91.48
713,100713,81,168,73.16
714,100715,52,179,162.1
715,100715,83,174,893.29
716,100716,76,27,110.17
717,100717,47,184,45.79
718,100720,68,147,613.29
719,100720,14,180,94.42
720,100720,73,159,663.29
721,100720,99,94,826.58
722,100720,2,184,591.86
723,100722,40,96,148.0
724,100722,15,136,563.65
725,100722,87,38,275.47
726,100723,2,72,591.86
727,100723,14,107,94.42
728,100723,73,175,663.29
729,100723,88,56,342.14
730,100723,68,100,613.29
731,100723,99,101,826.58
732,100724,25,53,28.08
733,100727,70,101,867.81
734,100727,7,81,148.67
735,100728,98,88,2.34
736,100729,3,94,950.61
737,100729,1,118,172.86
738,100729,19,177,1037.42
739,100729,85,127,297.07
740,100730,64,103,142.05
741,100731,47,60,45.79
742,100732,35,147,305.47
743,100733,48,43,299.24
744,100733,7,120,148.67
745,100734,63,75,4.77
746,100737,72,92,65.67
747,100737,36,146,145.13
748,100737,80,172,55.19
749,100738,19,130,1037.42
750,100738,85,54,297.07
751,100738,1,87,172.86
752,100738,3,113,950.61
753,100741,63,31,4.77
754,100745,25,165,28.08
755,100746,47,161,45.79
756,100749,71,118,4.28
757,100751,40,52,148.0
758,100751,78,44,741.5
759,100751,18,120,1077.07
760,100751,87,115,275.47
761,100751,8,106,127.97
762,100752,56,70,68.78
763,100753,75,29,789.26
764,100753,58,55,157.66
765,100753,57,105,484.53
766,100753,4,141,564.42
767,100753,55,152,908.54
768,100755,23,61,692.76
769,100755,77,120,583.89
770,100755,51,177,507.44
771,100755,24,96,633.85
772,100756,53,164,309.07
773,100757,71,24,4.28
774,100759,95,192,4.25
775,100760,82,169,6.07
776,100761,13,172,16.32
777,100763,71,187,4.28
778,100764,32,169,65.53
779,100765,92,154,378.88
780,100768,25,194,28.08
781,100770,41,166,2.47
782,100772,96,24,14.21
783,100774,67,127,362.92
784,100775,47,196,45.79
785,100778,74,148,6.44
786,100779,28,200,818.18
787,100781,56,163,68.78
788,100782,90,154,2.91
789,100783,81,137,73.16
790,100783,33,156,91.48
791,100785,77,194,583.89
792,100785,24,184,633.85
793,100785,51,197,507.44
794,100786,34,69,52.86
795,100788,94,162,54.12
796,100789,32,93,65.53
797,100789,94,200,54.12
798,100790,27,101,142.09
799,100791,89,93,96.85
800,100791,59,51,65.02
801,100792,100,108,284.53
802,100797,64,30,142.05
803,100798,49,108,37.47
804,100798,20,133,69.94
805,100803,44,74,133.2
806,100807,97,163,23.16
807,100808,31,47,59.29
808,100810,75,183,789.26
809,100810,55,79,908.54
810,100810,4,33,564.42
811,100810,57,45,484.53
812,100810,58,125,157.66
813,100811,83,194,893.29
814,100811,61,55,751.55
815,100811,43,21,767.23
816,100812,9,187,124.95
817,100813,81,93,73.16
818,100813,33,102,91.48
819,100815,25,42,28.08
820,100816,46,64,839.98
821,100816,17,126,345.78
822,100816,39,65,712.6
823,100817,72,146,65.67
824,100818,99,29,826.58
825,100818,68,22,613.29
826,100819,35,105,305.47
827,100820,85,54,297.07
828,100820,19,149,1037.42
829,100820,3,139,950.61
830,100821,11,104,396.45
831,100821,79,61,106.52
832,100822,100,67,284.53
833,100823,49,106,37.47
834,100824,63,64,4.77
835,100825,86,151,17.77
836,100825,82,103,6.07
837,100825,16,42,9.18
838,100826,97,67,23.16
839,100827,54,102,417.71
840,100829,92,86,378.88
841,100830,54,134,417.71
842,100831,94,169,54.12
843,100831,32,166,65.53
844,100833,19,187,1037.42
845,100834,3,139,950.61
846,100834,1,98,172.86
847,100834,19,60,1037.42
848,100838,47,196,45.79
849,100839,47,114,45.79
850,100840,91,54,1.8
851,100842,37,136,332.67
852,100843,84,157,867.74
853,100843,62,190,291.34
854,100843,50,75,397.54
855,100845,47,154,45.79
856,100846,74,164,6.44
857,100846,41,48,2.47
858,100847,6,166,435.29
859,100849,6,103,435.29
860,100851,82,169,6.07
861,100851,16,145,9.18
862,100851,86,43,17.77
863,100852,67,136,362.92
864,100853,94,136,54.12
865,100855,35,192,305.47
866,100856,44,121,133.2
867,100862,97,75,23.16
868,100864,47,128,45.79
869,100871,5,37,850.25
870,100871,62,140,291.34
871,100871,84,28,867.74
872,100873,97,66,23.16
873,100874,28,115,818.18
874,100876,22,116,1.94
875,100879,16,187,9.18
876,100879,86,109,17.77
877,100880,14,157,94.42
878,100881,35,77,305.47
879,100882,95,96,4.25
880,100886,81,78,73.16
881,100886,33,83,91.48
882,100887,92,59,378.88
883,100888,12,28,518.6
884,100888,65,189,519.68
885,100889,100,81,284.53
886,100891,54,45,417.71
887,100893,44,173,133.2
888,100895,23,31,692.76
889,100897,67,79,362.92
890,100899,28,55,818.18
891,100901,50,167,397.54
892,100901,62,173,291.34
893,100901,84,192,867.74
894,100903,55,189,908.54
895,100903,57,153,484.53
896,100903,4,76,564.42
897,100906,100,90,284.53
898,100908,34,180,52.86
899,100909,31,32,59.29
900,100910,94,198,54.12
901,100910,32,126,65.53
902,100912,14,157,94.42
903,100912,68,141,613.29
904,100912,73,81,663.29
905,100912,2,77,591.86
906,100915,28,138,818.18
907,100916,63,126,4.77
908,100920,80,82,55.19
909,100920,36,85,145.13
910,100920,72,72,65.67
911,100921,54,135,417.71
912,100923,13,157,16.32
913,100926,22,88,1.94
914,100928,90,38,2.91
915,100929,71,142,4.28
916,100930,18,23,1077.07
917,100930,87,74,275.47
918,100931,5,142,850.25
919,100931,62,82,291.34
920,100935,54,81,417.71
921,100936,60,186,191.4
922,100936,93,111,899.74
923,100936,61,98,751.55
924,100936,66,86,182.1
925,100936,83,112,893.29
926,100939,64,45,142.05
927,100940,28,72,818.18
928,100941,27,125,142.09
929,100942,37,57,332.67
930,100945,27,161,142.09
931,100946,98,59,2.34
932,100951,57,117,484.53
933,100951,55,165,908.54
934,100953,47,160,45.79
935,100954,64,145,142.05
936,100955,49,63,37.47
937,100955,45,110,94.49
938,100955,20,63,69.94
939,100956,83,145,893.29
940,100956,66,67,182.1
941,100957,25,39,28.08
942,100958,5,125,850.25
943,100959,59,37,65.02
944,100960,100,75,284.53
945,100961,81,178,73.16
946,100961,33,183,91.48
947,100965,49,24,37.47
948,100965,45,21,94.49
949,100965,20,156,69.94
950,100967,98,24,2.34
951,100970,62,65,291.34
952,100970,5,47,850.25
953,100970,50,44,397.54
954,100973,52,88,162.1
955,100973,93,121,899.74
956,100973,83,40,893.29
957,100973,60,115,191.4
958,100973,66,123,182.1
959,100974,34,198,52.86
960,100975,63,195,4.77
961,100979,100,43,284.53
962,100980,98,116,2.34
963,100981,21,41,170.97
964,100981,38,147,934.95
965,100981,69,131,533.71
966,100981,26,185,783.71
967,100982,47,155,45.79
968,100984,12,74,518.6
969,100985,6,31,435.29
970,100987,91,159,1.8
971,100989,70,100,867.81
972,100989,7,24,148.67
973,100989,48,73,299.24
974,100991,85,96,297.07
975,100991,1,61,172.86
976,100994,44,193,133.2
977,100995,6,55,435.29
978,100996,71,33,4.28
979,100997,95,79,4.25
980,100999,48,174,299.24
981,101000,13,27,16.32
982,101001,42,145,162.68
983,101002,74,161,6.44
984,101003,69,178,533.71
985,101003,21,95,170.97
986,101003,26,83,783.71
987,101003,38,38,934.95
988,101004,94,59,54.12
989,101005,80,119,55.19
990,101005,36,101,145.13
991,101007,7,21,148.67
992,101007,70,98,867.81
993,101009,94,46,54.12
994,101009,32,53,65.53
995,101010,44,130,133.2
996,101012,74,26,6.44
997,101012,41,42,2.47
998,101013,22,172,1.94
999,101016,93,125,899.74
1000,101016,60,119,191.4
1001,101016,61,41,751.55
1002,101016,43,163,767.23
1003,101016,52,82,162.1
1004,101017,89,63,96.85
1005,101020,100,97,284.53
1006,101021,47,57,45.79
1007,101022,33,131,91.48
1008,101026,85,39,297.07
1009,101026,3,112,950.61
1010,101026,19,84,1037.42
1011,101028,76,172,110.17
1012,101030,16,54,9.18
1013,101030,82,97,6.07
1014,101030,86,21,17.77
1015,101032,81,104,73.16
1016,101032,33,132,91.48
1017,101033,94,96,54.12
1018,101033,32,102,65.53
1019,101035,9,100,124.95
1020,101038,74,101,6.44
1021,101040,44,167,133.2
1022,101041,57,91,484.53
1023,101041,58,120,157.66
1024,101042,20,171,69.94
1025,101042,49,159,37.47
1026,101043,96,138,14.21
1027,101045,53,94,309.07
1028,101053,37,192,332.67
1029,101055,95,182,4.25
1030,101056,16,188,9.18
1031,101056,82,59,6.07
1032,101057,42,38,162.68
1033,101058,79,169,106.52
1034,101058,29,122,129.9
1035,101059,71,112,4.28
1036,101060,75,62,789.26
1037,101060,4,185,564.42
1038,101060,58,176,157.66
1039,101060,57,31,484.53
1040,101060,55,164,908.54
1041,101061,35,130,305.47
1042,101063,2,45,591.86
1043,101065,26,134,783.71
1044,101065,38,115,934.95
1045,101065,21,120,170.97
1046,101066,13,108,16.32
1047,101068,67,46,362.92
1048,101069,96,41,14.21
1049,101070,49,56,37.47
1050,101071,25,107,28.08
1051,101073,28,153,818.18
1052,101075,39,44,712.6
1053,101075,46,132,839.98
1054,101078,92,37,378.88
1055,101079,31,49,59.29
1056,101082,91,185,1.8
1057,101084,56,82,68.78
1058,101086,53,104,309.07
1059,101087,94,123,54.12
1060,101087,32,181,65.53
1061,101088,67,183,362.92
1062,101090,27,27,142.09
1063,101092,96,171,14.21
1064,101093,34,21,52.86
1065,101094,32,91,65.53
1066,101095,35,157,305.47
1067,101096,53,103,309.07
1068,101097,35,49,305.47
1069,101100,44,155,133.2
1070,101102,25,176,28.08
1071,101103,25,109,28.08
1072,101104,73,192,663.29
1073,101104,88,200,342.14
1074,101104,14,96,94.42
1075,101107,22,100,1.94
1076,101111,14,98,94.42
1077,101112,50,115,397.54
1078,101113,25,127,28.08
1079,101114,23,182,692.76
1080,101114,51,157,507.44
1081,101114,77,197,583.89
1082,101114,10,185,722.19
1083,101114,24,64,633.85
1084,101115,54,93,417.71
1085,101117,42,100,162.68
1086,101118,65,111,519.68
1087,101118,12,22,518.6
1088,101119,50,124,397.54
1089,101119,5,195,850.25
1090,101119,84,145,867.74
1091,101119,62,126,291.34
1092,101120,100,62,284.53
1093,101121,28,76,818.18
1094,101122,33,77,91.48
1095,101122,81,157,73.16
1096,101124,17,164,345.78
1097,101124,39,146,712.6
1098,101125,22,88,1.94
1099,101126,21,159,170.97
1100,101126,38,75,934.95
1101,101126,26,128,783.71
1102,101127,99,187,826.58
1103,101128,68,135,613.29
1104,101128,2,87,591.86
1105,101130,95,132,4.25
1106,101131,26,73,783.71
1107,101132,96,62,14.21
1108,101133,37,72,332.67
1109,101135,80,109,55.19
1110,101137,96,102,14.21
1111,101138,34,166,52.86
1112,101142,97,54,23.16
1113,101146,21,83,170.97
1114,101146,26,57,783.71
1115,101146,69,102,533.71
1116,101146,38,83,934.95
1117,101148,53,56,309.07
1118,101149,42,116,162.68
1119,101150,16,123,9.18
1120,101150,86,151,17.77
1121,101151,71,136,4.28
1122,101153,13,168,16.32
1123,101156,63,137,4.77
1124,101157,67,156,362.92
1125,101158,55,88,908.54
1126,101158,58,102,157.66
1127,101158,4,92,564.42
1128,101158,75,106,789.26
1129,101159,31,107,59.29
1130,101160,92,45,378.88
1131,101166,32,60,65.53
1132,101166,94,132,54.12
1133,101168,10,186,722.19
1134,101168,51,97,507.44
1135,101168,77,60,583.89
1136,101168,24,90,633.85
1137,101170,9,84,124.95
1138,101172,25,190,28.08
1139,101174,22,121,1.94
1140,101175,23,43,692.76
1141,101175,51,200,507.44
1142,101175,24,44,633.85
1143,101178,91,142,1.8
1144,101179,27,171,142.09
1145,101182,13,22,16.32
1146,101183,37,50,332.67
1147,101184,97,142,23.16
1148,101185,37,118,332.67
1149,101187,90,46,2.91
1150,101189,90,96,2.91
1151,101190,98,54,2.34
1152,101191,10,176,722.19
1153,101191,77,186,583.89
1154,101194,29,109,129.9
1155,101195,14,42,94.42
1156,101195,99,45,826.58
1157,101195,73,55,663.29
1158,101195,68,51,613.29
1159,101195,88,170,342.14
1160,101195,2,118,591.86
1161,101196,84,83,867.74
1162,101196,50,90,397.54
1163,101196,5,185,850.25
1164,101198,36,161,145.13
1165,101199,5,72,850.25
1166,101199,62,152,291.34
1167,101199,50,175,397.54
1168,101200,84,185,867.74
1169,101200,50,33,397.54
1170,101202,96,118,14.21
1171,101204,56,147,68.78
1172,101206,95,112,4.25
1173,101211,50,113,397.54
1174,101211,84,159,867.74
1175,101211,62,194,291.34
1176,101212,58,24,157.66
1177,101212,4,170,564.42
1178,101214,95,87,4.25
1179,101215,16,35,9.18
1180,101216,94,128,54.12
1181,101216,32,199,65.53
1182,101217,7,91,148.67
1183,101217,70,41,867.81
1184,101218,53,150,309.07
1185,101219,26,103,783.71
1186,101219,38,120,934.95
1187,101220,44,198,133.2
1188,101222,98,34,2.34
1189,101223,12,131,518.6
1190,101224,69,176,533.71
1191,101226,2,55,591.86
1192,101226,68,199,613.29
1193,101226,14,22,94.42
1194,101226,99,61,826.58
1195,101226,88,147,342.14
1196,101233,76,62,110.17
1197,101234,9,88,124.95
1198,101235,7,129,148.67
1199,101235,70,89,867.81
1200,101235,48,154,299.24
1201,101236,97,167,23.16
1202,101239,22,136,1.94
1203,101241,90,147,2.91
1204,101242,6,60,435.29
1205,101243,4,150,564.42
1206,101243,75,20,789.26
1207,101243,58,31,157.66
1208,101245,37,31,332.67
1209,101247,90,118,2.91
1210,101248,63,29,4.77
1211,101249,92,102,378.88
1212,101251,40,89,148.0
1213,101251,18,39,1077.07
1214,101252,33,65,91.48
1215,101252,81,77,73.16
1216,101253,47,37,45.79
1217,101254,22,99,1.94
1218,101257,36,22,145.13
1219,101257,72,114,65.67
1220,101258,27,164,142.09
1221,101260,27,138,142.09
1222,101264,44,70,133.2
1223,101268,90,21,2.91
1224,101270,21,105,170.97
1225,101270,69,20,533.71
1226,101270,26,188,783.71
1227,101270,38,116,934.95
1228,101271,27,72,142.09
1229,101272,56,145,68.78
1230,101273,56,91,68.78
1231,101274,56,79,68.78
1232,101277,53,137,309.07
1233,101278,63,149,4.77
1234,101282,6,39,435.29
1235,101286,88,80,342.14
1236,101286,2,94,591.86
1237,101286,73,86,663.29
1238,101286,68,100,613.29
1239,101286,99,120,826.58
1240,101287,74,89,6.44
1241,101287,41,79,2.47
1242,101288,26,54,783.71
1243,101290,7,62,148.67
1244,101290,70,135,867.81
1245,101290,48,139,299.24
1246,101293,96,50,14.21
1247,101296,44,135,133.2
1248,101297,64,87,142.05
1249,101298,37,60,332.67
1250,101299,34,75,52.86
1251,101300,23,83,692.76
1252,101300,10,111,722.19
1253,101300,24,121,633.85
1254,101301,16,64,9.18
1255,101301,82,27,6.07
1256,101301,86,123,17.77
1257,101303,49,44,37.47
1258,101303,20,138,69.94
1259,101304,59,51,65.02
1260,101307,76,76,110.17
1261,101309,52,115,162.1
1262,101309,61,195,751.55
1263,101310,6,39,435.29
1264,101315,53,70,309.07
1265,101317,26,30,783.71
1266,101317,21,138,170.97
1267,101317,69,32,533.71
1268,101317,38,63,934.95
1269,101318,53,147,309.07
1270,101320,82,194,6.07
1271,101322,92,110,378.88
1272,101323,95,90,4.25
1273,101324,64,58,142.05
1274,101326,75,178,789.26
1275,101327,67,147,362.92
1276,101329,92,35,378.88
1277,101330,96,118,14.21
1278,101331,51,184,507.44
1279,101331,23,154,692.76
1280,101332,13,117,16.32
1281,101333,37,159,332.67
1282,101336,54,164,417.71
1283,101337,64,89,142.05
1284,101338,9,101,124.95
1285,101339,11,34,396.45
1286,101339,79,140,106.52
1287,101339,29,155,129.9
1288,101340,95,60,4.25
1289,101341,36,188,145.13
1290,101342,38,34,934.95
1291,101342,69,76,533.71
1292,101343,97,64,23.16
1293,101344,52,101,162.1
1294,101344,66,198,182.1
1295,101345,56,200,68.78
1296,101349,25,164,28.08
1297,101350,25,158,28.08
1298,101351,34,145,52.86
1299,101353,54,34,417.71
1300,101354,70,76,867.81
1301,101356,25,20,28.08
1302,101357,79,53,106.52
1303,101357,11,107,396.45
1304,101358,6,35,435.29
1305,101360,47,170,45.79
1306,101361,59,154,65.02
1307,101362,5,170,850.25
1308,101362,50,45,397.54
1309,101362,62,106,291.34
1310,101363,24,131,633.85
1311,101363,23,183,692.76
1312,101363,10,144,722.19
1313,101364,67,163,362.92
1314,101367,95,190,4.25
1315,101368,84,196,867.74
1316,101368,50,95,397.54
1317,101369,100,20,284.53
1318,101371,25,66,28.08
1319,101372,82,147,6.07
1320,101372,16,56,9.18
1321,101372,86,104,17.77
1322,101373,27,108,142.09
1323,101376,41,191,2.47
1324,101376,74,183,6.44
1325,101377,68,197,613.29
1326,101377,73,37,663.29
1327,101377,2,109,591.86
1328,101377,14,85,94.42
1329,101377,88,47,342.14
1330,101377,99,20,826.58
1331,101378,29,132,129.9
1332,101379,63,125,4.77
1333,101382,42,109,162.68
1334,101386,21,135,170.97
1335,101386,26,38,783.71
1336,101386,69,28,533.71
1337,101386,38,95,934.95
1338,101387,96,86,14.21
1339,101388,28,107,818.18
1340,101391,58,39,157.66
1341,101391,55,160,908.54
1342,101392,62,172,291.34
1343,101393,13,130,16.32
1344,101394,89,60,96.85
1345,101395,33,104,91.48
1346,101397,12,124,518.6
1347,101398,92,96,378.88
1348,101402,59,32,65.02
1349,101405,89,33,96.85
1350,101405,59,112,65.02
1351,101407,63,42,4.77
1352,101408,100,71,284.53
1353,101409,56,72,68.78
1354,101410,35,40,305.47
1355,101412,5,145,850.25
1356,101412,50,189,397.54
1357,101412,62,87,291.34
1358,101412,84,43,867.74
1359,101414,64,114,142.05
1360,101416,47,67,45.79
1361,101417,59,132,65.02
1362,101417,89,139,96.85
1363,101418,56,88,68.78
1364,101419,8,158,127.97
1365,101419,15,125,563.65
1366,101419,87,170,275.47
1367,101419,40,78,148.0
1368,101419,78,161,741.5
1369,101424,92,153,378.88
1370,101426,79,166,106.52
1371,101426,29,80,129.9
1372,101427,64,40,142.05
1373,101430,79,148,106.52
1374,101430,11,166,396.45
1375,101433,79,134,106.52
1376,101433,11,64,396.45
1377,101433,29,62,129.9
1378,101434,33,52,91.48
1379,101435,92,40,378.88
1380,101436,100,180,284.53
1381,101439,91,101,1.8
1382,101442,16,162,9.18
1383,101442,86,121,17.77
1384,101442,82,161,6.07
1385,101443,18,23,1077.07
1386,101443,78,199,741.5
1387,101443,40,179,148.0
1388,101444,59,58,65.02
1389,101444,89,57,96.85
1390,101446,92,164,378.88
1391,101448,72,157,65.67
1392,101450,90,87,2.91
1393,101451,37,166,332.67
1394,101454,92,64,378.88
1395,101455,92,56,378.88
1396,101457,98,121,2.34
1397,101459,95,32,4.25
1398,101460,37,115,332.67
1399,101462,18,97,1077.07
1400,101463,95,145,4.25
1401,101464,67,54,362.92
1402,101465,46,102,839.98
1403,101465,39,88,712.6
1404,101468,47,68,45.79
1405,101469,12,144,518.6
1406,101469,30,152,772.01
1407,101470,20,36,69.94
1408,101470,49,99,37.47
1409,101471,25,154,28.08
1410,101472,44,69,133.2
1411,101473,4,28,564.42
1412,101473,55,136,908.54
1413,101474,53,200,309.07
1414,101475,25,114,28.08
1415,101476,76,182,110.17
1416,101477,83,27,893.29
1417,101478,97,145,23.16
1418,101480,56,141,68.78
1419,101483,9,61,124.95
1420,101484,37,92,332.67
1421,101488,28,32,818.18
1422,101490,92,76,378.88
1423,101493,97,88,23.16
1424,101494,27,194,142.09
1425,101495,39,53,712.6
1426,101496,13,77,16.32
1427,101498,54,184,417.71
1428,101502,22,116,1.94
1429,101504,28,84,818.18
1430,101509,100,97,284.53
1431,101510,44,21,133.2
1432,101511,24,36,633.85
1433,101511,77,106,583.89
1434,101511,23,90,692.76
1435,101511,10,183,722.19
1436,101511,51,103,507.44
1437,101512,67,187,362.92
1438,101513,46,58,839.98
1439,101513,39,152,712.6
1440,101513,17,81,345.78
1441,101514,78,123,741.5
1442,101515,71,26,4.28
1443,101516,71,86,4.28
1444,101517,63,119,4.77
1445,101518,26,107,783.71
1446,101519,76,191,110.17
1447,101520,74,188,6.44
1448,101520,41,162,2.47
1449,101521,25,44,28.08
1450,101522,3,194,950.61
1451,101522,19,105,1037.42
1452,101522,85,187,297.07
1453,101522,1,42,172.86
1454,101523,45,77,94.49
1455,101524,76,104,110.17
1456,101525,68,138,613.29
1457,101525,88,50,342.14
1458,101525,99,140,826.58
1459,101527,76,140,110.17
1460,101529,97,194,23.16
1461,101530,67,125,362.92
1462,101531,96,55,14.21
1463,101532,24,165,633.85
1464,101532,51,137,507.44
1465,101537,82,66,6.07
1466,101540,35,105,305.47
1467,101541,11,21,396.45
1468,101541,29,135,129.9
1469,101541,79,90,106.52
1470,101543,17,167,345.78
1471,101544,53,42,309.07
1472,101545,77,182,583.89
1473,101545,51,129,507.44
1474,101548,13,142,16.32
1475,101550,96,29,14.21
1476,101551,47,23,45.79
1477,101552,79,24,106.52
1478,101552,11,193,396.45
1479,101554,96,77,14.21
1480,101555,30,46,772.01
1481,101555,65,118,519.68
1482,101555,12,148,518.6
1483,101557,9,36,124.95
1484,101558,56,94,68.78
1485,101559,13,131,16.32
1486,101561,96,145,14.21
1487,101562,11,123,396.45
1488,101562,79,24,106.52
1489,101564,64,53,142.05
1490,101565,27,170,142.09
1491,101566,17,186,345.78
1492,101566,46,29,839.98
1493,101566,39,116,712.6
1494,101567,90,172,2.91
1495,101568,5,187,850.25
1496,101569,42,196,162.68
1497,101571,45,133,94.49
1498,101572,97,160,23.16
1499,101574,97,199,23.16
1500,101575,64,197,142.05
1501,101576,34,127,52.86
1502,101578,92,179,378.88
1503,101579,35,46,305.47
1504,101580,87,47,275.47
1505,101580,78,147,741.5
1506,101580,8,70,127.97
1507,101580,15,175,563.65
1508,101580,40,71,148.0
1509,101581,98,111,2.34
1510,101582,64,61,142.05
1511,101584,77,147,583.89
1512,101585,64,104,142.05
1513,101586,37,23,332.67
1514,101587,25,166,28.08
1515,101590,59,150,65.02
1516,101590,89,39,96.85
1517,101591,67,184,362.92
1518,101592,27,95,142.09
1519,101593,35,32,305.47
1520,101595,20,30,69.94
1521,101597,71,193,4.28
1522,101599,47,49,45.79
1523,101600,63,22,4.77
1524,101602,52,43,162.1
1525,101602,83,115,893.29
1526,101602,93,107,899.74
1527,101602,60,66,191.4
1528,101602,66,49,182.1
1529,101602,61,122,751.55
1530,101602,43,122,767.23
1531,101603,89,196,96.85
1532,101603,59,142,65.02
1533,101604,28,48,818.18
1534,101605,13,60,16.32
1535,101608,95,171,4.25
1536,101609,89,176,96.85
1537,101609,59,117,65.02
1538,101610,88,143,342.14
1539,101610,2,144,591.86
1540,101610,14,48,94.42
1541,101611,39,36,712.6
1542,101611,17,86,345.78
1543,101614,5,191,850.25
1544,101614,62,106,291.34
1545,101614,84,152,867.74
1546,101615,96,189,14.21
1547,101616,44,108,133.2
1548,101617,22,162,1.94
1549,101618,37,184,332.67
1550,101619,37,146,332.67
1551,101622,63,145,4.77
1552,101623,67,104,362.92
1553,101624,9,149,124.95
1554,101625,56,123,68.78
1555,101629,52,147,162.1
1556,101629,43,134,767.23
1557,101629,61,100,751.55
1558,101629,66,50,182.1
1559,101629,60,147,191.4
1560,101629,93,187,899.74
1561,101629,83,24,893.29
1562,101630,48,125,299.24
1563,101632,90,43,2.91
1564,101634,59,107,65.02
1565,101634,89,113,96.85
1566,101635,26,136,783.71
1567,101636,95,188,4.25
1568,101639,81,44,73.16
1569,101639,33,188,91.48
1570,101641,4,110,564.42
1571,101641,57,182,484.53
1572,101642,27,199,142.09
1573,101643,8,62,127.97
1574,101644,23,176,692.76
1575,101644,51,70,507.44
1576,101644,10,68,722.19
1577,101644,77,50,583.89
1578,101645,47,137,45.79
1579,101646,46,106,839.98
1580,101647,56,31,68.78
1581,101649,42,137,162.68
1582,101650,96,21,14.21
1583,101653,83,143,893.29
1584,101653,43,150,767.23
1585,101653,66,65,182.1
1586,101653,61,197,751.55
1587,101653,60,168,191.4
1588,101654,22,46,1.94
1589,101655,9,149,124.95
1590,101656,96,175,14.21
1591,101657,95,121,4.25
1592,101658,9,135,124.95
1593,101659,98,125,2.34
1594,101661,6,161,435.29
1595,101662,98,73,2.34
1596,101664,47,192,45.79
1597,101669,55,49,908.54
1598,101669,57,110,484.53
1599,101670,95,192,4.25
1600,101671,71,23,4.28
1601,101672,13,117,16.32
1602,101677,53,191,309.07
1603,101680,22,88,1.94
1604,101681,56,194,68.78
1605,101683,47,35,45.79
1606,101684,98,158,2.34
1607,101685,76,135,110.17
1608,101687,33,185,91.48
1609,101688,92,150,378.88
1610,101689,25,117,28.08
1611,101690,44,195,133.2
1612,101691,1,71,172.86
1613,101691,85,178,297.07
1614,101691,3,133,950.61
1615,101692,92,170,378.88
1616,101693,3,134,950.61
1617,101693,85,65,297.07
1618,101694,97,64,23.16
1619,101695,67,30,362.92
1620,101697,67,162,362.92
1621,101698,53,61,309.07
1622,101700,35,104,305.47
1623,101701,49,30,37.47
1624,101701,20,59,69.94
1625,101702,100,180,284.53
1626,101703,94,38,54.12
1627,101703,32,101,65.53
1628,101704,41,153,2.47
1629,101705,80,60,55.19
1630,101706,100,43,284.53
1631,101709,95,74,4.25
1632,101710,67,112,362.92
1633,101711,96,178,14.21
1634,101712,82,191,6.07
1635,101712,16,108,9.18
1636,101712,86,134,17.77
1637,101715,64,30,142.05
1638,101717,97,49,23.16
1639,101720,91,158,1.8
1640,101722,1,151,172.86
1641,101722,19,150,1037.42
1642,101722,3,134,950.61
1643,101725,16,186,9.18
1644,101725,82,69,6.07
1645,101727,71,44,4.28
1646,101728,67,180,362.92
1647,101729,16,191,9.18
1648,101731,36,72,145.13
1649,101731,72,157,65.67
1650,101731,80,199,55.19
1651,101732,97,195,23.16
1652,101734,8,104,127.97
1653,101734,40,29,148.0
1654,101735,90,33,2.91
1655,101736,27,162,142.09
1656,101737,25,86,28.08
1657,101738,84,100,867.74
1658,101738,50,24,397.54
1659,101738,62,119,291.34
1660,101738,5,192,850.25
1661,101739,95,184,4.25
1662,101740,98,199,2.34
1663,101741,95,148,4.25
1664,101742,31,195,59.29
1665,101743,71,92,4.28
1666,101744,67,121,362.92
1667,101745,90,60,2.91
1668,101746,97,120,23.16
1669,101748,53,96,309.07
1670,101750,35,161,305.47
1671,101751,98,30,2.34
1672,101755,54,157,417.71
1673,101756,63,73,4.77
1674,101759,97,125,23.16
1675,101761,23,69,692.76
1676,101761,77,49,583.89
1677,101761,10,66,722.19
1678,101761,24,191,633.85
1679,101761,51,165,507.44
1680,101763,91,185,1.8
1681,101765,96,191,14.21
1682,101766,22,45,1.94
1683,101767,63,104,4.77
1684,101768,44,191,133.2
1685,101769,31,92,59.29
1686,101770,6,101,435.29
1687,101773,61,197,751.55
1688,101773,60,169,191.4
1689,101773,66,59,182.1
1690,101773,83,164,893.29
1691,101774,97,129,23.16
1692,101777,2,83,591.86
1693,101777,68,76,613.29
1694,101779,70,112,867.81
1695,101779,48,54,299.24
1696,101779,7,193,148.67
1697,101780,81,134,73.16
1698,101780,33,111,91.48
1699,101782,90,161,2.91
1700,101784,32,185,65.53
1701,101785,67,55,362.92
1702,101788,76,180,110.17
1703,101789,71,24,4.28
1704,101790,63,171,4.77
1705,101791,98,161,2.34
1706,101792,79,187,106.52
1707,101792,29,58,129.9
1708,101793,100,77,284.53
1709,101795,70,138,867.81
1710,101795,48,148,299.24
1711,101795,7,150,148.67
1712,101796,73,113,663.29
1713,101797,100,177,284.53
1714,101798,50,60,397.54
1715,101798,84,65,867.74
1716,101803,90,111,2.91
1717,101807,95,144,4.25
1718,101808,36,87,145.13
1719,101810,13,30,16.32
1720,101813,77,119,583.89
1721,101813,24,140,633.85
1722,101815,28,30,818.18
1723,101816,29,87,129.9
1724,101816,11,168,396.45
1725,101816,79,159,106.52
1726,101818,31,187,59.29
1727,101819,62,116,291.34
1728,101819,84,77,867.74
1729,101819,5,152,850.25
1730,101819,50,123,397.54
1731,101824,44,144,133.2
1732,101826,53,148,309.07
1733,101827,61,78,751.55
1734,101827,52,39,162.1
1735,101829,70,58,867.81
1736,101829,48,67,299.24
1737,101829,7,60,148.67
1738,101830,34,189,52.86
1739,101832,48,104,299.24
1740,101833,44,192,133.2
1741,101837,81,171,73.16
1742,101837,33,61,91.48
1743,101838,45,31,94.49
1744,101838,20,52,69.94
1745,101838,49,166,37.47
1746,101840,15,34,563.65
1747,101840,87,62,275.47
1748,101840,8,86,127.97
1749,101840,18,66,1077.07
1750,101840,40,152,148.0
1751,101841,79,189,106.52
1752,101841,11,92,396.45
1753,101842,28,134,818.18
1754,101843,39,76,712.6
1755,101843,46,125,839.98
1756,101843,17,173,345.78
1757,101848,100,179,284.53
1758,101850,41,136,2.47
1759,101850,74,172,6.44
1760,101852,17,118,345.78
1761,101852,46,53,839.98
1762,101852,39,47,712.6
1763,101853,15,153,563.65
1764,101854,42,175,162.68
1765,101856,17,141,345.78
1766,101857,76,43,110.17
1767,101858,67,174,362.92
1768,101859,42,153,162.68
1769,101860,42,31,162.68
1770,101863,98,143,2.34
1771,101864,96,170,14.21
1772,101866,4,79,564.42
1773,101866,58,41,157.66
1774,101866,75,92,789.26
1775,101866,55,173,908.54
1776,101866,57,159,484.53
1777,101869,37,68,332.67
1778,101870,95,167,4.25
1779,101871,16,187,9.18
1780,101871,86,72,17.77
1781,101871,82,196,6.07
1782,101873,74,47,6.44
1783,101873,41,59,2.47
1784,101874,83,157,893.29
1785,101874,66,128,182.1
1786,101874,60,164,191.4
1787,101874,93,113,899.74
1788,101877,29,125,129.9
1789,101877,79,161,106.52
1790,101877,11,162,396.45
1791,101879,47,114,45.79
1792,101880,98,98,2.34
1793,101881,24,78,633.85
1794,101881,51,134,507.44
1795,101881,77,199,583.89
1796,101881,10,61,722.19
1797,101881,23,45,692.76
1798,101883,94,106,54.12
1799,101884,92,119,378.88
1800,101885,11,140,396.45
1801,101885,79,173,106.52
1802,101885,29,131,129.9
1803,101886,27,87,142.09
1804,101888,89,40,96.85
1805,101889,95,122,4.25
1806,101892,59,183,65.02
1807,101892,89,146,96.85
1808,101893,33,188,91.48
1809,101893,81,152,73.16
1810,101894,13,28,16.32
1811,101897,79,192,106.52
1812,101897,11,29,396.45
1813,101897,29,112,129.9
1814,101899,22,60,1.94
1815,101901,56,122,68.78
1816,101902,71,123,4.28
1817,101903,20,43,69.94
1818,101903,49,160,37.47
1819,101903,45,92,94.49
1820,101904,79,90,106.52
1821,101904,29,77,129.9
1822,101904,11,175,396.45
1823,101905,67,123,362.92
1824,101906,63,64,4.77
1825,101907,97,163,23.16
1826,101908,94,107,54.12
1827,101909,34,157,52.86
1828,101911,27,116,142.09
1829,101914,32,137,65.53
1830,101914,94,194,54.12
1831,101916,1,37,172.86
1832,101916,3,117,950.61
1833,101916,85,182,297.07
1834,101916,19,76,1037.42
1835,101917,31,125,59.29
1836,101918,97,199,23.16
1837,101919,33,43,91.48
1838,101919,81,122,73.16
1839,101920,10,100,722.19
1840,101920,23,110,692.76
1841,101920,51,75,507.44
1842,101922,34,194,52.86
1843,101923,85,71,297.07
1844,101923,19,80,1037.42
1845,101925,20,78,69.94
1846,101925,45,71,94.49
1847,101925,49,83,37.47
1848,101926,37,47,332.67
1849,101928,91,193,1.8
1850,101930,35,158,305.47
1851,101931,76,115,110.17
1852,101932,72,145,65.67
1853,101932,80,66,55.19
1854,101932,36,150,145.13
1855,101934,84,33,867.74
1856,101934,5,154,850.25
1857,101934,62,128,291.34
1858,101935,90,148,2.91
1859,101938,67,195,362.92
1860,101939,28,50,818.18
1861,101940,86,196,17.77
1862,101940,82,22,6.07
1863,101940,16,23,9.18
1864,101942,56,168,68.78
1865,101943,81,112,73.16
1866,101944,95,160,4.25
1867,101946,17,140,345.78
1868,101946,39,176,712.6
1869,101947,6,67,435.29
1870,101948,96,73,14.21
1871,101949,81,122,73.16
1872,101949,33,91,91.48
1873,101952,28,166,818.18
1874,101953,78,45,741.5
1875,101953,15,89,563.65
1876,101954,78,117,741.5
1877,101954,40,70,148.0
1878,101956,97,141,23.16
1879,101957,13,127,16.32
1880,101958,15,96,563.65
1881,101958,78,84,741.5
1882,101958,18,163,1077.07
1883,101958,87,165,275.47
1884,101959,35,45,305.47
1885,101961,98,75,2.34
1886,101962,98,181,2.34
1887,101963,47,105,45.79
1888,101964,42,112,162.68
1889,101965,46,25,839.98
1890,101965,39,125,712.6
1891,101965,17,51,345.78
1892,101967,47,167,45.79
1893,101969,71,110,4.28
1894,101970,70,134,867.81
1895,101970,48,40,299.24
1896,101972,49,138,37.47
1897,101972,45,181,94.49
1898,101973,92,183,378.88
1899,101976,63,181,4.77
1900,101978,6,40,435.29
1901,101980,62,100,291.34
1902,101980,5,101,850.25
1903,101982,53,174,309.07
1904,101986,45,112,94.49
1905,101986,49,170,37.47
1906,101986,20,153,69.94
1907,101988,53,62,309.07
1908,101989,2,80,591.86
1909,101989,14,189,94.42
1910,101990,99,62,826.58
1911,101990,2,121,591.86
1912,101990,14,46,94.42
1913,101992,53,141,309.07
1914,101994,76,121,110.17
1915,101995,56,87,68.78
1916,101997,47,187,45.79
1917,101998,68,92,613.29
1918,101998,14,133,94.42
1919,101998,88,180,342.14
1920,101998,99,52,826.58
1921,101999,53,27,309.07
1922,102000,25,103,28.08
1923,102003,92,158,378.88
1924,102005,37,54,332.67
1925,102007,37,181,332.67
1926,102008,98,108,2.34
1927,102012,27,42,142.09
1928,102016,81,125,73.16
1929,102016,33,86,91.48
1930,102018,53,22,309.07
1931,102024,32,108,65.53
1932,102027,97,156,23.16
1933,102028,58,142,157.66
1934,102029,71,130,4.28
1935,102031,67,21,362.92
1936,102032,97,125,23.16
1937,102035,13,83,16.32
1938,102036,79,185,106.52
1939,102040,69,128,533.71
1940,102040,21,180,170.97
1941,102040,26,81,783.71
1942,102040,38,152,934.95
1943,102041,37,186,332.67
1944,102043,80,68,55.19
1945,102043,72,37,65.67
1946,102043,36,66,145.13
1947,102045,62,183,291.34
1948,102045,5,136,850.25
1949,102049,96,199,14.21
1950,102051,39,24,712.6
1951,102051,17,58,345.78
1952,102051,46,32,839.98
1953,102053,17,92,345.78
1954,102053,46,88,839.98
1955,102053,39,52,712.6
1956,102056,37,79,332.67
1957,102057,35,23,305.47
1958,102062,27,107,142.09
1959,102066,82,115,6.07
1960,102066,86,138,17.77
1961,102067,16,57,9.18
1962,102067,82,34,6.07
1963,102067,86,88,17.77
1964,102069,59,66,65.02
1965,102069,89,69,96.85
1966,102070,22,23,1.94
1967,102071,91,118,1.8
1968,102073,64,28,142.05
1969,102075,39,44,712.6
1970,102077,70,119,867.81
1971,102077,7,194,148.67
1972,102077,48,99,299.24
1973,102078,35,181,305.47
1974,102079,95,84,4.25
1975,102080,81,112,73.16
1976,102080,33,33,91.48
1977,102082,92,80,378.88
1978,102083,97,23,23.16
1979,102084,34,169,52.86
1980,102085,27,82,142.09
1981,102086,25,168,28.08
1982,102088,9,115,124.95
1983,102089,25,60,28.08
1984,102090,4,35,564.42
1985,102090,57,111,484.53
1986,102090,58,185,157.66
1987,102090,75,59,789.26
1988,102091,54,144,417.71
1989,102093,19,185,1037.42
1990,102093,85,108,297.07
1991,102096,71,25,4.28
1992,102098,25,54,28.08
1993,102099,41,200,2.47
1994,102099,74,132,6.44
1995,102100,85,159,297.07
1996,102100,1,109,172.86
1997,102100,19,102,1037.42
1998,102101,94,37,54.12
1999,102101,32,155,65.53
2000,102102,69,87,533.71
2001,102102,26,158,783.71
2002,102103,25,20,28.08
2003,102106,3,102,950.61
2004,102106,1,36,172.86
2005,102106,85,188,297.07
2006,102106,19,157,1037.42
2007,102108,36,161,145.13
2008,102108,72,59,65.67
2009,102112,39,184,712.6
2010,102112,46,102,839.98
2011,102112,17,48,345.78
2012,102115,88,188,342.14
2013,102116,98,53,2.34
2014,102117,25,71,28.08
2015,102118,94,69,54.12
2016,102121,1,166,172.86
2017,102124,53,154,309.07
2018,102125,28,113,818.18
2019,102126,44,23,133.2
2020,102127,97,40,23.16
2021,102128,22,112,1.94
2022,102129,86,34,17.77
2023,102129,82,177,6.07
2024,102129,16,88,9.18
2025,102130,28,97,818.18
2026,102132,23,152,692.76
2027,102133,7,79,148.67
2028,102134,32,154,65.53
2029,102134,94,188,54.12
2030,102139,35,162,305.47
2031,102148,13,183,16.32
2032,102149,9,199,124.95
2033,102150,25,62,28.08
2034,102153,74,149,6.44
2035,102154,32,110,65.53
2036,102154,94,100,54.12
2037,102155,92,125,378.88
2038,102156,42,175,162.68
2039,102157,32,116,65.53
2040,102158,42,135,162.68
2041,102159,67,20,362.92
2042,102160,35,172,305.47
2043,102161,97,97,23.16
2044,102162,19,76,1037.42
2045,102165,92,25,378.88
2046,102168,39,29,712.6
2047,102168,17,137,345.78
2048,102168,46,111,839.98
2049,102169,17,87,345.78
2050,102171,78,85,741.5
2051,102171,15,96,563.65
2052,102171,87,43,275.47
2053,102172,58,143,157.66
2054,102172,55,64,908.54
2055,102172,57,144,484.53
2056,102172,4,196,564.42
2057,102172,75,199,789.26
2058,102173,6,29,435.29
2059,102175,9,34,124.95
2060,102176,6,131,435.29
2061,102177,35,78,305.47
2062,102179,10,101,722.19
2063,102179,51,158,507.44
2064,102179,77,164,583.89
2065,102179,23,58,692.76
2066,102179,24,103,633.85
2067,102182,92,32,378.88
2068,102183,49,172,37.47
2069,102183,45,167,94.49
2070,102183,20,149,69.94
2071,102186,90,130,2.91
2072,102188,90,57,2.91
2073,102190,9,41,124.95
2074,102191,96,160,14.21
2075,102192,94,122,54.12
2076,102192,32,148,65.53
2077,102193,80,54,55.19
2078,102193,36,143,145.13
2079,102194,71,121,4.28
2080,102196,46,82,839.98
2081,102196,17,38,345.78
2082,102196,39,88,712.6
2083,102197,82,48,6.07
2084,102197,16,191,9.18
2085,102198,71,113,4.28
2086,102199,56,102,68.78
2087,102201,28,98,818.18
2088,102202,98,177,2.34
2089,102204,27,132,142.09
2090,102205,36,71,145.13
2091,102206,60,82,191.4
2092,102206,52,178,162.1
2093,102206,43,57,767.23
2094,102206,66,93,182.1
2095,102206,93,23,899.74
2096,102206,61,107,751.55
2097,102207,37,135,332.67
2098,102209,71,104,4.28
2099,102210,22,72,1.94
2100,102212,75,197,789.26
2101,102212,57,198,484.53
2102,102212,58,191,157.66
2103,102212,55,24,908.54
2104,102212,4,116,564.42
2105,102213,91,63,1.8
2106,102216,31,71,59.29
2107,102218,76,139,110.17
2108,102219,27,119,142.09
2109,102220,37,47,332.67
2110,102222,89,186,96.85
2111,102223,67,117,362.92
2112,102225,86,144,17.77
2113,102225,16,172,9.18
2114,102225,82,156,6.07
2115,102226,37,70,332.67
2116,102228,35,30,305.47
2117,102232,56,105,68.78
2118,102233,71,60,4.28
2119,102234,37,195,332.67
2120,102235,53,180,309.07
2121,102236,55,180,908.54
2122,102236,57,85,484.53
2123,102236,4,119,564.42
2124,102237,43,188,767.23
2125,102237,66,55,182.1
2126,102237,60,42,191.4
2127,102237,52,117,162.1
2128,102237,93,153,899.74
2129,102237,61,193,751.55
2130,102237,83,176,893.29
2131,102240,42,81,162.68
2132,102241,96,99,14.21
2133,102243,39,72,712.6
2134,102243,46,187,839.98
2135,102243,17,55,345.78
2136,102244,65,99,519.68
2137,102244,12,196,518.6
2138,102244,30,200,772.01
2139,102246,94,57,54.12
2140,102248,37,37,332.67
2141,102249,76,101,110.17
2142,102250,70,27,867.81
2143,102252,28,125,818.18
2144,102253,69,58,533.71
2145,102253,38,68,934.95
2146,102253,26,47,783.71
2147,102254,28,26,818.18
2148,102256,97,172,23.16
2149,102259,33,195,91.48
2150,102261,31,40,59.29
2151,102263,31,148,59.29
2152,102265,34,67,52.86
2153,102267,56,141,68.78
2154,102268,15,77,563.65
2155,102268,87,28,275.47
2156,102270,12,125,518.6
2157,102270,30,76,772.01
2158,102271,87,177,275.47
2159,102271,15,145,563.65
2160,102271,78,196,741.5
2161,102271,8,103,127.97
2162,102271,18,137,1077.07
2163,102271,40,83,148.0
2164,102273,28,30,818.18
2165,102275,81,176,73.16
2166,102275,33,166,91.48
2167,102276,91,135,1.8
2168,102279,13,82,16.32
2169,102280,31,162,59.29
2170,102281,86,68,17.77
2171,102281,16,94,9.18
2172,102282,9,97,124.95
2173,102286,97,62,23.16
2174,102287,9,176,124.95
2175,102290,65,152,519.68
2176,102292,61,135,751.55
2177,102292,83,43,893.29
2178,102295,90,169,2.91
2179,102296,55,26,908.54
2180,102296,58,65,157.66
2181,102296,75,136,789.26
2182,102296,57,171,484.53
2183,102296,4,71,564.42
2184,102297,90,84,2.91
2185,102298,86,51,17.77
2186,102298,16,43,9.18
2187,102299,47,182,45.79
2188,102300,76,154,110.17
2189,102301,54,116,417.71
2190,102302,1,61,172.86
2191,102302,85,57,297.07
2192,102302,3,65,950.61
2193,102302,19,33,1037.42
2194,102305,39,134,712.6
2195,102305,46,93,839.98
2196,102306,11,71,396.45
2197,102306,79,20,106.52
2198,102306,29,179,129.9
2199,102307,54,137,417.71
2200,102309,73,146,663.29
2201,102309,88,80,342.14
2202,102309,2,75,591.86
2203,102309,68,170,613.29
2204,102310,34,124,52.86
2205,102311,97,173,23.16
2206,102312,34,160,52.86
2207,102313,44,32,133.2
2208,102315,98,34,2.34
2209,102316,13,57,16.32
2210,102317,76,104,110.17
2211,102318,97,47,23.16
2212,102319,23,176,692.76
2213,102319,77,189,583.89
2214,102319,24,197,633.85
2215,102319,51,199,507.44
2216,102321,74,168,6.44
2217,102323,12,96,518.6
2218,102323,65,102,519.68
2219,102324,74,129,6.44
2220,102324,41,160,2.47
2221,102326,97,140,23.16
2222,102328,13,197,16.32
2223,102329,18,154,1077.07
2224,102329,78,73,741.5
2225,102329,40,198,148.0
2226,102330,5,166,850.25
2227,102330,84,181,867.74
2228,102332,20,129,69.94
2229,102332,45,175,94.49
2230,102332,49,101,37.47
2231,102334,97,53,23.16
2232,102335,25,146,28.08
2233,102337,35,94,305.47
2234,102338,76,50,110.17
2235,102339,56,180,68.78
2236,102341,27,177,142.09
2237,102342,85,163,297.07
2238,102342,1,183,172.86
2239,102342,3,74,950.61
2240,102342,19,22,1037.42
2241,102343,95,85,4.25
2242,102344,28,96,818.18
2243,102345,27,49,142.09
2244,102346,19,64,1037.42
2245,102346,3,69,950.61
2246,102346,1,104,172.86
2247,102347,9,141,124.95
2248,102348,95,143,4.25
2249,102349,42,157,162.68
2250,102350,22,125,1.94
2251,102352,17,162,345.78
2252,102352,39,157,712.6
2253,102352,46,24,839.98
2254,102353,38,36,934.95
2255,102353,26,58,783.71
2256,102354,13,106,16.32
2257,102355,92,166,378.88
2258,102359,63,172,4.77
2259,102360,38,200,934.95
2260,102361,31,89,59.29
2261,102362,11,80,396.45
2262,102362,29,115,129.9
2263,102365,94,154,54.12
2264,102365,32,97,65.53
2265,102366,25,115,28.08
2266,102371,59,43,65.02
2267,102372,100,143,284.53
2268,102373,100,107,284.53
2269,102375,13,103,16.32
2270,102377,95,152,4.25
2271,102381,52,21,162.1
2272,102381,93,99,899.74
2273,102381,43,31,767.23
2274,102381,61,195,751.55
2275,102381,83,172,893.29
2276,102381,66,42,182.1
2277,102382,76,31,110.17
2278,102385,34,25,52.86
2279,102386,27,102,142.09
2280,102387,7,93,148.67
2281,102389,47,132,45.79
2282,102390,42,58,162.68
2283,102392,74,49,6.44
2284,102393,33,72,91.48
2285,102394,45,56,94.49
2286,102394,49,200,37.47
2287,102394,20,92,69.94
2288,102396,56,38,68.78
2289,102397,13,158,16.32
2290,102398,37,53,332.67
2291,102399,39,192,712.6
2292,102400,44,118,133.2
2293,102402,16,129,9.18
2294,102404,56,200,68.78
2295,102407,97,99,23.16
2296,102409,76,191,110.17
2297,102410,96,165,14.21
2298,102412,97,198,23.16
2299,102413,53,136,309.07
2300,102414,97,140,23.16
2301,102415,64,56,142.05
2302,102417,9,120,124.95
2303,102420,71,103,4.28
2304,102421,39,36,712.6
2305,102421,17,141,345.78
2306,102422,60,142,191.4
2307,102423,31,92,59.29
2308,102424,56,150,68.78
2309,102427,58,47,157.66
2310,102428,49,97,37.47
2311,102428,20,156,69.94
2312,102429,29,81,129.9
2313,102429,79,178,106.52
2314,102430,9,143,124.95
2315,102431,2,171,591.86
2316,102431,68,130,613.29
2317,102431,14,131,94.42
2318,102431,88,165,342.14
2319,102432,41,189,2.47
2320,102432,74,191,6.44
2321,102434,53,49,309.07
2322,102435,81,133,73.16
2323,102435,33,65,91.48
2324,102436,54,37,417.71
2325,102437,8,185,127.97
2326,102437,78,189,741.5
2327,102437,40,35,148.0
2328,102437,15,43,563.65
2329,102437,18,75,1077.07
2330,102438,88,57,342.14
2331,102438,2,189,591.86
2332,102440,67,156,362.92
2333,102441,13,177,16.32
2334,102445,28,72,818.18
2335,102447,67,165,362.92
2336,102448,83,52,893.29
2337,102448,60,95,191.4
2338,102448,61,35,751.55
2339,102448,93,114,899.74
2340,102448,43,160,767.23
2341,102448,66,33,182.1
2342,102448,52,20,162.1
2343,102449,97,92,23.16
2344,102451,54,130,417.71
2345,102453,100,117,284.53
2346,102458,61,189,751.55
2347,102458,93,64,899.74
2348,102458,66,141,182.1
2349,102458,52,55,162.1
2350,102461,85,126,297.07
2351,102461,3,59,950.61
2352,102463,91,54,1.8
2353,102467,92,185,378.88
2354,102468,15,144,563.65
2355,102470,91,41,1.8
2356,102471,94,136,54.12
2357,102472,67,136,362.92
2358,102473,98,118,2.34
2359,102474,6,67,435.29
2360,102480,49,167,37.47
2361,102480,20,147,69.94
2362,102482,64,125,142.05
2363,102484,77,200,583.89
2364,102484,24,114,633.85
2365,102484,10,48,722.19
2366,102484,51,168,507.44
2367,102484,23,143,692.76
2368,102486,23,154,692.76
2369,102487,9,152,124.95
2370,102488,80,176,55.19
2371,102493,52,140,162.1
2372,102494,56,176,68.78
2373,102498,27,156,142.09
2374,102499,81,136,73.16
2375,102500,56,127,68.78
2376,102501,44,94,133.2
2377,102502,42,197,162.68
2378,102503,79,35,106.52
2379,102503,29,181,129.9
2380,102503,11,141,396.45
2381,102505,33,188,91.48
2382,102506,92,93,378.88
2383,102510,1,84,172.86
2384,102510,85,53,297.07
2385,102510,19,177,1037.42
2386,102510,3,91,950.61
2387,102512,30,48,772.01
2388,102512,12,174,518.6
2389,102517,34,188,52.86
2390,102519,57,144,484.53
2391,102519,55,66,908.54
2392,102519,58,155,157.66
2393,102519,4,28,564.42
2394,102521,12,172,518.6
2395,102521,65,59,519.68
2396,102522,98,118,2.34
2397,102523,37,183,332.67
2398,102524,35,167,305.47
2399,102525,37,184,332.67
2400,102528,95,33,4.25
2401,102529,82,122,6.07
2402,102530,45,156,94.49
2403,102530,49,79,37.47
2404,102531,97,141,23.16
2405,102534,12,23,518.6
2406,102534,30,93,772.01
2407,102535,82,155,6.07
2408,102535,86,194,17.77
2409,102537,17,156,345.78
2410,102538,64,176,142.05
2411,102540,62,45,291.34
2412,102540,50,85,397.54
2413,102540,84,187,867.74
2414,102541,95,192,4.25
2415,102542,9,153,124.95
2416,102543,70,100,867.81
2417,102543,7,160,148.67
2418,102544,59,37,65.02
2419,102548,37,45,332.67
2420,102551,97,109,23.16
2421,102552,63,84,4.77
2422,102553,91,26,1.8
2423,102556,90,172,2.91
2424,102558,59,50,65.02
2425,102559,13,116,16.32
2426,102564,100,198,284.53
2427,102565,72,95,65.67
2428,102567,9,183,124.95
2429,102568,47,129,45.79
2430,102569,25,61,28.08
2431,102570,72,35,65.67
2432,102572,9,105,124.95
2433,102573,25,87,28.08
2434,102576,39,37,712.6
2435,102577,92,176,378.88
2436,102578,6,185,435.29
2437,102579,90,56,2.91
2438,102581,37,177,332.67
2439,102585,92,86,378.88
2440,102588,100,38,284.53
2441,102591,35,134,305.47
2442,102593,84,58,867.74
2443,102594,35,190,305.47
2444,102598,71,58,4.28
2445,102599,39,151,712.6
2446,102599,46,145,839.98
2447,102599,17,142,345.78
2448,102604,76,37,110.17
2449,102605,95,118,4.25
2450,102606,91,165,1.8
2451,102607,27,194,142.09
2452,102609,25,34,28.08
2453,102613,38,156,934.95
2454,102614,44,137,133.2
2455,102615,64,65,142.05
2456,102616,42,189,162.68
2457,102617,94,198,54.12
2458,102618,67,181,362.92
2459,102620,94,181,54.12
2460,102620,32,132,65.53
2461,102622,52,145,162.1
2462,102622,93,119,899.74
2463,102622,43,36,767.23
2464,102622,83,158,893.29
2465,102622,66,184,182.1
2466,102622,60,98,191.4
2467,102624,53,24,309.07
2468,102625,45,34,94.49
2469,102626,65,123,519.68
2470,102626,12,50,518.6
2471,102627,70,190,867.81
2472,102629,31,168,59.29
2473,102630,44,29,133.2
2474,102631,28,187,818.18
2475,102632,27,178,142.09
2476,102633,44,199,133.2
2477,102634,4,181,564.42
2478,102634,55,32,908.54
2479,102635,93,176,899.74
2480,102635,43,63,767.23
2481,102635,61,171,751.55
2482,102636,10,49,722.19
2483,102638,91,36,1.8
2484,102639,63,106,4.77
2485,102641,53,50,309.07
2486,102642,64,74,142.05
2487,102643,53,105,309.07
2488,102644,42,90,162.68
2489,102646,54,63,417.71
2490,102647,33,82,91.48
2491,102647,81,168,73.16
2492,102649,28,45,818.18
2493,102650,32,144,65.53
2494,102650,94,40,54.12
2495,102651,7,65,148.67
2496,102652,87,186,275.47
2497,102653,72,197,65.67
2498,102653,80,52,55.19
2499,102653,36,72,145.13
2500,102654,54,153,417.71
2501,102655,90,81,2.91
2502,102656,33,172,91.48
2503,102657,80,147,55.19
2504,102658,4,162,564.42
2505,102658,57,80,484.53
2506,102658,55,69,908.54
2507,102658,58,50,157.66
2508,102658,75,155,789.26
2509,102659,97,158,23.16
2510,102660,37,180,332.67
2511,102661,28,33,818.18
2512,102662,37,58,332.67
2513,102663,74,60,6.44
2514,102663,41,191,2.47
2515,102664,22,185,1.94
2516,102665,62,84,291.34
2517,102665,5,105,850.25
2518,102665,50,177,397.54
2519,102667,44,46,133.2
2520,102668,47,60,45.79
2521,102669,47,151,45.79
2522,102671,59,80,65.02
2523,102672,28,127,818.18
2524,102675,81,78,73.16
2525,102676,25,78,28.08
2526,102677,100,125,284.53
2527,102679,13,76,16.32
2528,102680,22,169,1.94
2529,102682,92,131,378.88
2530,102683,20,176,69.94
2531,102687,56,119,68.78
2532,102689,41,69,2.47
2533,102689,74,181,6.44
2534,102690,38,52,934.95
2535,102690,21,28,170.97
2536,102690,26,197,783.71
2537,102691,91,54,1.8
2538,102697,48,137,299.24
2539,102698,42,107,162.68
2540,102699,35,174,305.47
2541,102700,87,63,275.47
2542,102700,78,167,741.5
2543,102701,53,125,309.07
2544,102702,53,171,309.07
2545,102704,45,23,94.49
2546,102704,49,129,37.47
2547,102705,17,131,345.78
2548,102705,46,168,839.98
2549,102705,39,76,712.6
2550,102706,25,126,28.08
2551,102707,33,140,91.48
2552,102708,70,155,867.81
2553,102708,7,120,148.67
2554,102708,48,142,299.24
2555,102709,91,146,1.8
2556,102710,96,162,14.21
2557,102711,9,75,124.95
2558,102712,6,95,435.29
2559,102713,71,24,4.28
2560,102715,94,200,54.12
2561,102715,32,137,65.53
2562,102716,77,200,583.89
2563,102716,10,123,722.19
2564,102716,23,67,692.76
2565,102716,24,114,633.85
2566,102716,51,180,507.44
2567,102717,41,118,2.47
2568,102717,74,196,6.44
2569,102718,92,95,378.88
2570,102719,53,198,309.07
2571,102720,33,178,91.48
2572,102721,42,151,162.68
2573,102723,59,118,65.02
2574,102723,89,113,96.85
2575,102724,97,113,23.16
2576,102725,26,163,783.71
2577,102725,38,72,934.95
2578,102725,21,55,170.97
2579,102728,36,186,145.13
2580,102728,80,142,55.19
2581,102733,78,148,741.5
2582,102733,15,194,563.65
2583,102733,87,128,275.47
2584,102733,40,90,148.0
2585,102733,18,33,1077.07
2586,102733,8,36,127.97
2587,102735,96,135,14.21
2588,102736,54,140,417.71
2589,102738,35,178,305.47
2590,102739,13,68,16.32
2591,102740,5,93,850.25
2592,102740,84,39,867.74
2593,102740,50,47,397.54
2594,102740,62,62,291.34
2595,102742,12,147,518.6
2596,102742,65,58,519.68
2597,102743,37,95,332.67
2598,102744,99,108,826.58
2599,102744,88,127,342.14
2600,102744,14,133,94.42
2601,102744,73,185,663.29
2602,102745,98,68,2.34
2603,102747,32,79,65.53
2604,102748,67,168,362.92
2605,102749,63,144,4.77
2606,102753,31,97,59.29
2607,102754,13,63,16.32
2608,102755,25,143,28.08
2609,102756,98,32,2.34
2610,102757,92,92,378.88
2611,102758,41,157,2.47
2612,102758,74,93,6.44
2613,102759,12,197,518.6
2614,102760,3,49,950.61
2615,102760,1,30,172.86
2616,102762,95,132,4.25
2617,102765,30,72,772.01
2618,102765,12,163,518.6
2619,102767,42,108,162.68
2620,102768,68,158,613.29
2621,102768,73,61,663.29
2622,102769,53,26,309.07
2623,102770,51,59,507.44
2624,102770,23,21,692.76
2625,102770,77,159,583.89
2626,102770,24,149,633.85
2627,102773,90,141,2.91
2628,102774,98,164,2.34
2629,102775,22,196,1.94
2630,102777,80,142,55.19
2631,102779,98,193,2.34
2632,102785,25,26,28.08
2633,102786,67,134,362.92
2634,102787,21,175,170.97
2635,102787,26,184,783.71
2636,102787,69,69,533.71
2637,102788,90,70,2.91
2638,102790,53,157,309.07
2639,102791,86,151,17.77
2640,102791,16,120,9.18
2641,102792,54,101,417.71
2642,102795,63,121,4.77
2643,102796,22,114,1.94
2644,102797,25,23,28.08
2645,102799,27,109,142.09
2646,102800,97,163,23.16
2647,102801,32,133,65.53
2648,102802,72,61,65.67
2649,102802,80,128,55.19
2650,102802,36,126,145.13
2651,102803,22,56,1.94
2652,102805,35,141,305.47
2653,102806,35,171,305.47
2654,102807,98,21,2.34
2655,102808,28,126,818.18
2656,102810,6,165,435.29
2657,102812,92,67,378.88
2658,102814,61,146,751.55
2659,102814,60,163,191.4
2660,102814,66,138,182.1
2661,102814,93,77,899.74
2662,102814,43,26,767.23
2663,102814,52,20,162.1
2664,102814,83,59,893.29
2665,102815,92,183,378.88
2666,102817,21,65,170.97
2667,102817,38,145,934.95
2668,102817,26,196,783.71
2669,102817,69,185,533.71
2670,102818,22,50,1.94
2671,102819,96,37,14.21
2672,102820,44,164,133.2
2673,102821,9,180,124.95
2674,102823,13,115,16.32
2675,102825,34,61,52.86
2676,102828,28,101,818.18
2677,102830,65,111,519.68
2678,102830,12,61,518.6
2679,102831,96,112,14.21
2680,102833,71,32,4.28
2681,102836,54,155,417.71
2682,102838,34,180,52.86
2683,102839,1,62,172.86
2684,102839,19,159,1037.42
2685,102840,6,195,435.29
2686,102841,24,156,633.85
2687,102841,77,168,583.89
2688,102841,10,110,722.19
2689,102847,67,55,362.92
2690,102849,45,125,94.49
2691,102849,49,107,37.47
2692,102849,20,61,69.94
2693,102851,91,59,1.8
2694,102855,13,163,16.32
2695,102856,25,137,28.08
2696,102859,56,53,68.78
2697,102860,13,109,16.32
2698,102861,57,172,484.53
2699,102861,55,153,908.54
2700,102861,58,107,157.66
2701,102863,74,27,6.44
2702,102864,23,52,692.76
2703,102865,55,52,908.54
2704,102865,57,73,484.53
2705,102866,2,196,591.86
2706,102866,73,48,663.29
2707,102870,11,143,396.45
2708,102872,91,70,1.8
2709,102873,67,188,362.92
2710,102876,47,50,45.79
2711,102877,97,36,23.16
2712,102878,98,44,2.34
2713,102879,47,170,45.79
2714,102880,92,191,378.88
2715,102881,12,57,518.6
2716,102881,65,91,519.68
2717,102882,27,61,142.09
2718,102883,42,45,162.68
2719,102885,33,69,91.48
2720,102886,20,45,69.94
2721,102886,49,74,37.47
2722,102889,58,192,157.66
2723,102889,57,47,484.53
2724,102889,75,66,789.26
2725,102889,4,110,564.42
2726,102889,55,117,908.54
2727,102890,90,151,2.91
2728,102891,40,100,148.0
2729,102891,8,51,127.97
2730,102892,90,153,2.91
2731,102894,69,200,533.71
2732,102894,26,93,783.71
2733,102896,92,103,378.88
2734,102898,7,92,148.67
2735,102898,48,136,299.24
2736,102899,54,77,417.71
2737,102903,74,68,6.44
2738,102903,41,37,2.47
2739,102904,54,65,417.71
2740,102905,56,192,68.78
2741,102909,64,132,142.05
2742,102910,6,56,435.29
2743,102914,25,197,28.08
2744,102916,17,113,345.78
2745,102916,46,70,839.98
2746,102916,39,106,712.6
2747,102917,89,51,96.85
2748,102918,82,147,6.07
2749,102919,42,184,162.68
2750,102922,60,144,191.4
2751,102922,61,150,751.55
2752,102922,66,91,182.1
2753,102922,83,57,893.29
2754,102925,31,51,59.29
2755,102927,74,79,6.44
2756,102927,41,180,2.47
2757,102928,53,45,309.07
2758,102929,96,147,14.21
2759,102930,27,117,142.09
2760,102933,71,97,4.28
2761,102935,97,189,23.16
2762,102937,100,71,284.53
2763,102938,69,158,533.71
2764,102938,26,107,783.71
2765,102938,38,158,934.95
2766,102939,97,130,23.16
2767,102941,54,135,417.71
2768,102942,63,133,4.77
2769,102943,47,28,45.79
2770,102944,76,200,110.17
2771,102946,30,130,772.01
2772,102947,25,119,28.08
2773,102948,13,165,16.32
2774,102949,61,149,751.55
2775,102949,83,34,893.29
2776,102949,66,120,182.1
2777,102949,93,87,899.74
2778,102949,52,146,162.1
2779,102949,43,171,767.23
2780,102952,64,92,142.05
2781,102953,71,27,4.28
2782,102954,59,113,65.02
2783,102955,13,180,16.32
2784,102957,89,129,96.85
2785,102957,59,108,65.02
2786,102958,35,109,305.47
2787,102961,33,83,91.48
2788,102963,47,171,45.79
2789,102964,9,98,124.95
2790,102965,25,63,28.08
2791,102968,44,29,133.2
2792,102970,74,88,6.44
2793,102970,41,25,2.47
2794,102971,71,101,4.28
2795,102976,34,102,52.86
2796,102979,100,45,284.53
2797,102980,24,148,633.85
2798,102980,51,190,507.44
2799,102982,64,177,142.05
2800,102983,45,71,94.49
2801,102983,49,147,37.47
2802,102988,13,93,16.32
2803,102989,44,96,133.2
2804,102992,25,179,28.08
2805,102993,34,171,52.86
2806,102994,96,37,14.21
2807,102999,69,186,533.71
2808,102999,21,97,170.97
2809,102999,26,149,783.71
2810,102999,38,96,934.95
2811,103000,76,71,110.17
2812,103001,74,179,6.44
2813,103001,41,151,2.47
2814,103003,27,24,142.09
2815,103004,76,74,110.17
2816,103005,91,183,1.8
2817,103006,95,153,4.25
2818,103007,98,138,2.34
2819,103009,14,195,94.42
2820,103009,99,96,826.58
2821,103010,61,88,751.55
2822,103010,93,93,899.74
2823,103010,60,185,191.4
2824,103010,43,61,767.23
2825,103010,66,85,182.1
2826,103010,83,195,893.29
2827,103010,52,173,162.1
2828,103011,28,81,818.18
2829,103014,67,69,362.92
2830,103015,97,99,23.16
2831,103016,9,163,124.95
2832,103017,76,185,110.17
2833,103019,95,60,4.25
2834,103020,35,27,305.47
2835,103021,25,188,28.08
2836,103022,6,144,435.29
2837,103023,2,41,591.86
2838,103024,100,36,284.53
2839,103025,68,55,613.29
2840,103025,2,80,591.86
2841,103025,73,48,663.29
2842,103025,99,166,826.58
2843,103026,46,147,839.98
2844,103026,17,43,345.78
2845,103026,39,80,712.6
2846,103027,90,104,2.91
2847,103030,47,128,45.79
2848,103031,37,47,332.67
2849,103032,96,90,14.21
2850,103038,92,85,378.88
2851,103040,74,156,6.44
2852,103041,31,101,59.29
2853,103042,27,194,142.09
2854,103043,94,57,54.12
2855,103044,28,114,818.18
2856,103045,71,185,4.28
2857,103047,25,196,28.08
2858,103048,54,161,417.71
2859,103049,60,156,191.4
2860,103049,83,80,893.29
2861,103049,93,133,899.74
2862,103049,43,119,767.23
2863,103051,100,85,284.53
2864,103052,91,80,1.8
2865,103053,11,132,396.45
2866,103053,79,181,106.52
2867,103055,22,28,1.94
2868,103056,32,140,65.53
2869,103056,94,125,54.12
2870,103059,9,45,124.95
2871,103060,67,149,362.92
2872,103061,44,127,133.2
2873,103064,99,33,826.58
2874,103064,88,184,342.14
2875,103064,68,184,613.29
2876,103064,14,67,94.42
2877,103064,2,181,591.86
2878,103065,91,20,1.8
2879,103066,23,48,692.76
2880,103066,24,60,633.85
2881,103066,77,83,583.89
2882,103066,10,152,722.19
2883,103067,80,101,55.19
2884,103067,36,135,145.13
2885,103067,72,142,65.67
2886,103068,53,64,309.07
2887,103071,57,114,484.53
2888,103071,75,66,789.26
2889,103071,4,120,564.42
2890,103071,58,116,157.66
2891,103071,55,166,908.54
2892,103073,8,162,127.97
2893,103073,87,185,275.47
2894,103074,59,138,65.02
2895,103075,82,199,6.07
2896,103076,12,122,518.6
2897,103077,56,58,68.78
2898,103078,45,63,94.49
2899,103079,28,154,818.18
2900,103080,56,192,68.78
2901,103081,34,77,52.86
2902,103082,95,88,4.25
2903,103083,34,117,52.86
2904,103084,100,72,284.53
2905,103086,52,124,162.1
2906,103086,60,57,191.4
2907,103086,93,27,899.74
2908,103086,61,94,751.55
2909,103086,43,87,767.23
2910,103088,86,135,17.77
2911,103090,29,169,129.9
2912,103093,79,22,106.52
2913,103093,29,140,129.9
2914,103093,11,54,396.45
2915,103094,95,195,4.25
2916,103096,97,128,23.16
2917,103098,35,44,305.47
2918,103100,6,105,435.29
2919,103104,31,110,59.29
2920,103105,92,84,378.88
2921,103106,42,121,162.68
2922,103108,28,163,818.18
2923,103109,90,86,2.91
2924,103110,64,106,142.05
2925,103113,31,42,59.29
2926,103116,46,56,839.98
2927,103116,39,86,712.6
2928,103118,42,31,162.68
2929,103119,37,91,332.67
2930,103120,85,176,297.07
2931,103120,3,87,950.61
2932,103120,19,152,1037.42
2933,103121,58,145,157.66
2934,103121,55,58,908.54
2935,103121,75,162,789.26
2936,103122,32,58,65.53
2937,103122,94,33,54.12
2938,103124,3,140,950.61
2939,103124,1,86,172.86
2940,103126,47,131,45.79
2941,103127,42,30,162.68
2942,103128,53,163,309.07
2943,103129,53,146,309.07
2944,103131,33,51,91.48
2945,103134,91,72,1.8
2946,103136,34,63,52.86
2947,103140,95,169,4.25
2948,103142,37,126,332.67
2949,103143,96,147,14.21
2950,103144,28,26,818.18
2951,103146,41,115,2.47
2952,103146,74,171,6.44
2953,103147,24,59,633.85
2954,103149,33,137,91.48
2955,103153,76,180,110.17
2956,103155,6,104,435.29
2957,103156,76,103,110.17
2958,103157,27,32,142.09
2959,103158,31,34,59.29
2960,103160,16,122,9.18
2961,103160,82,85,6.07
2962,103160,86,65,17.77
2963,103161,95,42,4.25
2964,103162,14,61,94.42
2965,103163,53,92,309.07
2966,103166,35,96,305.47
2967,103167,37,99,332.67
2968,103168,31,190,59.29
2969,103169,98,151,2.34
2970,103170,28,134,818.18
2971,103172,73,128,663.29
2972,103172,68,114,613.29
2973,103172,99,177,826.58
2974,103172,2,67,591.86
2975,103175,69,138,533.71
2976,103175,21,193,170.97
2977,103175,38,77,934.95
2978,103175,26,185,783.71
2979,103176,28,154,818.18
2980,103179,65,139,519.68
2981,103179,12,131,518.6
2982,103179,30,40,772.01
2983,103181,38,83,934.95
2984,103181,21,153,170.97
2985,103181,69,129,533.71
2986,103181,26,95,783.71
2987,103182,59,31,65.02
2988,103184,97,125,23.16
2989,103186,13,189,16.32
2990,103187,80,85,55.19
2991,103187,72,169,65.67
2992,103187,36,40,145.13
2993,103188,5,189,850.25
2994,103189,11,120,396.45
2995,103189,79,31,106.52
2996,103190,64,200,142.05
2997,103193,57,135,484.53
2998,103193,58,179,157.66
2999,103193,75,87,789.26
3000,103194,92,74,378.88
3001,103195,44,174,133.2
3002,103197,91,131,1.8
3003,103198,10,63,722.19
3004,103198,77,187,583.89
3005,103198,23,142,692.76
3006,103198,51,137,507.44
3007,103198,24,197,633.85
3008,103199,76,97,110.17
3009,103200,84,52,867.74
3010,103200,50,54,397.54
3011,103200,5,23,850.25
3012,103203,4,198,564.42
3013,103203,75,68,789.26
3014,103206,14,143,94.42
3015,103207,95,131,4.25
3016,103209,23,141,692.76
3017,103209,10,128,722.19
3018,103209,77,25,583.89
3019,103209,24,49,633.85
3020,103209,51,62,507.44
3021,103210,96,144,14.21
3022,103212,90,135,2.91
3023,103214,59,95,65.02
3024,103215,6,105,435.29
3025,103216,35,181,305.47
3026,103217,90,146,2.91
3027,103218,70,144,867.81
3028,103218,48,122,299.24
3029,103218,7,144,148.67
3030,103220,28,35,818.18
3031,103223,90,167,2.91
3032,103224,64,88,142.05
3033,103226,58,134,157.66
3034,103226,4,198,564.42
3035,103226,55,131,908.54
3036,103226,57,25,484.53
3037,103227,90,69,2.91
3038,103229,29,79,129.9
3039,103229,79,149,106.52
3040,103231,28,174,818.18
3041,103232,50,192,397.54
3042,103232,84,187,867.74
3043,103232,62,112,291.34
3044,103232,5,140,850.25
3045,103233,25,92,28.08
3046,103234,69,53,533.71
3047,103235,15,175,563.65
3048,103235,87,145,275.47
3049,103237,56,146,68.78
3050,103238,76,73,110.17
3051,103239,47,111,45.79
3052,103241,63,193,4.77
3053,103244,71,148,4.28
3054,103246,54,106,417.71
3055,103248,8,163,127.97
3056,103248,78,77,741.5
3057,103248,15,144,563.65
3058,103248,87,86,275.47
3059,103249,71,31,4.28
3060,103250,3,200,950.61
3061,103250,19,32,1037.42
3062,103250,1,132,172.86
3063,103251,28,47,818.18
3064,103254,28,149,818.18
3065,103256,95,181,4.25
3066,103257,32,112,65.53
3067,103259,6,133,435.29
3068,103260,72,185,65.67
3069,103260,36,113,145.13
3070,103260,80,105,55.19
3071,103261,53,71,309.07
3072,103266,53,21,309.07
3073,103267,95,107,4.25
3074,103268,86,41,17.77
3075,103268,16,88,9.18
3076,103269,67,112,362.92
3077,103270,83,129,893.29
3078,103270,52,125,162.1
3079,103270,93,124,899.74
3080,103270,61,137,751.55
3081,103270,43,152,767.23
3082,103270,60,194,191.4
3083,103271,54,133,417.71
3084,103272,95,152,4.25
3085,103275,10,106,722.19
3086,103277,91,62,1.8
3087,103278,20,29,69.94
3088,103278,45,189,94.49
3089,103279,76,181,110.17
3090,103281,53,122,309.07
3091,103282,46,108,839.98
3092,103282,39,22,712.6
3093,103282,17,91,345.78
3094,103284,49,134,37.47
3095,103284,20,184,69.94
3096,103284,45,72,94.49
3097,103285,9,186,124.95
3098,103287,92,97,378.88
3099,103288,96,157,14.21
3100,103291,45,153,94.49
3101,103291,20,158,69.94
3102,103292,28,43,818.18
3103,103293,81,25,73.16
3104,103293,33,27,91.48
3105,103298,13,97,16.32
3106,103299,40,86,148.0
3107,103299,78,180,741.5
3108,103299,8,149,127.97
3109,103299,18,110,1077.07
3110,103299,87,51,275.47
3111,103299,15,32,563.65
3112,103302,69,96,533.71
3113,103303,13,106,16.32
3114,103304,42,109,162.68
3115,103305,71,190,4.28
3116,103307,27,153,142.09
3117,103310,25,103,28.08
3118,103311,79,136,106.52
3119,103311,11,45,396.45
3120,103311,29,57,129.9
3121,103313,73,53,663.29
3122,103313,99,141,826.58
3123,103313,2,74,591.86
3124,103313,88,134,342.14
3125,103313,68,39,613.29
3126,103313,14,114,94.42
3127,103314,27,87,142.09
3128,103316,28,132,818.18
3129,103318,56,61,68.78
3130,103321,71,144,4.28
3131,103323,97,200,23.16
3132,103324,28,136,818.18
3133,103327,25,60,28.08
3134,103328,37,174,332.67
3135,103331,17,114,345.78
3136,103331,46,166,839.98
3137,103332,92,153,378.88
3138,103333,64,115,142.05
3139,103336,24,144,633.85
3140,103336,77,27,583.89
3141,103336,23,56,692.76
3142,103340,81,32,73.16
3143,103341,27,75,142.09
3144,103342,95,20,4.25
3145,103344,77,109,583.89
3146,103349,41,126,2.47
3147,103351,53,164,309.07
3148,103352,29,141,129.9
3149,103352,79,175,106.52
3150,103354,95,149,4.25
3151,103355,91,190,1.8
3152,103356,63,103,4.77
3153,103358,91,119,1.8
3154,103360,54,106,417.71
3155,103361,13,91,16.32
3156,103362,63,26,4.77
3157,103363,31,184,59.29
3158,103364,33,178,91.48
3159,103365,63,141,4.77
3160,103367,33,188,91.48
3161,103368,15,200,563.65
3162,103368,8,168,127.97
3163,103368,18,133,1077.07
3164,103368,78,41,741.5
3165,103368,40,156,148.0
3166,103369,35,170,305.47
3167,103371,71,25,4.28
3168,103372,82,126,6.07
3169,103372,16,26,9.18
3170,103374,92,85,378.88
3171,103375,5,45,850.25
3172,103376,89,56,96.85
3173,103377,74,42,6.44
3174,103380,82,124,6.07
3175,103381,15,96,563.65
3176,103381,8,119,127.97
3177,103381,18,45,1077.07
3178,103381,78,101,741.5
3179,103381,40,56,148.0
3180,103381,87,125,275.47
3181,103383,25,116,28.08
3182,103385,96,71,14.21
3183,103386,91,146,1.8
3184,103387,56,88,68.78
3185,103390,24,138,633.85
3186,103392,6,143,435.29
3187,103393,22,182,1.94
3188,103394,44,88,133.2
3189,103395,100,162,284.53
3190,103397,15,56,563.65
3191,103397,18,115,1077.07
3192,103397,40,158,148.0
3193,103397,87,63,275.47
3194,103397,8,82,127.97
3195,103397,78,157,741.5
3196,103398,67,30,362.92
3197,103400,58,178,157.66
3198,103402,23,143,692.76
3199,103402,10,89,722.19
3200,103402,51,173,507.44
3201,103403,96,109,14.21
3202,103404,28,31,818.18
3203,103405,54,96,417.71
3204,103406,72,198,65.67
3205,103407,63,162,4.77
3206,103412,35,73,305.47
3207,103414,74,135,6.44
3208,103414,41,89,2.47
3209,103415,54,107,417.71
3210,103418,30,173,772.01
3211,103421,53,197,309.07
3212,103422,64,175,142.05
3213,103423,41,192,2.47
3214,103423,74,64,6.44
3215,103424,63,120,4.77
3216,103426,32,157,65.53
3217,103427,47,192,45.79
3218,103428,72,116,65.67
3219,103430,27,65,142.09
3220,103431,42,138,162.68
3221,103432,28,133,818.18
3222,103436,98,25,2.34
3223,103439,74,43,6.44
3224,103439,41,177,2.47
3225,103441,72,146,65.67
3226,103441,36,112,145.13
3227,103441,80,29,55.19
3228,103444,6,200,435.29
3229,103446,80,70,55.19
3230,103446,36,183,145.13
3231,103446,72,121,65.67
3232,103447,29,165,129.9
3233,103448,76,161,110.17
3234,103449,99,192,826.58
3235,103449,88,194,342.14
3236,103450,46,170,839.98
3237,103450,17,52,345.78
3238,103450,39,36,712.6
3239,103451,63,165,4.77
3240,103453,98,69,2.34
3241,103454,12,20,518.6
3242,103454,30,129,772.01
3243,103454,65,184,519.68
3244,103456,6,130,435.29
3245,103457,22,51,1.94
3246,103459,84,32,867.74
3247,103459,50,91,397.54
3248,103459,5,127,850.25
3249,103459,62,156,291.34
3250,103460,89,120,96.85
3251,103460,59,69,65.02
3252,103462,98,166,2.34
3253,103464,80,77,55.19
3254,103466,95,83,4.25
3255,103471,23,99,692.76
3256,103471,24,36,633.85
3257,103473,35,142,305.47
3258,103475,12,84,518.6
3259,103475,30,83,772.01
3260,103478,48,81,299.24
3261,103479,92,105,378.88
3262,103483,54,173,417.71
3263,103487,41,168,2.47
3264,103487,74,51,6.44
3265,103488,6,28,435.29
3266,103489,91,197,1.8
3267,103490,15,35,563.65
3268,103491,7,176,148.67
3269,103491,48,180,299.24
3270,103492,8,33,127.97
3271,103492,87,95,275.47
3272,103492,78,117,741.5
3273,103492,18,122,1077.07
3274,103493,56,79,68.78
3275,103494,44,118,133.2
3276,103496,72,106,65.67
3277,103496,36,186,145.13
3278,103497,17,170,345.78
3279,103497,39,69,712.6
3280,103497,46,47,839.98
3281,103498,96,172,14.21
3282,103499,75,69,789.26
3283,103501,96,110,14.21
3284,103502,73,82,663.29
3285,103502,88,55,342.14
3286,103502,99,31,826.58
3287,103502,2,35,591.86
3288,103503,98,169,2.34
3289,103505,34,99,52.86
3290,103506,27,140,142.09
3291,103509,62,22,291.34
3292,103509,50,152,397.54
3293,103509,84,170,867.74
3294,103514,9,80,124.95
3295,103519,28,108,818.18
3296,103522,98,183,2.34
3297,103523,28,107,818.18
3298,103525,84,197,867.74
3299,103525,62,139,291.34
3300,103526,71,177,4.28
3301,103528,94,61,54.12
3302,103528,32,46,65.53
3303,103530,2,183,591.86
3304,103530,73,77,663.29
3305,103530,14,197,94.42
3306,103530,99,78,826.58
3307,103531,67,81,362.92
3308,103534,56,116,68.78
3309,103537,94,67,54.12
3310,103541,25,22,28.08
3311,103544,74,27,6.44
3312,103545,3,94,950.61
3313,103546,44,181,133.2
3314,103547,76,27,110.17
3315,103548,14,64,94.42
3316,103548,68,76,613.29
3317,103549,6,106,435.29
3318,103550,17,25,345.78
3319,103550,46,65,839.98
3320,103550,39,87,712.6
3321,103551,41,193,2.47
3322,103553,73,106,663.29
3323,103553,2,73,591.86
3324,103554,64,81,142.05
3325,103555,44,189,133.2
3326,103556,49,179,37.47
3327,103559,34,50,52.86
3328,103561,95,68,4.25
3329,103565,25,197,28.08
3330,103566,22,173,1.94
3331,103567,46,31,839.98
3332,103567,17,177,345.78
3333,103568,63,58,4.77
3334,103570,50,52,397.54
3335,103570,5,150,850.25
3336,103570,84,169,867.74
3337,103572,20,140,69.94
3338,103572,49,189,37.47
3339,103573,96,150,14.21
3340,103575,80,147,55.19
3341,103575,72,152,65.67
3342,103577,13,102,16.32
3343,103578,100,146,284.53
3344,103580,38,73,934.95
3345,103580,69,76,533.71
3346,103580,26,71,783.71
3347,103580,21,135,170.97
3348,103581,95,75,4.25
3349,103582,67,116,362.92
3350,103585,16,160,9.18
3351,103585,82,41,6.07
3352,103585,86,54,17.77
3353,103586,92,133,378.88
3354,103588,91,169,1.8
3355,103589,98,151,2.34
3356,103590,42,135,162.68
3357,103592,84,101,867.74
3358,103592,50,89,397.54
3359,103592,62,117,291.34
3360,103592,5,26,850.25
3361,103595,73,87,663.29
3362,103595,14,185,94.42
3363,103597,90,41,2.91
3364,103600,98,90,2.34
3365,103601,92,50,378.88
3366,103603,38,29,934.95
3367,103604,100,70,284.53
3368,103606,53,97,309.07
3369,103607,50,159,397.54
3370,103607,62,86,291.34
3371,103607,5,22,850.25
3372,103608,35,108,305.47
3373,103617,29,140,129.9
3374,103617,11,187,396.45
3375,103618,71,78,4.28
3376,103620,33,141,91.48
3377,103621,35,138,305.47
3378,103622,28,100,818.18
3379,103623,35,198,305.47
3380,103624,41,135,2.47
3381,103624,74,162,6.44
3382,103625,100,55,284.53
3383,103627,16,147,9.18
3384,103627,82,188,6.07
3385,103627,86,110,17.77
3386,103628,27,127,142.09
3387,103629,51,165,507.44
3388,103629,24,28,633.85
3389,103629,23,55,692.76
3390,103629,10,59,722.19
3391,103630,78,117,741.5
3392,103630,87,72,275.47
3393,103630,40,120,148.0
3394,103631,91,68,1.8
3395,103633,27,104,142.09
3396,103635,40,192,148.0
3397,103635,18,161,1077.07
3398,103635,8,65,127.97
3399,103635,87,28,275.47
3400,103635,78,196,741.5
3401,103640,37,67,332.67
3402,103641,1,92,172.86
3403,103641,3,72,950.61
3404,103642,56,188,68.78
3405,103645,2,63,591.86
3406,103645,73,103,663.29
3407,103645,99,125,826.58
3408,103645,14,120,94.42
3409,103645,88,60,342.14
3410,103647,14,157,94.42
3411,103649,9,37,124.95
3412,103651,26,130,783.71
3413,103651,21,190,170.97
3414,103651,38,141,934.95
3415,103651,69,60,533.71
3416,103654,31,148,59.29
3417,103658,71,71,4.28
3418,103662,12,134,518.6
3419,103664,84,174,867.74
3420,103666,62,145,291.34
3421,103666,84,137,867.74
3422,103667,86,43,17.77
3423,103667,16,93,9.18
3424,103669,98,199,2.34
3425,103670,89,126,96.85
3426,103670,59,83,65.02
3427,103671,81,137,73.16
3428,103672,13,198,16.32
3429,103673,85,198,297.07
3430,103674,44,60,133.2
3431,103679,91,190,1.8
3432,103680,87,75,275.47
3433,103682,29,114,129.9
3434,103682,11,39,396.45
3435,103684,74,124,6.44
3436,103685,12,73,518.6
3437,103685,30,149,772.01
3438,103687,89,26,96.85
3439,103689,35,117,305.47
3440,103691,28,69,818.18
3441,103693,44,22,133.2
3442,103694,44,54,133.2
3443,103695,89,138,96.85
3444,103695,59,37,65.02
3445,103696,34,132,52.86
3446,103698,35,91,305.47
3447,103700,97,24,23.16
3448,103705,34,95,52.86
3449,103708,74,63,6.44
3450,103709,27,193,142.09
3451,103710,90,132,2.91
3452,103712,23,28,692.76
3453,103712,77,192,583.89
3454,103712,24,156,633.85
3455,103713,51,182,507.44
3456,103713,10,153,722.19
3457,103714,28,196,818.18
3458,103715,29,173,129.9
3459,103715,11,21,396.45
3460,103717,73,71,663.29
3461,103718,100,81,284.53
3462,103722,95,24,4.25
3463,103723,21,194,170.97
3464,103723,69,191,533.71
3465,103723,26,36,783.71
3466,103723,38,76,934.95
3467,103724,47,62,45.79
3468,103728,91,151,1.8
3469,103729,63,102,4.77
3470,103731,63,158,4.77
3471,103735,95,50,4.25
3472,103737,14,111,94.42
3473,103737,2,102,591.86
3474,103738,5,187,850.25
3475,103738,50,100,397.54
3476,103740,85,74,297.07
3477,103742,9,36,124.95
3478,103743,25,31,28.08
3479,103744,28,125,818.18
3480,103746,46,46,839.98
3481,103746,39,157,712.6
3482,103750,17,173,345.78
3483,103750,39,103,712.6
3484,103750,46,181,839.98
3485,103752,100,105,284.53
3486,103754,63,190,4.77
3487,103757,41,24,2.47
3488,103757,74,175,6.44
3489,103758,81,148,73.16
3490,103758,33,170,91.48
3491,103759,71,25,4.28
3492,103762,16,129,9.18
3493,103762,82,82,6.07
3494,103762,86,178,17.77
3495,103763,91,55,1.8
3496,103764,54,95,417.71
3497,103765,98,116,2.34
3498,103766,79,29,106.52
3499,103768,67,104,362.92
3500,103772,56,101,68.78
3501,103774,22,185,1.94
3502,103777,9,78,124.95
3503,103778,90,82,2.91
3504,103780,97,190,23.16
3505,103783,49,198,37.47
3506,103784,35,153,305.47
3507,103787,42,133,162.68
3508,103788,6,145,435.29
3509,103791,15,33,563.65
3510,103792,71,52,4.28
3511,103793,25,171,28.08
3512,103794,44,149,133.2
3513,103795,25,139,28.08
3514,103796,27,70,142.09
3515,103800,27,65,142.09
3516,103801,14,182,94.42
3517,103801,68,71,613.29
3518,103801,88,89,342.14
3519,103801,73,143,663.29
3520,103801,99,40,826.58
3521,103802,81,62,73.16
3522,103802,33,140,91.48
3523,103803,53,149,309.07
3524,103804,95,143,4.25
3525,103807,51,129,507.44
3526,103809,82,172,6.07
3527,103810,64,85,142.05
3528,103812,44,98,133.2
3529,103817,37,116,332.67
3530,103818,96,105,14.21
3531,103819,46,140,839.98
3532,103820,7,68,148.67
3533,103821,8,148,127.97
3534,103823,92,123,378.88
3535,103824,73,98,663.29
3536,103824,68,184,613.29
3537,103824,99,170,826.58
3538,103824,14,38,94.42
3539,103825,17,118,345.78
3540,103825,46,164,839.98
3541,103831,11,131,396.45
3542,103832,19,182,1037.42
3543,103832,85,196,297.07
3544,103832,3,114,950.61
3545,103833,98,128,2.34
3546,103834,31,142,59.29
3547,103835,47,181,45.79
3548,103838,47,86,45.79
3549,103839,6,85,435.29
3550,103842,31,23,59.29
3551,103844,9,184,124.95
3552,103845,29,152,129.9
3553,103845,79,68,106.52
3554,103845,11,128,396.45
3555,103846,34,84,52.86
3556,103847,90,170,2.91
3557,103848,83,47,893.29
3558,103848,61,182,751.55
3559,103848,43,166,767.23
3560,103850,96,88,14.21
3561,103851,63,198,4.77
3562,103852,35,63,305.47
3563,103853,27,44,142.09
3564,103854,56,154,68.78
3565,103856,54,130,417.71
3566,103857,92,115,378.88
3567,103859,67,70,362.92
3568,103860,26,165,783.71
3569,103860,38,74,934.95
3570,103860,21,67,170.97
3571,103860,69,71,533.71
3572,103861,34,69,52.86
3573,103862,44,132,133.2
3574,103865,50,40,397.54
3575,103866,56,116,68.78
3576,103867,67,36,362.92
3577,103868,8,142,127.97
3578,103868,78,144,741.5
3579,103868,15,192,563.65
3580,103873,47,35,45.79
3581,103877,7,44,148.67
3582,103877,70,74,867.81
3583,103880,4,141,564.42
3584,103880,58,106,157.66
3585,103880,57,174,484.53
3586,103880,55,129,908.54
3587,103880,75,106,789.26
3588,103881,89,81,96.85
3589,103881,59,112,65.02
3590,103882,98,176,2.34
3591,103883,19,104,1037.42
3592,103884,36,136,145.13
3593,103886,34,26,52.86
3594,103888,81,199,73.16
3595,103889,19,178,1037.42
3596,103889,3,195,950.61
3597,103891,45,20,94.49
3598,103891,49,183,37.47
3599,103891,20,102,69.94
3600,103892,49,112,37.47
3601,103895,34,193,52.86
3602,103897,59,122,65.02
3603,103897,89,176,96.85
3604,103899,27,129,142.09
3605,103902,6,118,435.29
3606,103903,63,56,4.77
3607,103904,42,147,162.68
3608,103905,91,192,1.8
3609,103906,3,189,950.61
3610,103906,85,158,297.07
3611,103906,1,81,172.86
3612,103906,19,82,1037.42
3613,103909,41,188,2.47
3614,103910,17,27,345.78
3615,103910,46,61,839.98
3616,103910,39,103,712.6
3617,103912,81,85,73.16
3618,103912,33,190,91.48
3619,103913,49,190,37.47
3620,103913,20,54,69.94
3621,103914,5,167,850.25
3622,103914,62,173,291.34
3623,103914,50,36,397.54
3624,103914,84,184,867.74
3625,103918,84,187,867.74
3626,103918,62,184,291.34
3627,103918,50,163,397.54
3628,103920,3,94,950.61
3629,103920,1,42,172.86
3630,103920,85,48,297.07
3631,103920,19,42,1037.42
3632,103922,35,49,305.47
3633,103924,25,100,28.08
3634,103927,46,99,839.98
3635,103927,17,35,345.78
3636,103928,97,128,23.16
3637,103930,67,193,362.92
3638,103931,75,47,789.26
3639,103931,55,121,908.54
3640,103932,64,100,142.05
3641,103934,27,76,142.09
3642,103935,79,57,106.52
3643,103935,29,173,129.9
3644,103936,56,190,68.78
3645,103940,11,148,396.45
3646,103940,29,196,129.9
3647,103940,79,51,106.52
3648,103941,98,181,2.34
3649,103942,69,200,533.71
3650,103942,26,116,783.71
3651,103943,76,59,110.17
3652,103948,91,199,1.8
3653,103950,92,144,378.88
3654,103952,56,188,68.78
3655,103958,67,160,362.92
3656,103960,74,193,6.44
3657,103960,41,141,2.47
3658,103961,97,120,23.16
3659,103962,91,92,1.8
3660,103963,94,44,54.12
3661,103965,53,168,309.07
3662,103966,42,137,162.68
3663,103967,42,133,162.68
3664,103969,44,57,133.2
3665,103970,71,70,4.28
3666,103972,97,167,23.16
3667,103974,35,116,305.47
3668,103977,71,34,4.28
3669,103978,98,141,2.34
3670,103982,4,151,564.42
3671,103982,75,186,789.26
3672,103985,22,58,1.94
3673,103987,13,28,16.32
3674,103990,34,121,52.86
3675,103991,38,197,934.95
3676,103991,69,191,533.71
3677,103991,21,188,170.97
3678,103991,26,42,783.71
3679,103992,34,90,52.86
3680,103993,35,22,305.47
3681,103996,97,41,23.16
3682,103997,72,184,65.67
3683,103998,66,171,182.1
3684,103998,52,66,162.1
3685,103998,43,118,767.23
3686,103998,61,143,751.55
3687,103998,83,185,893.29
3688,103998,93,199,899.74
3689,103999,6,166,435.29
3690,104000,21,36,170.97
3691,104000,26,157,783.71
3692,104004,73,120,663.29
3693,104004,2,162,591.86
3694,104006,31,152,59.29
3695,104007,31,188,59.29
3696,104011,6,173,435.29
3697,104012,5,134,850.25
3698,104012,62,100,291.34
3699,104013,17,52,345.78
3700,104014,44,42,133.2
3701,104016,68,113,613.29
3702,104016,2,159,591.86
3703,104016,88,63,342.14
3704,104016,73,128,663.29
3705,104016,14,188,94.42
3706,104017,7,96,148.67
3707,104021,44,188,133.2
3708,104023,27,167,142.09
3709,104024,67,153,362.92
3710,104025,27,196,142.09
3711,104026,98,80,2.34
3712,104027,15,56,563.65
3713,104028,9,54,124.95
3714,104029,71,91,4.28
3715,104031,9,39,124.95
3716,104032,95,117,4.25
3717,104033,20,41,69.94
3718,104033,45,85,94.49
3719,104033,49,193,37.47
3720,104034,3,181,950.61
3721,104034,19,88,1037.42
3722,104034,1,182,172.86
3723,104034,85,198,297.07
3724,104036,54,164,417.71
3725,104039,44,59,133.2
3726,104040,69,174,533.71
3727,104040,26,83,783.71
3728,104040,21,39,170.97
3729,104042,63,156,4.77
3730,104043,63,36,4.77
3731,104044,6,112,435.29
3732,104047,81,77,73.16
3733,104047,33,90,91.48
3734,104048,91,116,1.8
3735,104050,40,51,148.0
3736,104050,8,64,127.97
3737,104052,28,44,818.18
3738,104054,42,161,162.68
3739,104055,35,32,305.47
3740,104056,63,119,4.77
3741,104057,44,193,133.2
3742,104058,53,171,309.07
3743,104059,29,22,129.9
3744,104060,54,56,417.71
3745,104061,98,33,2.34
3746,104063,91,193,1.8
3747,104064,85,139,297.07
3748,104064,1,148,172.86
3749,104064,3,93,950.61
3750,104064,19,90,1037.42
3751,104065,22,98,1.94
3752,104069,53,124,309.07
3753,104071,2,81,591.86
3754,104071,99,43,826.58
3755,104071,88,62,342.14
3756,104075,21,93,170.97
3757,104076,45,193,94.49
3758,104076,20,150,69.94
3759,104076,49,54,37.47
3760,104077,45,123,94.49
3761,104077,20,23,69.94
3762,104078,47,128,45.79
3763,104079,33,175,91.48
3764,104079,81,134,73.16
3765,104081,64,64,142.05
3766,104085,63,54,4.77
3767,104086,32,146,65.53
3768,104086,94,117,54.12
3769,104088,13,48,16.32
3770,104090,6,158,435.29
3771,104093,37,96,332.67
3772,104098,48,74,299.24
3773,104098,70,20,867.81
3774,104100,50,178,397.54
3775,104100,84,144,867.74
3776,104100,5,34,850.25
3777,104100,62,111,291.34
3778,104101,47,104,45.79
3779,104102,18,109,1077.07
3780,104102,8,67,127.97
3781,104102,78,122,741.5
3782,104105,31,45,59.29
3783,104106,40,151,148.0
3784,104106,15,59,563.65
3785,104106,8,125,127.97
3786,104106,18,51,1077.07
3787,104108,43,140,767.23
3788,104108,52,121,162.1
3789,104108,60,115,191.4
3790,104108,83,96,893.29
3791,104109,98,66,2.34
3792,104110,13,132,16.32
3793,104111,93,21,899.74
3794,104111,61,111,751.55
3795,104111,52,70,162.1
3796,104111,66,48,182.1
3797,104111,83,68,893.29
3798,104111,60,92,191.4
3799,104112,25,121,28.08
3800,104115,38,142,934.95
3801,104115,21,190,170.97
3802,104115,69,88,533.71
3803,104115,26,50,783.71
3804,104116,82,194,6.07
3805,104116,86,52,17.77
3806,104117,100,148,284.53
3807,104118,96,48,14.21
3808,104121,97,52,23.16
3809,104122,47,148,45.79
3810,104123,9,33,124.95
3811,104130,84,131,867.74
3812,104130,62,142,291.34
3813,104130,5,94,850.25
3814,104132,48,129,299.24
3815,104132,7,83,148.67
3816,104133,41,83,2.47
3817,104136,44,87,133.2
3818,104137,47,70,45.79
3819,104138,100,199,284.53
3820,104139,64,171,142.05
3821,104143,56,50,68.78
3822,104144,39,29,712.6
3823,104145,67,57,362.92
3824,104146,36,43,145.13
3825,104146,80,33,55.19
3826,104147,94,199,54.12
3827,104147,32,182,65.53
3828,104148,47,106,45.79
3829,104149,73,33,663.29
3830,104149,2,97,591.86
3831,104149,99,48,826.58
3832,104149,68,88,613.29
3833,104150,60,83,191.4
3834,104150,93,101,899.74
3835,104150,61,32,751.55
3836,104152,54,20,417.71
3837,104153,47,74,45.79
3838,104157,9,91,124.95
3839,104159,64,67,142.05
3840,104160,74,105,6.44
3841,104160,41,97,2.47
3842,104161,17,191,345.78
3843,104162,54,104,417.71
3844,104163,96,170,14.21
3845,104164,96,186,14.21
3846,104168,52,42,162.1
3847,104168,66,47,182.1
3848,104168,61,53,751.55
3849,104170,27,170,142.09
3850,104171,91,200,1.8
3851,104172,22,39,1.94
3852,104174,67,141,362.92
3853,104175,90,31,2.91
3854,104176,37,127,332.67
3855,104177,70,113,867.81
3856,104177,48,134,299.24
3857,104177,7,181,148.67
3858,104178,37,37,332.67
3859,104179,30,62,772.01
3860,104179,12,173,518.6
3861,104180,34,94,52.86
3862,104183,76,197,110.17
3863,104184,56,146,68.78
3864,104186,79,132,106.52
3865,104186,11,150,396.45
3866,104186,29,118,129.9
3867,104187,31,175,59.29
3868,104189,36,20,145.13
3869,104189,80,60,55.19
3870,104193,35,151,305.47
3871,104194,62,88,291.34
3872,104194,50,161,397.54
3873,104194,5,50,850.25
3874,104194,84,63,867.74
3875,104198,67,156,362.92
3876,104199,64,30,142.05
3877,104200,16,89,9.18
3878,104200,82,33,6.07
3879,104200,86,184,17.77
3880,104206,9,156,124.95
3881,104207,9,186,124.95
3882,104210,65,103,519.68
3883,104210,30,41,772.01
3884,104212,32,176,65.53
3885,104212,94,95,54.12
3886,104213,67,180,362.92
3887,104215,43,157,767.23
3888,104215,60,188,191.4
3889,104215,52,169,162.1
3890,104215,83,47,893.29
3891,104215,93,196,899.74
3892,104215,66,117,182.1
3893,104215,61,187,751.55
3894,104216,93,161,899.74
3895,104216,83,72,893.29
3896,104216,66,133,182.1
3897,104218,91,88,1.8
3898,104221,69,134,533.71
3899,104221,21,79,170.97
3900,104223,28,57,818.18
3901,104224,98,146,2.34
3902,104226,48,67,299.24
3903,104227,92,165,378.88
3904,104229,37,185,332.67
3905,104232,98,99,2.34
3906,104233,98,120,2.34
3907,104234,33,56,91.48
3908,104235,27,82,142.09
3909,104236,49,45,37.47
3910,104236,45,154,94.49
3911,104237,33,174,91.48
3912,104238,82,118,6.07
3913,104239,47,23,45.79
3914,104240,34,83,52.86
3915,104242,82,56,6.07
3916,104244,86,47,17.77
3917,104244,16,158,9.18
3918,104244,82,106,6.07
3919,104245,16,142,9.18
3920,104245,86,164,17.77
3921,104245,82,133,6.07
3922,104246,62,142,291.34
3923,104246,50,59,397.54
3924,104249,67,159,362.92
3925,104252,47,25,45.79
3926,104259,12,159,518.6
3927,104260,71,150,4.28
3928,104261,71,20,4.28
3929,104263,13,78,16.32
3930,104264,28,57,818.18
3931,104265,96,77,14.21
3932,104266,82,63,6.07
3933,104266,16,48,9.18
3934,104266,86,77,17.77
3935,104267,97,111,23.16
3936,104269,88,105,342.14
3937,104271,76,41,110.17
3938,104272,31,65,59.29
3939,104273,27,173,142.09
3940,104275,64,58,142.05
3941,104276,9,109,124.95
3942,104277,64,147,142.05
3943,104278,72,20,65.67
3944,104278,80,58,55.19
3945,104278,36,187,145.13
3946,104281,60,119,191.4
3947,104281,52,134,162.1
3948,104282,41,167,2.47
3949,104282,74,129,6.44
3950,104284,53,43,309.07
3951,104285,26,110,783.71
3952,104285,21,101,170.97
3953,104285,69,146,533.71
3954,104287,40,187,148.0
3955,104287,87,82,275.47
3956,104287,18,118,1077.07
3957,104287,8,127,127.97
3958,104288,31,156,59.29
3959,104289,9,41,124.95
3960,104290,87,80,275.47
3961,104290,40,112,148.0
3962,104290,15,20,563.65
3963,104290,18,72,1077.07
3964,104290,8,24,127.97
3965,104291,95,54,4.25
3966,104296,92,109,378.88
3967,104298,59,137,65.02
3968,104298,89,56,96.85
3969,104299,97,73,23.16
3970,104301,95,55,4.25
3971,104303,33,116,91.48
3972,104304,76,115,110.17
3973,104307,86,47,17.77
3974,104311,78,57,741.5
3975,104311,8,113,127.97
3976,104311,40,56,148.0
3977,104311,18,40,1077.07
3978,104311,87,82,275.47
3979,104311,15,39,563.65
3980,104312,84,58,867.74
3981,104313,81,55,73.16
3982,104314,56,125,68.78
3983,104315,96,185,14.21
3984,104316,34,48,52.86
3985,104317,76,184,110.17
3986,104319,100,148,284.53
3987,104320,9,121,124.95
3988,104322,34,161,52.86
3989,104323,67,78,362.92
3990,104324,100,89,284.53
3991,104327,22,52,1.94
3992,104329,51,76,507.44
3993,104329,10,120,722.19
3994,104331,25,197,28.08
3995,104333,9,100,124.95
3996,104335,99,185,826.58
3997,104335,73,128,663.29
3998,104335,88,69,342.14
3999,104335,2,89,591.86
4000,104335,68,47,613.29
4001,104335,14,46,94.42
4002,104336,34,174,52.86
4003,104339,93,36,899.74
4004,104339,60,74,191.4
4005,104339,43,172,767.23
4006,104339,52,22,162.1
4007,104339,61,99,751.55
4008,104339,66,68,182.1
4009,104339,83,161,893.29
4010,104340,33,81,91.48
4011,104341,31,165,59.29
4012,104342,10,43,722.19
4013,104342,51,99,507.44
4014,104342,77,22,583.89
4015,104342,24,111,633.85
4016,104342,23,92,692.76
4017,104343,35,100,305.47
4018,104345,64,53,142.05
4019,104346,44,124,133.2
4020,104347,4,170,564.42
4021,104347,55,29,908.54
4022,104347,75,94,789.26
4023,104347,58,61,157.66
4024,104347,57,58,484.53
4025,104348,10,75,722.19
4026,104348,77,194,583.89
4027,104348,24,187,633.85
4028,104348,51,56,507.44
4029,104350,53,134,309.07
4030,104352,52,194,162.1
4031,104352,60,119,191.4
4032,104352,83,81,893.29
4033,104352,66,73,182.1
4034,104352,61,176,751.55
4035,104352,93,175,899.74
4036,104352,43,39,767.23
4037,104353,78,44,741.5
4038,104353,40,23,148.0
4039,104354,93,160,899.74
4040,104354,60,42,191.4
4041,104355,43,95,767.23
4042,104355,61,61,751.55
4043,104355,60,37,191.4
4044,104355,52,91,162.1
4045,104356,34,42,52.86
4046,104358,20,137,69.94
4047,104360,76,85,110.17
4048,104362,13,51,16.32
4049,104363,59,93,65.02
4050,104363,89,122,96.85
4051,104364,53,132,309.07
4052,104365,6,115,435.29
4053,104366,9,149,124.95
4054,104367,90,194,2.91
4055,104373,97,82,23.16
4056,104374,79,46,106.52
4057,104374,11,94,396.45
4058,104374,29,116,129.9
4059,104377,65,122,519.68
4060,104379,95,119,4.25
4061,104380,47,109,45.79
4062,104381,39,47,712.6
4063,104381,46,41,839.98
4064,104383,53,121,309.07
4065,104385,56,122,68.78
4066,104386,43,174,767.23
4067,104386,60,144,191.4
4068,104386,83,74,893.29
4069,104389,92,91,378.88
4070,104391,37,159,332.67
4071,104392,44,57,133.2
4072,104395,54,165,417.71
4073,104396,66,117,182.1
4074,104397,35,130,305.47
4075,104401,6,33,435.29
4076,104402,100,195,284.53
4077,104403,19,56,1037.42
4078,104403,3,37,950.61
4079,104403,1,90,172.86
4080,104403,85,123,297.07
4081,104404,81,135,73.16
4082,104405,96,191,14.21
4083,104407,16,43,9.18
4084,104407,86,129,17.77
4085,104408,96,62,14.21
4086,104411,92,127,378.88
4087,104414,53,157,309.07
4088,104415,42,110,162.68
4089,104417,88,190,342.14
4090,104417,73,168,663.29
4091,104417,2,177,591.86
4092,104417,68,57,613.29
4093,104417,99,102,826.58
4094,104417,14,190,94.42
4095,104421,59,137,65.02
4096,104421,89,57,96.85
4097,104422,19,153,1037.42
4098,104422,1,20,172.86
4099,104422,3,135,950.61
4100,104422,85,52,297.07
4101,104425,37,29,332.67
4102,104427,25,127,28.08
4103,104428,28,75,818.18
4104,104432,95,68,4.25
4105,104433,100,113,284.53
4106,104435,19,98,1037.42
4107,104437,11,125,396.45
4108,104437,29,125,129.9
4109,104437,79,110,106.52
4110,104439,6,153,435.29
4111,104440,37,65,332.67
4112,104441,40,172,148.0
4113,104441,18,61,1077.07
4114,104441,15,158,563.65
4115,104441,78,131,741.5
4116,104442,81,182,73.16
4117,104442,33,92,91.48
4118,104443,25,46,28.08
4119,104444,86,24,17.77
4120,104445,29,179,129.9
4121,104445,11,159,396.45
4122,104445,79,45,106.52
4123,104447,40,74,148.0
4124,104447,78,77,741.5
4125,104447,8,136,127.97
4126,104447,18,161,1077.07
4127,104447,15,117,563.65
4128,104447,87,49,275.47
4129,104449,53,51,309.07
4130,104450,31,125,59.29
4131,104452,67,115,362.92
4132,104454,38,188,934.95
4133,104454,26,87,783.71
4134,104457,95,192,4.25
4135,104458,42,126,162.68
4136,104462,36,26,145.13
4137,104464,81,152,73.16
4138,104465,81,166,73.16
4139,104465,33,130,91.48
4140,104466,54,69,417.71
4141,104468,92,167,378.88
4142,104470,28,182,818.18
4143,104473,26,131,783.71
4144,104473,69,79,533.71
4145,104473,38,45,934.95
4146,104473,21,52,170.97
4147,104476,37,180,332.67
4148,104477,31,102,59.29
4149,104480,63,43,4.77
4150,104481,30,22,772.01
4151,104486,13,178,16.32
4152,104487,81,26,73.16
4153,104489,90,182,2.91
4154,104490,3,96,950.61
4155,104490,1,69,172.86
4156,104490,19,157,1037.42
4157,104491,84,188,867.74
4158,104491,50,33,397.54
4159,104493,4,25,564.42
4160,104493,55,183,908.54
4161,104493,57,168,484.53
4162,104496,76,137,110.17
4163,104499,20,92,69.94
4164,104499,49,87,37.47
4165,104499,45,66,94.49
4166,104500,22,146,1.94
4167,104501,35,120,305.47
4168,104502,51,25,507.44
4169,104503,97,144,23.16
4170,104504,9,195,124.95
4171,104505,13,100,16.32
4172,104508,92,66,378.88
4173,104509,43,181,767.23
4174,104509,52,175,162.1
4175,104509,66,28,182.1
4176,104510,95,108,4.25
4177,104514,46,60,839.98
4178,104514,17,153,345.78
4179,104518,33,175,91.48
4180,104518,81,27,73.16
4181,104520,12,113,518.6
4182,104520,65,49,519.68
4183,104520,30,75,772.01
4184,104522,13,55,16.32
4185,104523,91,197,1.8
4186,104524,22,90,1.94
4187,104525,6,43,435.29
4188,104526,92,139,378.88
4189,104527,85,84,297.07
4190,104527,19,64,1037.42
4191,104527,3,70,950.61
4192,104527,1,195,172.86
4193,104528,85,62,297.07
4194,104528,1,72,172.86
4195,104528,3,144,950.61
4196,104529,22,128,1.94
4197,104530,57,129,484.53
4198,104530,75,71,789.26
4199,104530,58,165,157.66
4200,104530,4,110,564.42
4201,104530,55,115,908.54
4202,104532,11,28,396.45
4203,104532,29,150,129.9
4204,104532,79,84,106.52
4205,104534,62,27,291.34
4206,104534,84,49,867.74
4207,104534,50,66,397.54
4208,104534,5,102,850.25
4209,104535,63,111,4.77
4210,104537,98,75,2.34
4211,104538,22,57,1.94
4212,104540,76,22,110.17
4213,104541,4,139,564.42
4214,104541,57,165,484.53
4215,104541,75,102,789.26
4216,104542,41,118,2.47
4217,104546,13,154,16.32
4218,104548,53,163,309.07
4219,104549,96,166,14.21
4220,104550,25,101,28.08
4221,104551,26,146,783.71
4222,104551,21,147,170.97
4223,104551,38,31,934.95
4224,104554,96,50,14.21
4225,104555,89,63,96.85
4226,104558,37,80,332.67
4227,104560,97,24,23.16
4228,104561,89,92,96.85
4229,104562,98,29,2.34
4230,104565,28,185,818.18
4231,104567,53,140,309.07
4232,104568,64,97,142.05
4233,104569,94,122,54.12
4234,104569,32,40,65.53
4235,104571,69,120,533.71
4236,104571,38,96,934.95
4237,104571,21,198,170.97
4238,104573,61,178,751.55
4239,104573,83,46,893.29
4240,104573,43,27,767.23
4241,104573,60,77,191.4
4242,104575,6,55,435.29
4243,104579,38,196,934.95
4244,104581,40,157,148.0
4245,104581,15,21,563.65
4246,104581,78,196,741.5
4247,104581,8,33,127.97
4248,104581,18,86,1077.07
4249,104581,87,31,275.47
4250,104582,16,97,9.18
4251,104583,13,104,16.32
4252,104584,81,55,73.16
4253,104584,33,169,91.48
4254,104587,6,52,435.29
4255,104588,14,183,94.42
4256,104588,88,134,342.14
4257,104588,73,191,663.29
4258,104589,88,155,342.14
4259,104590,37,189,332.67
4260,104592,38,43,934.95
4261,104592,26,87,783.71
4262,104592,69,95,533.71
4263,104592,21,41,170.97
4264,104593,9,188,124.95
4265,104596,31,39,59.29
4266,104597,2,75,591.86
4267,104597,14,139,94.42
4268,104597,99,118,826.58
4269,104597,68,68,613.29
4270,104598,27,107,142.09
4271,104599,37,99,332.67
4272,104600,73,118,663.29
4273,104600,14,135,94.42
4274,104600,2,178,591.86
4275,104600,99,151,826.58
4276,104600,68,71,613.29
4277,104600,88,122,342.14
4278,104601,11,91,396.45
4279,104603,95,195,4.25
4280,104608,91,57,1.8
4281,104609,28,48,818.18
4282,104610,11,137,396.45
4283,104611,38,141,934.95
4284,104611,21,189,170.97
4285,104612,22,87,1.94
4286,104613,33,110,91.48
4287,104615,11,121,396.45
4288,104615,79,148,106.52
4289,104616,27,33,142.09
4290,104618,60,186,191.4
4291,104618,93,117,899.74
4292,104618,43,128,767.23
4293,104618,66,69,182.1
4294,104619,28,123,818.18
4295,104620,6,155,435.29
4296,104621,71,47,4.28
4297,104622,71,48,4.28
4298,104625,92,33,378.88
4299,104626,6,81,435.29
4300,104627,91,90,1.8
4301,104632,44,120,133.2
4302,104634,92,76,378.88
4303,104635,67,72,362.92
4304,104637,98,108,2.34
4305,104641,71,20,4.28
4306,104642,34,148,52.86
4307,104643,13,196,16.32
4308,104646,31,100,59.29
4309,104647,67,67,362.92
4310,104650,37,56,332.67
4311,104651,56,129,68.78
4312,104652,71,65,4.28
4313,104655,37,63,332.67
4314,104656,62,141,291.34
4315,104658,2,31,591.86
4316,104658,73,24,663.29
4317,104658,14,165,94.42
4318,104658,88,194,342.14
4319,104658,99,94,826.58
4320,104659,56,57,68.78
4321,104661,20,97,69.94
4322,104667,83,189,893.29
4323,104667,60,144,191.4
4324,104667,61,84,751.55
4325,104667,66,113,182.1
4326,104667,93,137,899.74
4327,104667,52,23,162.1
4328,104667,43,110,767.23
4329,104668,92,152,378.88
4330,104670,64,89,142.05
4331,104674,54,125,417.71
4332,104675,3,147,950.61
4333,104675,85,27,297.07
4334,104676,88,112,342.14
4335,104676,73,72,663.29
4336,104677,96,116,14.21
4337,104678,97,180,23.16
4338,104679,49,87,37.47
4339,104679,45,193,94.49
4340,104679,20,109,69.94
4341,104680,25,170,28.08
4342,104683,91,99,1.8
4343,104685,41,168,2.47
4344,104686,70,130,867.81
4345,104686,48,136,299.24
4346,104686,7,165,148.67
4347,104688,37,48,332.67
4348,104690,97,195,23.16
4349,104691,39,194,712.6
4350,104692,77,179,583.89
4351,104692,24,162,633.85
4352,104694,22,144,1.94
4353,104698,92,95,378.88
4354,104699,30,30,772.01
4355,104700,45,171,94.49
4356,104702,91,145,1.8
4357,104705,76,130,110.17
4358,104706,34,32,52.86
4359,104707,64,109,142.05
4360,104708,6,42,435.29
4361,104710,90,70,2.91
4362,104711,77,28,583.89
4363,104711,10,141,722.19
4364,104711,23,110,692.76
4365,104711,51,83,507.44
4366,104712,81,45,73.16
4367,104712,33,86,91.48
4368,104714,34,64,52.86
4369,104715,31,168,59.29
4370,104717,53,84,309.07
4371,104718,63,161,4.77
4372,104720,29,98,129.9
4373,104722,53,165,309.07
4374,104723,76,116,110.17
4375,104724,93,148,899.74
4376,104724,61,195,751.55
4377,104724,43,111,767.23
4378,104724,52,139,162.1
4379,104724,60,110,191.4
4380,104724,83,129,893.29
4381,104724,66,139,182.1
4382,104725,56,138,68.78
4383,104726,63,127,4.77
4384,104729,90,177,2.91
4385,104730,92,168,378.88
4386,104731,29,33,129.9
4387,104731,11,120,396.45
4388,104731,79,52,106.52
4389,104732,35,138,305.47
4390,104733,96,41,14.21
4391,104734,47,186,45.79
4392,104735,34,172,52.86
4393,104737,95,164,4.25
4394,104739,37,35,332.67
4395,104740,42,199,162.68
4396,104741,90,163,2.91
4397,104743,72,192,65.67
4398,104743,36,183,145.13
4399,104743,80,59,55.19
4400,104744,92,21,378.88
4401,104745,47,49,45.79
4402,104747,44,59,133.2
4403,104748,56,83,68.78
4404,104750,91,141,1.8
4405,104751,93,149,899.74
4406,104752,31,34,59.29
4407,104753,62,123,291.34
4408,104755,16,159,9.18
4409,104755,86,86,17.77
4410,104757,5,67,850.25
4411,104757,50,56,397.54
4412,104757,84,188,867.74
4413,104757,62,81,291.34
4414,104762,70,199,867.81
4415,104765,100,142,284.53
4416,104766,97,190,23.16
4417,104767,47,114,45.79
4418,104768,64,118,142.05
4419,104769,89,126,96.85
4420,104772,42,27,162.68
4421,104773,51,119,507.44
4422,104773,10,22,722.19
4423,104773,24,168,633.85
4424,104774,21,30,170.97
4425,104774,38,110,934.95
4426,104774,26,55,783.71
4427,104775,35,90,305.47
4428,104776,35,111,305.47
4429,104777,42,200,162.68
4430,104778,40,110,148.0
4431,104778,78,187,741.5
4432,104778,8,164,127.97
4433,104778,87,106,275.47
4434,104778,18,137,1077.07
4435,104781,64,188,142.05
4436,104782,73,116,663.29
4437,104782,2,140,591.86
4438,104782,99,175,826.58
4439,104784,13,53,16.32
4440,104786,45,37,94.49
4441,104786,49,31,37.47
4442,104786,20,27,69.94
4443,104787,20,190,69.94
4444,104787,49,47,37.47
4445,104787,45,147,94.49
4446,104790,73,64,663.29
4447,104790,68,118,613.29
4448,104790,14,127,94.42
4449,104790,88,36,342.14
4450,104790,2,35,591.86
4451,104790,99,176,826.58
4452,104793,47,29,45.79
4453,104794,44,115,133.2
4454,104795,92,102,378.88
4455,104796,99,135,826.58
4456,104797,71,183,4.28
4457,104798,33,84,91.48
4458,104799,90,193,2.91
4459,104800,100,71,284.53
4460,104801,81,155,73.16
4461,104802,17,169,345.78
4462,104804,46,191,839.98
4463,104806,27,28,142.09
4464,104808,47,112,45.79
4465,104813,70,107,867.81
4466,104813,7,67,148.67
4467,104814,51,111,507.44
4468,104814,23,178,692.76
4469,104814,10,163,722.19
4470,104814,77,55,583.89
4471,104814,24,37,633.85
4472,104815,82,38,6.07
4473,104815,86,165,17.77
4474,104818,42,152,162.68
4475,104820,1,79,172.86
4476,104820,85,33,297.07
4477,104820,3,173,950.61
4478,104821,96,77,14.21
4479,104823,30,200,772.01
4480,104823,65,111,519.68
4481,104824,55,93,908.54
4482,104825,54,152,417.71
4483,104829,42,178,162.68
4484,104830,46,198,839.98
4485,104832,79,140,106.52
4486,104833,65,28,519.68
4487,104833,12,106,518.6
4488,104835,9,71,124.95
4489,104837,97,55,23.16
4490,104841,95,189,4.25
4491,104843,32,146,65.53
4492,104844,64,108,142.05
4493,104846,85,173,297.07
4494,104849,94,53,54.12
4495,104851,97,46,23.16
4496,104852,67,149,362.92
4497,104853,56,130,68.78
4498,104854,30,25,772.01
4499,104854,12,34,518.6
4500,104856,55,156,908.54
4501,104858,97,161,23.16
4502,104859,91,119,1.8
4503,104860,3,49,950.61
4504,104860,85,132,297.07
4505,104860,19,50,1037.42
4506,104860,1,177,172.86
4507,104862,22,69,1.94
4508,104864,9,34,124.95
4509,104865,23,170,692.76
4510,104865,10,22,722.19
4511,104866,89,157,96.85
4512,104867,67,83,362.92
4513,104868,97,34,23.16
4514,104871,6,66,435.29
4515,104872,100,100,284.53
4516,104873,92,94,378.88
4517,104875,90,142,2.91
4518,104876,21,39,170.97
4519,104877,50,76,397.54
4520,104877,84,133,867.74
4521,104877,62,97,291.34
4522,104881,47,187,45.79
4523,104883,75,101,789.26
4524,104883,57,198,484.53
4525,104884,97,108,23.16
4526,104885,99,40,826.58
4527,104885,88,72,342.14
4528,104885,73,55,663.29
4529,104885,14,153,94.42
4530,104886,95,161,4.25
4531,104889,5,56,850.25
4532,104889,50,29,397.54
4533,104890,51,49,507.44
4534,104890,77,25,583.89
4535,104891,13,89,16.32
4536,104892,56,96,68.78
4537,104893,1,91,172.86
4538,104894,22,24,1.94
4539,104896,6,133,435.29
4540,104897,27,72,142.09
4541,104898,67,188,362.92
4542,104899,88,158,342.14
4543,104899,2,109,591.86
4544,104899,68,26,613.29
4545,104899,99,175,826.58
4546,104901,71,171,4.28
4547,104902,9,107,124.95
4548,104903,95,34,4.25
4549,104904,95,193,4.25
4550,104905,79,128,106.52
4551,104905,29,166,129.9
4552,104906,41,139,2.47
4553,104906,74,80,6.44
4554,104907,16,91,9.18
4555,104908,53,83,309.07
4556,104909,90,166,2.91
4557,104911,8,88,127.97
4558,104911,78,188,741.5
4559,104911,18,84,1077.07
4560,104911,15,187,563.65
4561,104912,90,98,2.91
4562,104914,95,65,4.25
4563,104915,73,139,663.29
4564,104915,2,29,591.86
4565,104915,99,111,826.58
4566,104915,88,142,342.14
4567,104916,22,34,1.94
4568,104919,9,176,124.95
4569,104920,82,66,6.07
4570,104920,16,86,9.18
4571,104920,86,90,17.77
4572,104921,81,78,73.16
4573,104921,33,181,91.48
4574,104922,3,187,950.61
4575,104922,19,32,1037.42
4576,104923,25,187,28.08
4577,104924,3,195,950.61
4578,104927,72,161,65.67
4579,104927,80,78,55.19
4580,104927,36,35,145.13
4581,104929,81,193,73.16
4582,104929,33,110,91.48
4583,104930,83,47,893.29
4584,104930,43,39,767.23
4585,104930,66,149,182.1
4586,104930,52,133,162.1
4587,104930,61,48,751.55
4588,104934,42,72,162.68
4589,104935,62,38,291.34
4590,104935,84,184,867.74
4591,104935,50,129,397.54
4592,104937,59,103,65.02
4593,104937,89,175,96.85
4594,104939,67,124,362.92
4595,104941,68,114,613.29
4596,104941,73,31,663.29
4597,104941,99,94,826.58
4598,104941,88,58,342.14
4599,104941,2,171,591.86
4600,104941,14,26,94.42
4601,104943,98,100,2.34
4602,104947,13,116,16.32
4603,104948,63,117,4.77
4604,104951,22,77,1.94
4605,104952,65,155,519.68
4606,104952,30,33,772.01
4607,104952,12,175,518.6
4608,104954,85,167,297.07
4609,104954,3,95,950.61
4610,104954,19,82,1037.42
4611,104954,1,104,172.86
4612,104955,9,79,124.95
4613,104956,64,49,142.05
4614,104959,7,112,148.67
4615,104959,48,40,299.24
4616,104959,70,110,867.81
4617,104960,75,134,789.26
4618,104960,4,127,564.42
4619,104960,55,78,908.54
4620,104960,57,165,484.53
4621,104960,58,52,157.66
4622,104963,74,192,6.44
4623,104965,35,93,305.47
4624,104966,71,50,4.28
4625,104972,97,127,23.16
4626,104975,69,70,533.71
4627,104975,38,66,934.95
4628,104976,95,62,4.25
4629,104977,9,87,124.95
4630,104979,86,52,17.77
4631,104979,82,28,6.07
4632,104979,16,130,9.18
4633,104982,91,38,1.8
4634,104984,28,128,818.18
4635,104985,91,122,1.8
4636,104987,19,106,1037.42
4637,104987,1,106,172.86
4638,104988,67,38,362.92
4639,104990,54,124,417.71
4640,104991,64,94,142.05
4641,104993,70,66,867.81
4642,104993,7,170,148.67
4643,104994,13,21,16.32
4644,104996,44,117,133.2
4645,104997,31,65,59.29
4646,104999,100,79,284.53
