PurchaseOrderID,SupplierID,WarehouseID,OrderDate,ExpectedDeliveryDate,Status
100001,15,1,2025-03-12,2025-03-24,Shipped
100002,14,5,2025-01-23,2025-02-15,Delivered
100003,4,1,2025-02-25,2025-03-09,Delivered
100004,4,5,2025-02-20,2025-03-17,Delivered
100005,54,2,2025-04-25,2025-05-18,Shipped
100006,1,2,2025-06-28,2025-07-16,Delivered
100007,20,2,2025-03-28,2025-04-05,Pending
100008,13,3,2025-03-30,2025-04-23,Shipped
100009,6,4,2025-05-18,2025-05-26,Cancelled
100010,49,1,2025-05-22,2025-06-05,Delivered
100011,80,3,2025-05-28,2025-06-08,Delivered
100012,6,2,2025-03-16,2025-03-23,Delivered
100013,13,4,2025-03-13,2025-04-01,Delivered
100014,47,2,2025-04-05,2025-04-21,Shipped
100015,35,1,2025-06-05,2025-06-30,Shipped
100016,32,2,2025-04-29,2025-05-16,Shipped
100017,72,2,2025-06-25,2025-07-10,Delivered
100018,8,2,2025-01-09,2025-01-24,Delivered
100019,9,2,2025-05-26,2025-06-10,Shipped
100020,64,4,2025-06-14,2025-07-03,Shipped
100021,18,2,2025-05-24,2025-06-15,Shipped
100022,75,4,2025-05-30,2025-06-16,Delivered
100023,18,5,2025-05-07,2025-05-14,Delivered
100024,15,2,2025-06-10,2025-06-20,Delivered
100025,55,5,2025-01-17,2025-02-03,Delivered
100026,60,5,2025-03-06,2025-03-28,Delivered
100027,2,1,2025-06-24,2025-07-16,Delivered
100028,44,1,2025-03-17,2025-04-04,Shipped
100029,1,3,2025-05-09,2025-05-19,Delivered
100030,14,3,2025-06-13,2025-07-04,Delivered
100031,20,3,2025-02-11,2025-03-05,Cancelled
100032,68,1,2025-06-03,2025-06-18,Delivered
100033,15,3,2025-03-20,2025-04-01,Pending
100034,73,1,2025-01-22,2025-02-11,Delivered
100035,69,2,2025-02-02,2025-02-22,Delivered
100036,22,3,2025-05-16,2025-06-09,Delivered
100037,28,5,2025-06-26,2025-07-07,Delivered
100038,52,3,2025-04-23,2025-05-14,Delivered
100039,32,2,2025-01-17,2025-02-01,Pending
100040,71,2,2025-05-31,2025-06-12,Pending
100041,8,2,2025-01-18,2025-01-24,Delivered
100042,10,5,2025-03-02,2025-03-15,Delivered
100043,28,5,2025-02-03,2025-02-26,Delivered
100044,32,4,2025-04-15,2025-04-26,Pending
100045,56,3,2025-04-19,2025-05-07,Delivered
100046,7,1,2025-01-16,2025-02-02,Delivered
100047,14,2,2025-02-19,2025-03-02,Delivered
100048,18,4,2025-02-16,2025-03-01,Delivered
100049,10,4,2025-05-21,2025-05-29,Pending
100050,70,1,2025-01-24,2025-02-05,Shipped
100051,63,4,2025-02-24,2025-03-13,Delivered
100052,22,4,2025-01-01,2025-01-18,Shipped
100053,59,3,2025-04-19,2025-05-11,Delivered
100054,63,2,2025-02-18,2025-03-04,Shipped
100055,8,5,2025-05-19,2025-05-25,Delivered
100056,8,1,2025-05-30,2025-06-19,Delivered
100057,68,2,2025-01-15,2025-02-05,Pending
100058,24,1,2025-06-02,2025-06-09,Delivered
100059,31,4,2025-01-31,2025-02-23,Shipped
100060,77,1,2025-06-08,2025-06-15,Delivered
100061,75,5,2025-05-14,2025-05-29,Delivered
100062,27,3,2025-03-03,2025-03-16,Delivered
100063,39,4,2025-03-22,2025-03-29,Pending
100064,80,5,2025-01-26,2025-02-02,Delivered
100065,65,3,2025-02-03,2025-02-19,Delivered
100066,32,3,2025-03-14,2025-03-24,Delivered
100067,70,3,2025-06-06,2025-07-01,Delivered
100068,71,3,2025-06-19,2025-06-27,Delivered
100069,18,3,2025-01-30,2025-02-07,Delivered
100070,20,3,2025-03-14,2025-04-07,Shipped
100071,44,2,2025-06-25,2025-07-20,Delivered
100072,65,4,2025-03-06,2025-03-12,Pending
100073,55,3,2025-01-12,2025-01-17,Delivered
100074,17,3,2025-02-11,2025-03-02,Delivered
100075,55,5,2025-01-03,2025-01-11,Pending
100076,20,5,2025-01-10,2025-01-26,Delivered
100077,19,4,2025-02-02,2025-02-08,Delivered
100078,6,3,2025-02-23,2025-03-07,Delivered
100079,46,5,2025-04-15,2025-05-09,Delivered
100080,31,2,2025-02-15,2025-03-05,Pending
100081,43,4,2025-06-21,2025-07-03,Shipped
100082,14,4,2025-01-10,2025-01-30,Shipped
100083,59,3,2025-03-20,2025-04-01,Shipped
100084,25,4,2025-03-26,2025-04-08,Delivered
100085,36,3,2025-06-14,2025-07-05,Delivered
100086,69,3,2025-01-08,2025-01-16,Delivered
100087,34,2,2025-05-29,2025-06-11,Pending
100088,77,4,2025-03-30,2025-04-14,Delivered
100089,66,1,2025-04-09,2025-05-02,Shipped
100090,6,4,2025-01-01,2025-01-22,Delivered
100091,69,2,2025-04-04,2025-04-22,Pending
100092,43,5,2025-03-22,2025-03-30,Delivered
100093,39,5,2025-03-21,2025-04-08,Delivered
100094,38,5,2025-02-02,2025-02-13,Delivered
100095,49,2,2025-06-07,2025-06-30,Delivered
100096,71,1,2025-03-19,2025-04-02,Shipped
100097,75,5,2025-06-17,2025-07-02,Delivered
100098,57,2,2025-05-11,2025-05-31,Delivered
100099,22,1,2025-03-14,2025-04-04,Delivered
100100,80,3,2025-01-24,2025-02-05,Delivered
100101,29,2,2025-02-07,2025-02-12,Pending
100102,61,5,2025-01-19,2025-02-07,Delivered
100103,74,2,2025-06-28,2025-07-15,Delivered
100104,32,2,2025-06-17,2025-06-22,Delivered
100105,14,4,2025-02-26,2025-03-08,Delivered
100106,67,4,2025-01-13,2025-02-04,Shipped
100107,16,4,2025-02-04,2025-02-23,Delivered
100108,72,5,2025-03-23,2025-04-11,Delivered
100109,65,4,2025-05-21,2025-06-09,Delivered
100110,61,4,2025-03-08,2025-03-20,Delivered
100111,36,5,2025-05-05,2025-05-30,Shipped
100112,57,1,2025-03-15,2025-03-27,Shipped
100113,41,5,2025-01-21,2025-01-30,Shipped
100114,50,2,2025-06-30,2025-07-11,Pending
100115,53,3,2025-05-19,2025-06-07,Delivered
100116,27,4,2025-04-10,2025-05-03,Delivered
100117,3,5,2025-04-08,2025-04-28,Pending
100118,46,3,2025-04-10,2025-04-28,Delivered
100119,70,5,2025-02-26,2025-03-18,Shipped
100120,56,4,2025-01-08,2025-01-25,Delivered
100121,52,2,2025-04-30,2025-05-09,Cancelled
100122,69,1,2025-04-11,2025-05-04,Delivered
100123,4,1,2025-06-14,2025-07-02,Shipped
100124,60,2,2025-01-13,2025-01-26,Delivered
100125,28,4,2025-03-25,2025-04-09,Delivered
100126,49,3,2025-04-18,2025-05-01,Delivered
100127,61,1,2025-05-19,2025-05-25,Cancelled
100128,45,2,2025-06-16,2025-06-23,Delivered
100129,6,1,2025-03-05,2025-03-16,Delivered
100130,80,2,2025-03-03,2025-03-12,Delivered
100131,15,5,2025-02-25,2025-03-16,Delivered
100132,48,2,2025-06-05,2025-06-29,Cancelled
100133,15,2,2025-03-21,2025-03-29,Delivered
100134,40,5,2025-06-23,2025-07-10,Delivered
100135,26,1,2025-06-01,2025-06-26,Shipped
100136,39,5,2025-01-31,2025-02-23,Delivered
100137,45,5,2025-04-20,2025-05-06,Pending
100138,44,1,2025-04-18,2025-05-08,Shipped
100139,47,4,2025-02-09,2025-02-27,Shipped
100140,67,3,2025-06-07,2025-06-29,Delivered
100141,60,4,2025-06-01,2025-06-14,Delivered
100142,32,1,2025-03-13,2025-04-01,Shipped
100143,60,5,2025-06-06,2025-06-23,Delivered
100144,64,3,2025-02-16,2025-03-08,Shipped
100145,34,3,2025-03-13,2025-04-06,Delivered
100146,36,5,2025-01-03,2025-01-24,Delivered
100147,11,2,2025-04-15,2025-05-05,Delivered
100148,31,4,2025-06-15,2025-07-05,Delivered
100149,3,1,2025-03-17,2025-03-29,Delivered
100150,32,3,2025-06-19,2025-07-12,Delivered
100151,71,5,2025-03-30,2025-04-17,Cancelled
100152,71,3,2025-04-01,2025-04-20,Shipped
100153,33,2,2025-01-31,2025-02-11,Delivered
100154,69,2,2025-02-19,2025-03-02,Delivered
100155,36,5,2025-05-15,2025-06-08,Shipped
100156,13,2,2025-03-17,2025-03-29,Delivered
100157,39,1,2025-05-17,2025-05-26,Shipped
100158,7,5,2025-03-16,2025-03-25,Delivered
100159,63,1,2025-01-04,2025-01-27,Shipped
100160,62,4,2025-03-29,2025-04-08,Cancelled
100161,33,4,2025-01-30,2025-02-06,Delivered
100162,10,5,2025-06-11,2025-06-17,Shipped
100163,73,3,2025-01-22,2025-02-03,Shipped
100164,54,5,2025-06-02,2025-06-26,Shipped
100165,67,4,2025-04-26,2025-05-15,Shipped
100166,76,4,2025-03-20,2025-04-12,Delivered
100167,79,1,2025-02-23,2025-03-20,Shipped
100168,11,2,2025-03-03,2025-03-13,Delivered
100169,21,1,2025-04-15,2025-05-04,Delivered
100170,61,3,2025-01-09,2025-01-21,Shipped
100171,37,4,2025-01-19,2025-01-31,Delivered
100172,76,2,2025-04-19,2025-04-27,Delivered
100173,20,3,2025-02-06,2025-02-13,Pending
100174,40,5,2025-05-26,2025-06-09,Delivered
100175,60,3,2025-06-29,2025-07-16,Delivered
100176,65,5,2025-05-07,2025-05-26,Pending
100177,6,4,2025-03-24,2025-04-17,Shipped
100178,12,2,2025-06-22,2025-07-15,Delivered
100179,3,3,2025-05-28,2025-06-03,Delivered
100180,23,4,2025-05-13,2025-06-07,Delivered
100181,36,2,2025-05-30,2025-06-17,Delivered
100182,63,1,2025-05-01,2025-05-17,Delivered
100183,42,1,2025-02-11,2025-02-26,Delivered
100184,64,3,2025-06-19,2025-07-06,Delivered
100185,71,1,2025-04-27,2025-05-04,Delivered
100186,42,1,2025-04-14,2025-05-05,Delivered
100187,1,5,2025-04-29,2025-05-17,Pending
100188,67,3,2025-06-09,2025-06-29,Delivered
100189,7,2,2025-03-10,2025-04-01,Shipped
100190,37,4,2025-06-28,2025-07-18,Shipped
100191,78,2,2025-02-10,2025-02-24,Delivered
100192,71,4,2025-01-24,2025-02-05,Cancelled
100193,15,4,2025-01-31,2025-02-25,Delivered
100194,64,3,2025-05-11,2025-05-24,Delivered
100195,62,4,2025-03-04,2025-03-23,Delivered
100196,50,2,2025-06-03,2025-06-24,Delivered
100197,18,1,2025-03-12,2025-03-30,Delivered
100198,65,3,2025-01-01,2025-01-15,Delivered
100199,76,5,2025-06-18,2025-07-08,Delivered
100200,58,5,2025-05-04,2025-05-20,Delivered
100201,70,4,2025-04-27,2025-05-12,Delivered
100202,31,5,2025-04-09,2025-04-21,Delivered
100203,53,1,2025-03-23,2025-04-12,Delivered
100204,49,4,2025-06-19,2025-07-14,Cancelled
100205,64,1,2025-02-02,2025-02-23,Cancelled
100206,43,1,2025-04-23,2025-05-01,Delivered
100207,59,1,2025-02-06,2025-02-24,Delivered
100208,20,1,2025-05-01,2025-05-14,Delivered
100209,51,1,2025-03-26,2025-04-17,Delivered
100210,41,4,2025-05-19,2025-05-25,Delivered
100211,31,3,2025-02-28,2025-03-07,Delivered
100212,13,1,2025-04-24,2025-05-04,Delivered
100213,4,1,2025-03-25,2025-03-31,Shipped
100214,48,4,2025-02-07,2025-02-19,Delivered
100215,73,2,2025-02-13,2025-02-23,Pending
100216,49,5,2025-06-24,2025-07-06,Delivered
100217,75,2,2025-03-01,2025-03-20,Delivered
100218,59,3,2025-06-20,2025-06-25,Delivered
100219,60,3,2025-06-23,2025-07-15,Shipped
100220,57,3,2025-05-31,2025-06-14,Delivered
100221,55,3,2025-04-27,2025-05-11,Shipped
100222,50,4,2025-01-28,2025-02-09,Delivered
100223,46,5,2025-03-17,2025-03-31,Pending
100224,51,3,2025-01-03,2025-01-26,Delivered
100225,7,5,2025-05-08,2025-05-22,Delivered
100226,30,5,2025-04-01,2025-04-13,Delivered
100227,80,3,2025-06-23,2025-07-02,Delivered
100228,6,3,2025-04-23,2025-04-29,Delivered
100229,17,1,2025-03-17,2025-04-01,Delivered
100230,23,2,2025-02-03,2025-02-25,Delivered
100231,47,5,2025-05-09,2025-05-22,Delivered
100232,33,4,2025-03-17,2025-04-01,Delivered
100233,60,1,2025-02-06,2025-02-18,Delivered
100234,51,5,2025-04-04,2025-04-11,Delivered
100235,2,3,2025-05-18,2025-05-26,Delivered
100236,34,5,2025-04-08,2025-05-03,Delivered
100237,14,2,2025-05-01,2025-05-06,Delivered
100238,72,3,2025-06-06,2025-06-18,Delivered
100239,60,3,2025-06-16,2025-07-04,Shipped
100240,6,1,2025-03-19,2025-04-08,Shipped
100241,31,5,2025-02-04,2025-02-21,Delivered
100242,70,4,2025-05-31,2025-06-09,Delivered
100243,13,4,2025-06-07,2025-06-25,Delivered
100244,36,1,2025-06-26,2025-07-12,Shipped
100245,57,2,2025-04-03,2025-04-11,Cancelled
100246,48,5,2025-06-15,2025-07-01,Pending
100247,36,2,2025-02-01,2025-02-20,Pending
100248,28,5,2025-01-06,2025-01-12,Delivered
100249,32,2,2025-05-25,2025-06-05,Pending
100250,71,2,2025-05-31,2025-06-11,Delivered
100251,30,3,2025-02-07,2025-03-03,Pending
100252,19,2,2025-05-19,2025-06-01,Delivered
100253,15,1,2025-02-03,2025-02-08,Delivered
100254,31,5,2025-03-24,2025-03-29,Shipped
100255,7,2,2025-04-18,2025-05-09,Shipped
100256,9,4,2025-04-25,2025-05-11,Delivered
100257,14,4,2025-05-09,2025-05-21,Delivered
100258,6,5,2025-03-19,2025-04-07,Delivered
100259,4,1,2025-05-03,2025-05-20,Delivered
100260,14,4,2025-04-24,2025-05-01,Delivered
100261,42,5,2025-02-07,2025-02-14,Shipped
100262,80,5,2025-05-21,2025-06-05,Delivered
100263,77,5,2025-03-17,2025-04-05,Delivered
100264,56,1,2025-06-29,2025-07-07,Delivered
100265,71,2,2025-04-21,2025-05-10,Delivered
100266,53,3,2025-04-27,2025-05-14,Delivered
100267,13,3,2025-04-20,2025-05-05,Delivered
100268,48,2,2025-06-25,2025-07-15,Pending
100269,11,1,2025-04-21,2025-04-29,Delivered
100270,48,2,2025-05-23,2025-05-29,Delivered
100271,72,5,2025-03-26,2025-04-03,Delivered
100272,55,1,2025-03-15,2025-04-08,Delivered
100273,14,5,2025-05-10,2025-05-21,Shipped
100274,62,2,2025-01-28,2025-02-13,Delivered
100275,48,1,2025-03-13,2025-04-05,Shipped
100276,55,5,2025-06-09,2025-07-03,Delivered
100277,72,1,2025-06-05,2025-06-18,Pending
100278,35,3,2025-03-28,2025-04-13,Pending
100279,19,5,2025-06-18,2025-07-05,Pending
100280,4,1,2025-05-16,2025-05-27,Delivered
100281,59,3,2025-02-10,2025-02-26,Delivered
100282,42,5,2025-06-02,2025-06-09,Delivered
100283,20,2,2025-06-08,2025-06-14,Delivered
100284,35,4,2025-06-19,2025-07-07,Delivered
100285,57,4,2025-03-11,2025-03-22,Delivered
100286,15,3,2025-04-21,2025-04-29,Shipped
100287,76,4,2025-05-15,2025-05-29,Pending
100288,51,5,2025-01-15,2025-01-20,Shipped
100289,28,2,2025-03-07,2025-03-21,Delivered
100290,1,4,2025-04-21,2025-05-01,Shipped
100291,69,2,2025-05-09,2025-05-31,Delivered
100292,46,1,2025-04-12,2025-04-18,Delivered
100293,59,1,2025-03-22,2025-04-14,Delivered
100294,52,4,2025-03-16,2025-03-24,Delivered
100295,42,2,2025-06-08,2025-06-27,Delivered
100296,47,1,2025-04-22,2025-04-30,Shipped
100297,76,4,2025-05-15,2025-05-22,Delivered
100298,40,3,2025-02-26,2025-03-13,Delivered
100299,10,5,2025-06-12,2025-06-20,Delivered
100300,25,3,2025-03-31,2025-04-25,Delivered
100301,31,1,2025-02-07,2025-02-20,Shipped
100302,78,2,2025-06-17,2025-06-24,Shipped
100303,64,4,2025-05-25,2025-06-17,Delivered
100304,73,5,2025-03-24,2025-04-18,Delivered
100305,57,1,2025-05-01,2025-05-20,Delivered
100306,36,5,2025-01-15,2025-01-31,Delivered
100307,40,4,2025-04-26,2025-05-02,Pending
100308,37,1,2025-06-15,2025-06-22,Delivered
100309,65,4,2025-04-29,2025-05-22,Delivered
100310,6,4,2025-05-27,2025-06-21,Shipped
100311,78,4,2025-05-09,2025-05-18,Cancelled
100312,58,1,2025-03-29,2025-04-05,Delivered
100313,23,1,2025-03-05,2025-03-24,Cancelled
100314,68,5,2025-06-06,2025-06-16,Delivered
100315,37,4,2025-04-15,2025-04-30,Delivered
100316,7,3,2025-01-17,2025-02-01,Pending
100317,50,3,2025-03-06,2025-03-30,Delivered
100318,43,1,2025-05-30,2025-06-08,Delivered
100319,40,4,2025-02-03,2025-02-27,Delivered
100320,11,3,2025-05-24,2025-06-10,Delivered
100321,43,2,2025-06-21,2025-07-12,Pending
100322,55,5,2025-04-03,2025-04-08,Delivered
100323,24,2,2025-03-29,2025-04-18,Shipped
100324,18,2,2025-01-20,2025-02-03,Delivered
100325,13,5,2025-05-19,2025-06-09,Pending
100326,44,5,2025-02-03,2025-02-27,Delivered
100327,21,2,2025-06-27,2025-07-21,Delivered
100328,22,4,2025-01-12,2025-01-30,Delivered
100329,31,4,2025-06-06,2025-06-20,Delivered
100330,58,2,2025-05-17,2025-05-29,Delivered
100331,61,2,2025-04-05,2025-04-28,Cancelled
100332,60,3,2025-04-08,2025-04-29,Delivered
100333,21,2,2025-06-04,2025-06-13,Delivered
100334,7,4,2025-04-06,2025-04-28,Delivered
100335,67,1,2025-03-14,2025-03-21,Delivered
100336,35,4,2025-05-12,2025-05-21,Delivered
100337,12,2,2025-04-26,2025-05-12,Delivered
100338,54,1,2025-04-12,2025-05-03,Delivered
100339,50,1,2025-04-06,2025-04-18,Pending
100340,13,3,2025-02-07,2025-02-16,Pending
100341,61,2,2025-06-30,2025-07-20,Delivered
100342,1,1,2025-01-05,2025-01-18,Shipped
100343,20,5,2025-06-05,2025-06-26,Delivered
100344,37,2,2025-03-19,2025-03-27,Pending
100345,54,5,2025-04-28,2025-05-05,Shipped
100346,64,5,2025-05-18,2025-05-23,Delivered
100347,74,2,2025-02-06,2025-02-20,Delivered
100348,79,3,2025-03-03,2025-03-26,Delivered
100349,11,5,2025-04-03,2025-04-10,Cancelled
100350,70,5,2025-05-10,2025-06-01,Pending
100351,61,1,2025-06-12,2025-06-29,Cancelled
100352,33,1,2025-04-02,2025-04-09,Delivered
100353,14,5,2025-03-27,2025-04-05,Pending
100354,70,3,2025-06-14,2025-06-24,Delivered
100355,60,4,2025-06-11,2025-06-21,Delivered
100356,9,4,2025-01-10,2025-01-24,Shipped
100357,26,1,2025-03-22,2025-04-05,Delivered
100358,70,4,2025-03-06,2025-03-12,Delivered
100359,25,3,2025-04-02,2025-04-08,Delivered
100360,43,3,2025-02-01,2025-02-17,Delivered
100361,52,4,2025-04-09,2025-04-24,Cancelled
100362,64,4,2025-04-05,2025-04-26,Shipped
100363,11,4,2025-01-21,2025-02-08,Delivered
100364,24,5,2025-03-17,2025-04-01,Shipped
100365,42,3,2025-03-20,2025-04-08,Delivered
100366,55,2,2025-06-26,2025-07-15,Delivered
100367,6,3,2025-06-07,2025-06-25,Shipped
100368,8,1,2025-06-21,2025-07-16,Delivered
100369,66,2,2025-01-08,2025-01-17,Delivered
100370,57,1,2025-02-02,2025-02-09,Shipped
100371,47,3,2025-04-09,2025-05-02,Pending
100372,20,4,2025-04-05,2025-04-21,Delivered
100373,10,5,2025-02-05,2025-02-26,Delivered
100374,41,3,2025-03-05,2025-03-13,Pending
100375,24,4,2025-05-13,2025-05-30,Delivered
100376,16,3,2025-03-08,2025-03-27,Shipped
100377,79,3,2025-06-27,2025-07-17,Shipped
100378,18,1,2025-04-26,2025-05-06,Delivered
100379,57,1,2025-06-24,2025-07-09,Delivered
100380,9,5,2025-05-19,2025-06-02,Delivered
100381,21,2,2025-04-03,2025-04-24,Shipped
100382,26,2,2025-03-02,2025-03-22,Pending
100383,71,5,2025-04-05,2025-04-24,Delivered
100384,71,2,2025-06-06,2025-06-13,Pending
100385,51,4,2025-05-15,2025-06-02,Delivered
100386,74,1,2025-02-02,2025-02-17,Delivered
100387,58,4,2025-06-24,2025-07-15,Delivered
100388,71,5,2025-02-16,2025-02-25,Delivered
100389,8,1,2025-05-13,2025-05-22,Delivered
100390,21,3,2025-02-27,2025-03-15,Delivered
100391,67,3,2025-01-21,2025-02-03,Shipped
100392,71,3,2025-02-02,2025-02-27,Delivered
100393,69,1,2025-05-09,2025-06-03,Shipped
100394,75,2,2025-02-13,2025-03-09,Delivered
100395,78,3,2025-05-25,2025-05-31,Delivered
100396,4,1,2025-01-12,2025-02-06,Delivered
100397,34,2,2025-05-27,2025-06-14,Delivered
100398,4,4,2025-06-10,2025-07-02,Shipped
100399,39,4,2025-03-04,2025-03-21,Shipped
100400,10,1,2025-02-10,2025-03-01,Delivered
100401,60,2,2025-03-29,2025-04-22,Shipped
100402,41,3,2025-04-13,2025-04-22,Delivered
100403,66,5,2025-01-28,2025-02-12,Shipped
100404,16,3,2025-04-26,2025-05-08,Shipped
100405,7,3,2025-04-09,2025-05-03,Delivered
100406,21,3,2025-05-28,2025-06-12,Shipped
100407,21,4,2025-05-12,2025-05-31,Delivered
100408,40,4,2025-01-06,2025-01-13,Delivered
100409,65,4,2025-03-03,2025-03-14,Delivered
100410,7,1,2025-03-14,2025-04-03,Delivered
100411,61,3,2025-05-18,2025-05-23,Delivered
100412,56,2,2025-03-09,2025-03-25,Delivered
100413,47,1,2025-04-13,2025-04-19,Delivered
100414,25,3,2025-05-22,2025-06-05,Pending
100415,65,4,2025-05-21,2025-06-03,Delivered
100416,80,5,2025-01-31,2025-02-09,Cancelled
100417,51,3,2025-03-28,2025-04-19,Delivered
100418,19,2,2025-06-04,2025-06-25,Delivered
100419,6,1,2025-01-10,2025-01-19,Delivered
100420,61,5,2025-04-27,2025-05-06,Delivered
100421,66,2,2025-03-25,2025-04-18,Delivered
100422,51,5,2025-03-18,2025-04-10,Delivered
100423,66,5,2025-05-06,2025-05-29,Shipped
100424,3,3,2025-03-26,2025-04-03,Cancelled
100425,75,3,2025-06-26,2025-07-21,Pending
100426,61,3,2025-06-17,2025-07-10,Delivered
100427,7,5,2025-05-03,2025-05-13,Delivered
100428,80,4,2025-02-07,2025-02-19,Pending
100429,15,2,2025-01-05,2025-01-24,Delivered
100430,20,4,2025-06-26,2025-07-07,Delivered
100431,79,4,2025-01-16,2025-01-25,Delivered
100432,72,3,2025-06-19,2025-07-09,Delivered
100433,41,2,2025-04-28,2025-05-20,Delivered
100434,46,3,2025-06-06,2025-06-26,Shipped
100435,32,3,2025-05-23,2025-06-06,Shipped
100436,39,3,2025-06-30,2025-07-11,Delivered
100437,63,3,2025-05-03,2025-05-19,Delivered
100438,36,3,2025-02-01,2025-02-24,Delivered
100439,49,4,2025-03-30,2025-04-08,Shipped
100440,37,1,2025-03-30,2025-04-18,Delivered
100441,62,2,2025-02-21,2025-03-15,Shipped
100442,72,3,2025-02-05,2025-02-13,Delivered
100443,76,2,2025-03-04,2025-03-10,Delivered
100444,68,2,2025-06-13,2025-06-25,Pending
100445,53,3,2025-05-01,2025-05-09,Delivered
100446,18,1,2025-05-21,2025-05-31,Delivered
100447,61,4,2025-06-16,2025-06-27,Delivered
100448,37,3,2025-03-15,2025-04-09,Pending
100449,12,5,2025-03-01,2025-03-23,Delivered
100450,5,2,2025-04-17,2025-04-27,Delivered
100451,5,4,2025-05-07,2025-05-17,Delivered
100452,38,1,2025-01-03,2025-01-17,Delivered
100453,14,3,2025-03-14,2025-04-02,Cancelled
100454,70,5,2025-05-07,2025-05-16,Delivered
100455,60,3,2025-02-19,2025-02-27,Delivered
100456,59,3,2025-02-17,2025-02-22,Delivered
100457,38,5,2025-06-22,2025-07-03,Shipped
100458,52,4,2025-05-12,2025-05-27,Pending
100459,13,2,2025-02-05,2025-02-25,Delivered
100460,32,1,2025-03-08,2025-03-25,Shipped
100461,35,3,2025-03-19,2025-04-11,Delivered
100462,2,3,2025-06-17,2025-07-03,Delivered
100463,8,1,2025-04-30,2025-05-14,Shipped
100464,65,3,2025-06-26,2025-07-04,Delivered
100465,38,3,2025-06-07,2025-06-19,Shipped
100466,18,4,2025-02-09,2025-02-28,Delivered
100467,78,3,2025-04-17,2025-05-09,Delivered
100468,69,2,2025-03-05,2025-03-29,Delivered
100469,11,5,2025-04-25,2025-05-16,Delivered
100470,10,5,2025-01-29,2025-02-04,Delivered
100471,65,2,2025-05-27,2025-06-18,Shipped
100472,42,5,2025-04-24,2025-05-02,Delivered
100473,75,4,2025-01-24,2025-02-14,Delivered
100474,8,4,2025-02-03,2025-02-24,Delivered
100475,73,1,2025-05-24,2025-06-12,Delivered
100476,40,1,2025-04-12,2025-04-25,Delivered
100477,28,5,2025-01-19,2025-01-25,Delivered
100478,9,5,2025-01-16,2025-01-23,Cancelled
100479,61,1,2025-03-15,2025-04-02,Shipped
100480,18,4,2025-04-06,2025-04-23,Delivered
100481,49,4,2025-01-21,2025-02-12,Shipped
100482,45,1,2025-02-15,2025-03-09,Delivered
100483,17,2,2025-01-01,2025-01-06,Cancelled
100484,60,5,2025-04-19,2025-05-11,Delivered
100485,30,2,2025-04-28,2025-05-14,Shipped
100486,25,1,2025-01-09,2025-01-27,Delivered
100487,3,2,2025-02-22,2025-03-01,Shipped
100488,5,4,2025-06-03,2025-06-09,Shipped
100489,6,4,2025-04-23,2025-05-05,Delivered
100490,8,2,2025-05-09,2025-05-23,Shipped
100491,74,3,2025-05-28,2025-06-21,Delivered
100492,42,2,2025-03-19,2025-03-28,Cancelled
100493,67,2,2025-04-16,2025-04-30,Shipped
100494,72,5,2025-02-14,2025-03-11,Delivered
100495,72,4,2025-01-13,2025-01-29,Delivered
100496,49,5,2025-03-23,2025-04-10,Delivered
100497,39,4,2025-02-17,2025-03-11,Delivered
100498,29,3,2025-02-06,2025-02-25,Delivered
100499,72,4,2025-04-17,2025-05-09,Delivered
100500,50,2,2025-03-07,2025-03-18,Delivered
100501,11,4,2025-04-05,2025-04-12,Delivered
100502,25,1,2025-03-10,2025-03-27,Delivered
100503,78,1,2025-01-19,2025-01-30,Delivered
100504,76,5,2025-02-25,2025-03-17,Shipped
100505,43,3,2025-01-04,2025-01-15,Delivered
100506,16,4,2025-03-04,2025-03-28,Delivered
100507,51,2,2025-05-22,2025-06-06,Delivered
100508,49,4,2025-05-17,2025-06-11,Delivered
100509,34,3,2025-05-12,2025-06-01,Delivered
100510,61,3,2025-02-22,2025-03-10,Delivered
100511,6,5,2025-02-26,2025-03-07,Pending
100512,71,5,2025-05-29,2025-06-16,Shipped
100513,26,3,2025-02-28,2025-03-17,Delivered
100514,32,4,2025-05-21,2025-06-15,Delivered
100515,44,3,2025-05-06,2025-05-31,Delivered
100516,59,2,2025-04-01,2025-04-11,Shipped
100517,70,4,2025-02-17,2025-03-11,Cancelled
100518,8,5,2025-01-09,2025-01-16,Delivered
100519,7,1,2025-04-16,2025-04-25,Delivered
100520,30,1,2025-02-08,2025-02-13,Shipped
100521,59,3,2025-01-16,2025-02-09,Delivered
100522,79,4,2025-06-18,2025-07-08,Pending
100523,69,5,2025-04-16,2025-04-21,Pending
100524,36,5,2025-03-15,2025-03-20,Delivered
100525,56,2,2025-01-28,2025-02-05,Delivered
100526,31,2,2025-06-08,2025-06-29,Shipped
100527,46,3,2025-04-12,2025-04-19,Delivered
100528,52,4,2025-05-25,2025-06-06,Cancelled
100529,29,3,2025-06-25,2025-07-02,Delivered
100530,5,1,2025-04-14,2025-05-01,Delivered
100531,61,1,2025-06-13,2025-06-18,Delivered
100532,11,4,2025-04-22,2025-05-17,Delivered
100533,73,1,2025-05-16,2025-05-22,Shipped
100534,73,4,2025-03-11,2025-03-17,Delivered
100535,36,5,2025-05-25,2025-05-31,Shipped
100536,41,1,2025-02-23,2025-03-18,Shipped
100537,51,1,2025-03-18,2025-03-28,Delivered
100538,73,4,2025-06-23,2025-07-15,Delivered
100539,18,1,2025-05-09,2025-05-25,Pending
100540,56,2,2025-01-20,2025-02-04,Delivered
100541,79,5,2025-04-12,2025-04-27,Pending
100542,35,4,2025-05-06,2025-05-18,Delivered
100543,49,4,2025-02-17,2025-03-12,Delivered
100544,11,5,2025-03-17,2025-03-29,Delivered
100545,11,3,2025-02-09,2025-02-26,Delivered
100546,20,4,2025-03-23,2025-04-08,Shipped
100547,1,3,2025-04-24,2025-05-10,Delivered
100548,14,2,2025-01-23,2025-02-02,Delivered
100549,72,5,2025-05-12,2025-05-30,Shipped
100550,12,3,2025-05-22,2025-05-29,Delivered
100551,42,4,2025-01-04,2025-01-18,Delivered
100552,11,5,2025-03-04,2025-03-27,Delivered
100553,49,2,2025-02-05,2025-02-18,Delivered
100554,64,2,2025-01-17,2025-01-27,Delivered
100555,54,3,2025-05-04,2025-05-11,Delivered
100556,32,4,2025-06-02,2025-06-26,Shipped
100557,14,2,2025-03-19,2025-03-24,Delivered
100558,43,5,2025-04-08,2025-04-23,Delivered
100559,56,5,2025-02-04,2025-02-18,Delivered
100560,26,4,2025-03-22,2025-04-01,Cancelled
100561,41,3,2025-06-27,2025-07-22,Delivered
100562,74,2,2025-03-25,2025-04-11,Shipped
100563,51,3,2025-01-30,2025-02-22,Shipped
100564,70,2,2025-06-24,2025-07-16,Pending
100565,60,2,2025-04-23,2025-05-07,Delivered
100566,9,4,2025-06-22,2025-07-12,Shipped
100567,39,2,2025-03-06,2025-03-15,Delivered
100568,49,1,2025-04-25,2025-05-19,Delivered
100569,52,5,2025-05-10,2025-05-28,Delivered
100570,47,5,2025-06-02,2025-06-27,Delivered
100571,14,2,2025-06-18,2025-07-04,Shipped
100572,79,1,2025-05-25,2025-06-19,Delivered
100573,52,3,2025-04-21,2025-04-29,Pending
100574,34,2,2025-05-11,2025-06-01,Delivered
100575,74,2,2025-04-25,2025-05-11,Delivered
100576,76,5,2025-02-08,2025-02-24,Cancelled
100577,62,1,2025-03-17,2025-04-04,Delivered
100578,11,1,2025-02-06,2025-02-22,Delivered
100579,59,2,2025-05-14,2025-06-03,Delivered
100580,13,4,2025-06-28,2025-07-17,Delivered
100581,39,1,2025-01-30,2025-02-04,Delivered
100582,14,2,2025-03-04,2025-03-25,Shipped
100583,21,3,2025-05-24,2025-06-11,Cancelled
100584,30,4,2025-06-11,2025-06-21,Shipped
100585,56,4,2025-01-08,2025-02-01,Delivered
100586,58,5,2025-04-20,2025-05-07,Pending
100587,28,2,2025-03-13,2025-03-20,Delivered
100588,69,2,2025-04-04,2025-04-19,Shipped
100589,15,3,2025-06-21,2025-07-11,Delivered
100590,41,5,2025-04-10,2025-05-04,Delivered
100591,15,3,2025-04-01,2025-04-20,Delivered
100592,39,5,2025-06-01,2025-06-08,Delivered
100593,41,1,2025-03-03,2025-03-17,Shipped
100594,48,2,2025-05-11,2025-05-28,Delivered
100595,18,5,2025-04-09,2025-04-27,Shipped
100596,69,2,2025-05-23,2025-06-02,Delivered
100597,18,2,2025-03-22,2025-04-10,Delivered
100598,46,1,2025-05-05,2025-05-14,Shipped
100599,50,5,2025-05-10,2025-06-04,Delivered
100600,63,4,2025-04-24,2025-05-14,Shipped
100601,73,1,2025-02-26,2025-03-12,Pending
100602,29,5,2025-03-15,2025-03-25,Delivered
100603,73,4,2025-05-21,2025-06-11,Shipped
100604,15,3,2025-05-20,2025-06-05,Delivered
100605,6,4,2025-05-20,2025-05-31,Cancelled
100606,14,2,2025-03-18,2025-03-24,Delivered
100607,45,1,2025-04-23,2025-05-01,Delivered
100608,31,2,2025-05-31,2025-06-16,Delivered
100609,79,4,2025-02-12,2025-03-08,Shipped
100610,27,2,2025-01-16,2025-02-08,Delivered
100611,36,5,2025-05-18,2025-05-28,Delivered
100612,38,3,2025-05-27,2025-06-09,Cancelled
100613,66,1,2025-02-04,2025-02-22,Delivered
100614,36,2,2025-06-29,2025-07-08,Shipped
100615,42,2,2025-06-23,2025-07-10,Delivered
100616,74,3,2025-06-10,2025-06-28,Delivered
100617,10,1,2025-04-14,2025-05-05,Delivered
100618,48,4,2025-05-05,2025-05-20,Delivered
100619,12,4,2025-06-12,2025-06-28,Delivered
100620,69,4,2025-02-25,2025-03-15,Delivered
100621,64,3,2025-03-24,2025-04-07,Delivered
100622,74,2,2025-05-25,2025-06-14,Delivered
100623,7,1,2025-01-26,2025-02-20,Delivered
100624,59,1,2025-02-01,2025-02-11,Delivered
100625,1,4,2025-02-21,2025-03-02,Delivered
100626,39,2,2025-03-12,2025-03-19,Delivered
100627,33,1,2025-04-06,2025-05-01,Shipped
100628,51,3,2025-06-29,2025-07-11,Delivered
100629,12,1,2025-01-01,2025-01-12,Delivered
100630,17,5,2025-02-27,2025-03-20,Delivered
100631,2,1,2025-06-28,2025-07-13,Delivered
100632,55,2,2025-05-03,2025-05-10,Shipped
100633,12,1,2025-01-27,2025-02-11,Delivered
100634,39,2,2025-04-08,2025-04-17,Delivered
100635,19,1,2025-05-16,2025-06-08,Pending
100636,22,4,2025-03-31,2025-04-11,Delivered
100637,20,4,2025-06-07,2025-06-26,Delivered
100638,12,1,2025-02-05,2025-02-13,Delivered
100639,50,3,2025-04-20,2025-05-05,Delivered
100640,32,3,2025-06-15,2025-06-22,Shipped
100641,77,5,2025-06-05,2025-06-19,Delivered
100642,4,3,2025-02-22,2025-03-15,Delivered
100643,25,4,2025-03-17,2025-04-11,Pending
100644,31,4,2025-04-09,2025-04-17,Shipped
100645,77,1,2025-05-16,2025-05-21,Cancelled
100646,41,2,2025-04-10,2025-05-03,Delivered
100647,70,2,2025-05-01,2025-05-08,Pending
100648,9,1,2025-03-09,2025-03-20,Pending
100649,8,4,2025-05-10,2025-05-24,Delivered
100650,65,4,2025-04-19,2025-05-06,Pending
100651,69,5,2025-06-07,2025-06-16,Shipped
100652,40,1,2025-05-11,2025-05-22,Cancelled
100653,20,5,2025-03-25,2025-04-11,Delivered
100654,9,3,2025-06-28,2025-07-16,Delivered
100655,31,1,2025-03-04,2025-03-11,Delivered
100656,15,4,2025-06-06,2025-06-30,Pending
100657,23,1,2025-01-04,2025-01-13,Delivered
100658,21,4,2025-03-30,2025-04-20,Delivered
100659,34,2,2025-04-06,2025-04-15,Delivered
100660,35,1,2025-01-08,2025-01-23,Delivered
100661,35,5,2025-01-17,2025-01-30,Delivered
100662,74,1,2025-05-08,2025-05-27,Delivered
100663,8,4,2025-05-26,2025-06-05,Delivered
100664,33,1,2025-05-27,2025-06-04,Shipped
100665,66,1,2025-01-12,2025-01-17,Shipped
100666,61,3,2025-04-09,2025-04-18,Shipped
100667,5,5,2025-06-17,2025-07-05,Shipped
100668,32,4,2025-03-23,2025-04-05,Delivered
100669,74,3,2025-01-31,2025-02-21,Delivered
100670,7,2,2025-02-27,2025-03-20,Cancelled
100671,52,1,2025-04-30,2025-05-14,Delivered
100672,40,3,2025-01-23,2025-02-14,Delivered
100673,48,2,2025-03-16,2025-04-08,Delivered
100674,80,2,2025-04-29,2025-05-15,Delivered
100675,64,2,2025-05-20,2025-06-01,Shipped
100676,53,1,2025-03-01,2025-03-23,Delivered
100677,2,3,2025-01-01,2025-01-18,Delivered
100678,40,1,2025-02-22,2025-03-15,Cancelled
100679,54,4,2025-01-16,2025-01-25,Delivered
100680,12,1,2025-03-01,2025-03-22,Delivered
100681,48,4,2025-01-22,2025-02-14,Pending
100682,18,4,2025-01-20,2025-02-12,Delivered
100683,56,2,2025-03-02,2025-03-16,Shipped
100684,41,4,2025-06-29,2025-07-14,Delivered
100685,35,2,2025-01-20,2025-01-31,Shipped
100686,75,1,2025-02-09,2025-02-17,Shipped
100687,60,3,2025-04-15,2025-04-23,Delivered
100688,27,4,2025-03-20,2025-04-08,Shipped
100689,16,1,2025-02-10,2025-02-24,Delivered
100690,78,1,2025-02-25,2025-03-12,Shipped
100691,32,3,2025-04-12,2025-05-03,Pending
100692,39,3,2025-02-14,2025-02-19,Cancelled
100693,58,5,2025-05-21,2025-06-02,Pending
100694,14,2,2025-02-01,2025-02-06,Pending
100695,29,2,2025-02-20,2025-03-09,Delivered
100696,11,5,2025-05-31,2025-06-13,Delivered
100697,10,1,2025-01-17,2025-01-28,Delivered
100698,57,2,2025-01-24,2025-02-08,Shipped
100699,60,1,2025-02-13,2025-03-08,Delivered
100700,51,4,2025-01-08,2025-01-25,Delivered
100701,23,3,2025-02-24,2025-03-06,Shipped
100702,58,2,2025-01-09,2025-02-02,Delivered
100703,32,3,2025-05-08,2025-05-26,Delivered
100704,62,1,2025-01-23,2025-02-05,Delivered
100705,54,2,2025-06-14,2025-07-05,Shipped
100706,70,1,2025-04-08,2025-04-24,Delivered
100707,63,3,2025-05-25,2025-06-15,Delivered
100708,35,2,2025-01-07,2025-01-22,Delivered
100709,4,3,2025-01-15,2025-02-04,Delivered
100710,75,2,2025-02-10,2025-02-18,Shipped
100711,31,3,2025-05-17,2025-05-23,Delivered
100712,29,5,2025-04-10,2025-04-26,Delivered
100713,23,2,2025-03-02,2025-03-25,Delivered
100714,46,5,2025-01-08,2025-01-24,Delivered
100715,73,2,2025-05-25,2025-06-05,Delivered
100716,64,5,2025-03-21,2025-03-31,Delivered
100717,12,1,2025-03-01,2025-03-25,Shipped
100718,68,4,2025-01-01,2025-01-16,Delivered
100719,26,2,2025-03-29,2025-04-08,Delivered
100720,42,1,2025-01-06,2025-01-15,Delivered
100721,19,1,2025-05-15,2025-05-31,Cancelled
100722,48,4,2025-05-31,2025-06-08,Delivered
100723,42,2,2025-02-10,2025-02-28,Delivered
100724,63,3,2025-02-14,2025-03-08,Delivered
100725,79,3,2025-02-27,2025-03-22,Delivered
100726,49,3,2025-06-26,2025-07-10,Shipped
100727,1,5,2025-04-11,2025-05-04,Pending
100728,78,3,2025-06-06,2025-06-18,Delivered
100729,14,4,2025-02-06,2025-02-21,Delivered
100730,31,3,2025-03-23,2025-04-02,Delivered
100731,12,3,2025-04-25,2025-04-30,Shipped
100732,32,1,2025-03-31,2025-04-13,Delivered
100733,1,1,2025-04-09,2025-04-28,Delivered
100734,22,4,2025-05-07,2025-05-24,Delivered
100735,49,1,2025-05-03,2025-05-26,Delivered
100736,29,2,2025-04-26,2025-05-03,Delivered
100737,5,3,2025-01-06,2025-01-21,Shipped
100738,14,1,2025-03-29,2025-04-08,Delivered
100739,21,1,2025-05-21,2025-05-28,Delivered
100740,79,4,2025-06-30,2025-07-05,Delivered
100741,22,5,2025-04-22,2025-05-02,Pending
100742,43,2,2025-02-18,2025-03-08,Delivered
100743,70,3,2025-06-19,2025-07-03,Shipped
100744,13,1,2025-04-11,2025-05-04,Delivered
100745,63,2,2025-01-14,2025-01-30,Pending
100746,12,3,2025-06-19,2025-07-14,Delivered
100747,26,1,2025-01-07,2025-01-18,Shipped
100748,38,1,2025-05-02,2025-05-10,Delivered
100749,51,4,2025-05-06,2025-05-19,Pending
100750,70,4,2025-02-17,2025-03-05,Delivered
100751,48,2,2025-04-25,2025-05-01,Shipped
100752,60,3,2025-02-27,2025-03-12,Delivered
100753,20,1,2025-01-22,2025-02-07,Delivered
100754,53,5,2025-02-28,2025-03-22,Pending
100755,50,5,2025-04-18,2025-05-10,Delivered
100756,61,5,2025-03-02,2025-03-22,Shipped
100757,51,1,2025-05-09,2025-06-01,Delivered
100758,74,5,2025-02-07,2025-02-15,Delivered
100759,58,2,2025-02-12,2025-02-23,Delivered
100760,17,1,2025-04-19,2025-04-26,Cancelled
100761,56,2,2025-06-10,2025-06-19,Delivered
100762,34,3,2025-01-18,2025-01-25,Delivered
100763,51,5,2025-03-25,2025-04-07,Delivered
100764,2,5,2025-05-31,2025-06-21,Delivered
100765,15,4,2025-02-08,2025-02-17,Delivered
100766,75,1,2025-01-28,2025-02-20,Delivered
100767,37,5,2025-03-30,2025-04-17,Shipped
100768,63,5,2025-06-05,2025-06-25,Pending
100769,36,4,2025-02-06,2025-03-02,Delivered
100770,52,1,2025-04-12,2025-04-27,Delivered
100771,7,4,2025-03-10,2025-03-26,Pending
100772,39,3,2025-03-13,2025-04-02,Delivered
100773,13,2,2025-02-04,2025-02-18,Cancelled
100774,57,3,2025-03-10,2025-03-28,Delivered
100775,12,2,2025-04-24,2025-05-05,Delivered
100776,53,4,2025-05-13,2025-05-29,Delivered
100777,66,2,2025-01-17,2025-01-31,Delivered
100778,52,2,2025-05-15,2025-06-07,Pending
100779,25,2,2025-01-15,2025-01-27,Pending
100780,7,3,2025-06-30,2025-07-11,Shipped
100781,60,5,2025-04-12,2025-05-07,Delivered
100782,4,2,2025-04-06,2025-04-26,Delivered
100783,23,4,2025-05-31,2025-06-22,Delivered
100784,21,3,2025-06-26,2025-07-03,Shipped
100785,50,1,2025-02-11,2025-03-06,Delivered
100786,28,2,2025-06-15,2025-06-27,Delivered
100787,35,4,2025-05-12,2025-05-17,Delivered
100788,2,4,2025-02-03,2025-02-28,Shipped
100789,2,2,2025-03-06,2025-03-30,Delivered
100790,40,3,2025-04-19,2025-05-06,Delivered
100791,59,3,2025-02-25,2025-03-16,Delivered
100792,67,5,2025-04-12,2025-05-05,Shipped
100793,66,3,2025-05-24,2025-06-18,Delivered
100794,37,3,2025-06-25,2025-07-03,Delivered
100795,44,3,2025-06-13,2025-06-28,Delivered
100796,34,3,2025-02-18,2025-02-27,Delivered
100797,31,1,2025-06-03,2025-06-20,Delivered
100798,18,1,2025-06-17,2025-07-07,Cancelled
100799,34,4,2025-04-14,2025-05-01,Delivered
100800,75,5,2025-02-18,2025-03-05,Delivered
100801,29,5,2025-06-13,2025-07-03,Delivered
100802,46,5,2025-03-18,2025-03-28,Delivered
100803,72,2,2025-03-17,2025-03-25,Delivered
100804,34,5,2025-02-16,2025-03-03,Delivered
100805,29,3,2025-02-27,2025-03-13,Delivered
100806,43,3,2025-03-08,2025-03-31,Shipped
100807,16,4,2025-01-14,2025-02-08,Delivered
100808,80,1,2025-05-01,2025-05-12,Delivered
100809,49,5,2025-03-18,2025-04-05,Pending
100810,20,2,2025-02-21,2025-03-08,Delivered
100811,73,4,2025-02-06,2025-02-21,Delivered
100812,24,1,2025-05-05,2025-05-20,Delivered
100813,23,3,2025-06-12,2025-06-18,Pending
100814,36,2,2025-02-13,2025-03-08,Delivered
100815,63,1,2025-02-03,2025-02-27,Delivered
100816,55,4,2025-04-20,2025-05-10,Delivered
100817,5,5,2025-02-21,2025-03-09,Cancelled
100818,42,5,2025-02-18,2025-02-23,Delivered
100819,32,2,2025-06-27,2025-07-13,Delivered
100820,14,4,2025-05-09,2025-06-01,Delivered
100821,9,1,2025-03-18,2025-04-01,Delivered
100822,67,5,2025-05-15,2025-05-30,Delivered
100823,18,3,2025-05-06,2025-05-22,Delivered
100824,22,4,2025-01-05,2025-01-17,Shipped
100825,17,2,2025-01-06,2025-01-29,Delivered
100826,16,3,2025-06-16,2025-06-22,Delivered
100827,33,5,2025-06-09,2025-06-15,Delivered
100828,7,1,2025-06-17,2025-06-22,Pending
100829,15,4,2025-04-24,2025-05-11,Shipped
100830,33,4,2025-06-29,2025-07-08,Shipped
100831,2,3,2025-04-18,2025-04-26,Delivered
100832,35,5,2025-06-05,2025-06-14,Delivered
100833,14,5,2025-06-08,2025-06-16,Shipped
100834,14,4,2025-02-20,2025-03-16,Shipped
100835,34,5,2025-02-21,2025-03-09,Delivered
100836,38,2,2025-01-11,2025-02-02,Delivered
100837,27,4,2025-03-26,2025-04-07,Pending
100838,12,1,2025-05-27,2025-06-16,Shipped
100839,12,5,2025-01-20,2025-01-28,Delivered
100840,30,4,2025-03-17,2025-03-30,Delivered
100841,13,2,2025-01-11,2025-01-25,Delivered
100842,41,4,2025-01-30,2025-02-07,Delivered
100843,6,1,2025-02-05,2025-03-02,Shipped
100844,46,4,2025-06-09,2025-06-22,Delivered
100845,12,3,2025-03-29,2025-04-08,Shipped
100846,52,4,2025-03-11,2025-03-28,Delivered
100847,62,4,2025-06-16,2025-06-26,Shipped
100848,8,2,2025-01-27,2025-02-14,Delivered
100849,62,5,2025-06-23,2025-07-12,Shipped
100850,49,3,2025-06-06,2025-06-11,Delivered
100851,17,4,2025-05-05,2025-05-13,Delivered
100852,57,1,2025-01-17,2025-01-30,Delivered
100853,2,5,2025-05-28,2025-06-20,Shipped
100854,44,5,2025-05-14,2025-06-07,Pending
100855,32,4,2025-03-30,2025-04-24,Delivered
100856,72,5,2025-01-14,2025-01-19,Delivered
100857,21,5,2025-05-01,2025-05-21,Delivered
100858,10,4,2025-03-24,2025-04-05,Delivered
100859,36,1,2025-05-10,2025-05-22,Delivered
100860,49,4,2025-03-02,2025-03-09,Delivered
100861,74,4,2025-01-23,2025-02-12,Delivered
100862,16,4,2025-06-17,2025-06-22,Shipped
100863,53,1,2025-05-23,2025-06-14,Pending
100864,12,5,2025-06-08,2025-07-03,Delivered
100865,66,5,2025-02-22,2025-03-19,Delivered
100866,44,3,2025-01-14,2025-01-26,Delivered
100867,43,5,2025-06-08,2025-07-02,Delivered
100868,47,4,2025-01-30,2025-02-07,Delivered
100869,29,1,2025-03-29,2025-04-14,Delivered
100870,38,5,2025-05-14,2025-05-30,Delivered
100871,6,2,2025-05-07,2025-05-16,Delivered
100872,53,1,2025-03-07,2025-03-31,Shipped
100873,16,4,2025-02-25,2025-03-16,Delivered
100874,25,3,2025-01-28,2025-02-15,Pending
100875,76,1,2025-04-26,2025-05-15,Delivered
100876,65,2,2025-05-08,2025-05-13,Delivered
100877,7,5,2025-04-21,2025-05-14,Delivered
100878,66,2,2025-06-27,2025-07-20,Shipped
100879,17,1,2025-04-10,2025-05-04,Delivered
100880,42,5,2025-04-09,2025-04-27,Cancelled
100881,32,3,2025-04-12,2025-04-27,Cancelled
100882,58,2,2025-02-05,2025-02-23,Delivered
100883,66,3,2025-06-29,2025-07-21,Delivered
100884,71,2,2025-02-21,2025-03-04,Delivered
100885,38,3,2025-06-22,2025-07-01,Cancelled
100886,23,5,2025-05-19,2025-06-13,Delivered
100887,15,3,2025-05-24,2025-06-13,Delivered
100888,54,5,2025-03-15,2025-04-02,Delivered
100889,67,1,2025-01-07,2025-01-24,Shipped
100890,8,2,2025-03-10,2025-03-20,Cancelled
100891,33,2,2025-01-16,2025-01-30,Shipped
100892,70,1,2025-04-02,2025-04-21,Shipped
100893,72,2,2025-06-15,2025-07-07,Delivered
100894,66,3,2025-06-27,2025-07-03,Delivered
100895,50,4,2025-06-25,2025-07-10,Cancelled
100896,7,1,2025-03-06,2025-03-17,Delivered
100897,57,2,2025-06-12,2025-07-07,Delivered
100898,76,5,2025-06-04,2025-06-15,Delivered
100899,25,3,2025-04-25,2025-05-05,Cancelled
100900,10,2,2025-02-14,2025-03-07,Shipped
100901,6,4,2025-03-13,2025-04-04,Shipped
100902,21,5,2025-03-07,2025-03-12,Delivered
100903,20,1,2025-02-09,2025-02-24,Delivered
100904,79,3,2025-05-06,2025-05-29,Delivered
100905,10,3,2025-05-15,2025-05-27,Cancelled
100906,67,1,2025-05-10,2025-05-20,Delivered
100907,69,4,2025-01-24,2025-02-09,Shipped
100908,28,3,2025-03-26,2025-04-11,Shipped
100909,80,5,2025-05-02,2025-05-24,Delivered
100910,2,1,2025-06-21,2025-07-07,Delivered
100911,79,5,2025-03-04,2025-03-10,Delivered
100912,42,4,2025-01-30,2025-02-16,Shipped
100913,37,1,2025-05-13,2025-05-29,Delivered
100914,66,4,2025-05-05,2025-05-11,Shipped
100915,25,3,2025-05-12,2025-05-19,Delivered
100916,22,5,2025-05-17,2025-05-22,Delivered
100917,27,2,2025-06-25,2025-07-13,Delivered
100918,27,5,2025-06-29,2025-07-17,Delivered
100919,10,2,2025-01-07,2025-01-26,Delivered
100920,5,1,2025-01-19,2025-01-25,Shipped
100921,33,5,2025-01-19,2025-02-11,Delivered
100922,34,4,2025-04-10,2025-04-29,Delivered
100923,56,3,2025-01-05,2025-01-22,Delivered
100924,69,1,2025-06-14,2025-07-08,Pending
100925,75,1,2025-06-29,2025-07-06,Delivered
100926,65,1,2025-03-16,2025-03-30,Delivered
100927,37,4,2025-04-08,2025-04-25,Delivered
100928,4,4,2025-02-10,2025-03-04,Shipped
100929,51,5,2025-03-17,2025-04-11,Shipped
100930,48,1,2025-05-22,2025-06-13,Shipped
100931,6,1,2025-05-27,2025-06-20,Delivered
100932,71,1,2025-03-20,2025-03-31,Delivered
100933,45,2,2025-04-16,2025-05-11,Delivered
100934,19,2,2025-02-17,2025-03-01,Delivered
100935,33,2,2025-01-30,2025-02-09,Delivered
100936,73,1,2025-05-21,2025-06-09,Delivered
100937,10,3,2025-06-21,2025-06-28,Shipped
100938,26,5,2025-05-05,2025-05-20,Delivered
100939,31,1,2025-03-14,2025-04-07,Pending
100940,25,3,2025-05-05,2025-05-24,Delivered
100941,40,5,2025-02-09,2025-03-04,Delivered
100942,41,4,2025-02-13,2025-02-18,Delivered
100943,29,4,2025-03-12,2025-03-28,Shipped
100944,43,4,2025-04-29,2025-05-18,Delivered
100945,40,4,2025-05-22,2025-05-30,Shipped
100946,78,1,2025-03-13,2025-03-22,Delivered
100947,26,3,2025-06-10,2025-06-17,Delivered
100948,3,5,2025-06-11,2025-06-16,Delivered
100949,75,4,2025-06-01,2025-06-12,Delivered
100950,71,3,2025-05-20,2025-06-11,Delivered
100951,20,3,2025-04-11,2025-04-23,Delivered
100952,76,3,2025-02-04,2025-02-23,Delivered
100953,12,4,2025-04-04,2025-04-25,Pending
100954,31,5,2025-06-25,2025-07-05,Delivered
100955,18,4,2025-02-10,2025-02-20,Delivered
100956,73,2,2025-05-04,2025-05-20,Pending
100957,63,2,2025-01-17,2025-01-30,Delivered
100958,6,2,2025-05-13,2025-05-29,Delivered
100959,59,1,2025-01-11,2025-02-05,Delivered
100960,67,3,2025-03-09,2025-04-01,Delivered
100961,23,4,2025-06-17,2025-07-04,Delivered
100962,10,5,2025-03-06,2025-03-23,Cancelled
100963,29,5,2025-04-14,2025-04-30,Delivered
100964,45,4,2025-05-04,2025-05-28,Pending
100965,18,4,2025-02-12,2025-02-24,Pending
100966,36,2,2025-02-08,2025-02-18,Shipped
100967,78,1,2025-06-19,2025-07-01,Delivered
100968,43,1,2025-05-04,2025-05-24,Delivered
100969,76,2,2025-06-15,2025-07-03,Pending
100970,6,2,2025-05-27,2025-06-19,Shipped
100971,66,1,2025-05-27,2025-06-05,Pending
100972,34,2,2025-05-13,2025-05-30,Delivered
100973,73,1,2025-06-19,2025-07-03,Delivered
100974,28,4,2025-06-05,2025-06-25,Delivered
100975,22,2,2025-04-16,2025-05-10,Shipped
100976,75,2,2025-06-09,2025-06-30,Shipped
100977,44,4,2025-06-02,2025-06-25,Pending
100978,49,4,2025-02-03,2025-02-11,Pending
100979,67,5,2025-06-25,2025-07-13,Delivered
100980,78,1,2025-02-15,2025-03-07,Delivered
100981,77,1,2025-05-17,2025-06-07,Delivered
100982,12,4,2025-06-18,2025-06-27,Delivered
100983,70,1,2025-06-23,2025-07-18,Delivered
100984,54,3,2025-01-12,2025-02-02,Delivered
100985,62,4,2025-03-31,2025-04-23,Delivered
100986,74,1,2025-04-19,2025-04-28,Shipped
100987,30,1,2025-03-14,2025-04-07,Delivered
100988,53,3,2025-02-18,2025-02-23,Delivered
100989,1,5,2025-05-14,2025-05-22,Delivered
100990,49,2,2025-06-26,2025-07-11,Delivered
100991,14,2,2025-04-20,2025-05-15,Delivered
100992,34,5,2025-04-19,2025-05-12,Delivered
100993,36,4,2025-02-22,2025-03-12,Delivered
100994,72,4,2025-02-15,2025-03-03,Delivered
100995,62,3,2025-03-20,2025-04-12,Delivered
100996,51,2,2025-06-18,2025-06-26,Delivered
100997,58,2,2025-01-26,2025-02-06,Delivered
100998,44,5,2025-06-07,2025-06-13,Shipped
100999,1,1,2025-02-07,2025-02-27,Delivered
101000,56,1,2025-01-17,2025-01-30,Shipped
101001,11,5,2025-01-10,2025-01-27,Delivered
101002,52,5,2025-06-17,2025-07-08,Shipped
101003,77,1,2025-02-14,2025-03-11,Delivered
101004,2,2,2025-06-18,2025-07-09,Shipped
101005,5,5,2025-05-11,2025-06-01,Delivered
101006,79,2,2025-06-22,2025-06-28,Delivered
101007,1,2,2025-01-23,2025-02-05,Delivered
101008,46,4,2025-04-14,2025-05-07,Shipped
101009,2,1,2025-01-24,2025-02-15,Shipped
101010,72,5,2025-03-31,2025-04-16,Cancelled
101011,36,2,2025-06-05,2025-06-16,Delivered
101012,52,5,2025-01-02,2025-01-15,Shipped
101013,65,1,2025-05-24,2025-05-31,Delivered
101014,44,1,2025-05-12,2025-05-25,Delivered
101015,74,3,2025-06-27,2025-07-16,Cancelled
101016,73,4,2025-03-04,2025-03-19,Cancelled
101017,59,4,2025-05-31,2025-06-05,Delivered
101018,34,1,2025-04-08,2025-05-03,Delivered
101019,29,2,2025-03-22,2025-04-09,Cancelled
101020,67,5,2025-01-03,2025-01-16,Shipped
101021,12,4,2025-06-22,2025-07-07,Pending
101022,23,4,2025-03-22,2025-04-07,Shipped
101023,74,3,2025-02-16,2025-02-27,Delivered
101024,26,2,2025-03-03,2025-03-16,Shipped
101025,26,2,2025-06-08,2025-06-24,Shipped
101026,14,1,2025-01-21,2025-02-10,Delivered
101027,70,1,2025-05-04,2025-05-20,Delivered
101028,64,5,2025-03-12,2025-04-01,Shipped
101029,66,3,2025-04-12,2025-04-24,Delivered
101030,17,1,2025-05-15,2025-06-02,Delivered
101031,70,1,2025-05-09,2025-05-25,Delivered
101032,23,4,2025-01-31,2025-02-21,Delivered
101033,2,1,2025-06-22,2025-07-03,Delivered
101034,13,3,2025-04-03,2025-04-27,Delivered
101035,24,5,2025-03-09,2025-03-21,Shipped
101036,79,3,2025-04-04,2025-04-14,Delivered
101037,27,4,2025-06-29,2025-07-15,Delivered
101038,52,3,2025-04-26,2025-05-06,Delivered
101039,74,2,2025-01-26,2025-02-08,Delivered
101040,72,4,2025-04-08,2025-04-19,Shipped
101041,20,4,2025-01-03,2025-01-13,Delivered
101042,18,5,2025-05-17,2025-06-01,Delivered
101043,39,3,2025-05-24,2025-06-16,Pending
101044,13,2,2025-01-16,2025-01-27,Delivered
101045,61,1,2025-04-26,2025-05-11,Shipped
101046,47,5,2025-05-23,2025-06-05,Delivered
101047,53,1,2025-03-31,2025-04-24,Shipped
101048,74,5,2025-02-14,2025-02-28,Delivered
101049,66,4,2025-04-25,2025-05-02,Delivered
101050,37,4,2025-06-11,2025-06-20,Delivered
101051,44,4,2025-06-11,2025-07-05,Delivered
101052,10,1,2025-02-11,2025-02-26,Shipped
101053,41,3,2025-03-10,2025-04-03,Delivered
101054,35,4,2025-04-03,2025-04-26,Delivered
101055,58,4,2025-02-12,2025-02-22,Delivered
101056,17,2,2025-06-19,2025-07-02,Delivered
101057,11,2,2025-02-12,2025-03-01,Shipped
101058,9,4,2025-05-21,2025-05-27,Pending
101059,51,5,2025-01-22,2025-01-30,Shipped
101060,20,1,2025-06-17,2025-07-04,Delivered
101061,32,3,2025-04-24,2025-05-19,Shipped
101062,68,2,2025-01-08,2025-01-14,Delivered
101063,42,4,2025-04-30,2025-05-22,Delivered
101064,71,4,2025-02-04,2025-02-26,Shipped
101065,77,4,2025-06-11,2025-07-06,Delivered
101066,56,5,2025-06-13,2025-07-08,Delivered
101067,45,4,2025-05-19,2025-05-31,Delivered
101068,57,3,2025-04-04,2025-04-22,Shipped
101069,39,1,2025-01-01,2025-01-22,Delivered
101070,18,3,2025-03-15,2025-04-04,Delivered
101071,63,4,2025-03-18,2025-03-23,Delivered
101072,38,5,2025-03-01,2025-03-06,Delivered
101073,25,4,2025-05-24,2025-06-11,Delivered
101074,21,4,2025-04-07,2025-04-19,Shipped
101075,55,2,2025-05-13,2025-06-06,Delivered
101076,35,3,2025-06-16,2025-07-08,Delivered
101077,53,2,2025-01-18,2025-01-28,Shipped
101078,15,4,2025-06-08,2025-06-27,Shipped
101079,80,4,2025-02-18,2025-03-05,Pending
101080,7,5,2025-01-06,2025-01-16,Cancelled
101081,37,3,2025-02-02,2025-02-21,Delivered
101082,30,1,2025-02-08,2025-02-13,Delivered
101083,44,4,2025-03-21,2025-04-10,Cancelled
101084,60,1,2025-03-26,2025-04-02,Delivered
101085,19,1,2025-03-10,2025-03-27,Pending
101086,61,2,2025-02-19,2025-03-04,Delivered
101087,2,1,2025-03-05,2025-03-22,Delivered
101088,57,2,2025-01-09,2025-01-20,Delivered
101089,13,5,2025-06-20,2025-07-01,Delivered
101090,40,3,2025-02-10,2025-03-07,Delivered
101091,71,5,2025-02-01,2025-02-14,Delivered
101092,39,2,2025-04-03,2025-04-09,Delivered
101093,28,1,2025-03-02,2025-03-27,Delivered
101094,2,2,2025-03-12,2025-04-04,Shipped
101095,32,1,2025-01-11,2025-02-03,Delivered
101096,61,5,2025-02-09,2025-02-25,Delivered
101097,32,2,2025-05-08,2025-05-15,Delivered
101098,44,1,2025-01-16,2025-02-01,Delivered
101099,69,1,2025-02-02,2025-02-22,Shipped
101100,72,3,2025-04-23,2025-05-04,Pending
101101,49,3,2025-02-04,2025-02-17,Delivered
101102,63,4,2025-05-24,2025-06-07,Delivered
101103,63,2,2025-05-26,2025-06-05,Delivered
101104,42,4,2025-03-12,2025-04-05,Delivered
101105,71,2,2025-01-18,2025-02-08,Shipped
101106,38,3,2025-05-19,2025-06-04,Delivered
101107,65,4,2025-02-17,2025-02-22,Delivered
101108,47,5,2025-03-03,2025-03-18,Delivered
101109,69,4,2025-02-18,2025-03-11,Delivered
101110,71,2,2025-06-06,2025-06-20,Delivered
101111,42,1,2025-01-25,2025-02-15,Delivered
101112,6,2,2025-02-15,2025-02-21,Shipped
101113,63,2,2025-01-26,2025-02-01,Delivered
101114,50,4,2025-05-15,2025-06-08,Delivered
101115,33,1,2025-04-04,2025-04-16,Delivered
101116,10,1,2025-02-23,2025-03-20,Delivered
101117,11,4,2025-06-13,2025-06-19,Delivered
101118,54,3,2025-01-15,2025-02-08,Shipped
101119,6,1,2025-03-19,2025-03-26,Delivered
101120,67,1,2025-01-26,2025-02-07,Delivered
101121,25,2,2025-05-15,2025-05-27,Delivered
101122,23,5,2025-05-23,2025-06-10,Delivered
101123,74,3,2025-06-22,2025-07-11,Delivered
101124,55,1,2025-02-12,2025-02-22,Delivered
101125,65,3,2025-06-18,2025-06-28,Delivered
101126,77,4,2025-04-01,2025-04-16,Delivered
101127,42,3,2025-04-16,2025-05-11,Delivered
101128,42,5,2025-03-03,2025-03-26,Delivered
101129,49,5,2025-03-07,2025-03-23,Cancelled
101130,58,4,2025-01-01,2025-01-07,Cancelled
101131,77,1,2025-05-13,2025-05-22,Cancelled
101132,39,1,2025-03-18,2025-03-30,Shipped
101133,41,1,2025-06-26,2025-07-09,Delivered
101134,66,5,2025-05-27,2025-06-19,Shipped
101135,5,4,2025-04-02,2025-04-11,Shipped
101136,47,5,2025-03-05,2025-03-17,Shipped
101137,39,1,2025-05-27,2025-06-13,Delivered
101138,28,1,2025-03-25,2025-04-14,Shipped
101139,74,1,2025-06-02,2025-06-27,Delivered
101140,74,4,2025-01-21,2025-01-27,Delivered
101141,43,3,2025-04-22,2025-05-10,Delivered
101142,16,2,2025-06-17,2025-07-11,Delivered
101143,49,1,2025-03-20,2025-04-10,Pending
101144,70,5,2025-02-08,2025-02-23,Delivered
101145,29,2,2025-01-13,2025-01-30,Cancelled
101146,77,5,2025-05-10,2025-05-17,Shipped
101147,38,4,2025-02-07,2025-02-16,Delivered
101148,61,5,2025-01-13,2025-02-04,Delivered
101149,11,4,2025-05-09,2025-05-27,Delivered
101150,17,2,2025-05-04,2025-05-26,Shipped
101151,51,5,2025-02-20,2025-03-14,Delivered
101152,68,2,2025-03-04,2025-03-11,Shipped
101153,56,3,2025-06-25,2025-07-18,Pending
101154,53,4,2025-04-04,2025-04-20,Shipped
101155,45,5,2025-06-17,2025-06-22,Delivered
101156,22,3,2025-06-07,2025-06-26,Delivered
101157,57,1,2025-03-01,2025-03-12,Delivered
101158,20,1,2025-01-29,2025-02-04,Shipped
101159,80,2,2025-03-15,2025-03-20,Delivered
101160,15,3,2025-04-26,2025-05-16,Pending
101161,27,5,2025-02-24,2025-03-07,Delivered
101162,34,5,2025-05-04,2025-05-28,Delivered
101163,19,1,2025-04-07,2025-04-30,Delivered
101164,68,1,2025-03-07,2025-03-17,Pending
101165,26,5,2025-03-11,2025-03-17,Delivered
101166,2,1,2025-04-10,2025-04-23,Delivered
101167,47,1,2025-01-05,2025-01-19,Delivered
101168,50,2,2025-04-08,2025-04-29,Cancelled
101169,13,3,2025-05-05,2025-05-29,Delivered
101170,24,2,2025-05-09,2025-05-28,Delivered
101171,3,1,2025-03-05,2025-03-26,Delivered
101172,63,4,2025-02-10,2025-02-15,Delivered
101173,46,3,2025-06-10,2025-06-24,Shipped
101174,65,3,2025-01-16,2025-02-10,Shipped
101175,50,1,2025-05-23,2025-06-05,Shipped
101176,44,4,2025-06-18,2025-06-27,Pending
101177,49,5,2025-06-23,2025-07-17,Delivered
101178,30,4,2025-03-03,2025-03-26,Shipped
101179,40,5,2025-03-26,2025-04-14,Delivered
101180,27,2,2025-05-29,2025-06-20,Delivered
101181,26,2,2025-03-21,2025-04-11,Delivered
101182,56,2,2025-06-17,2025-07-10,Delivered
101183,41,1,2025-05-23,2025-06-14,Delivered
101184,16,2,2025-03-23,2025-04-01,Delivered
101185,41,4,2025-04-16,2025-04-30,Delivered
101186,36,2,2025-02-18,2025-02-26,Shipped
101187,4,5,2025-06-07,2025-06-20,Delivered
101188,79,2,2025-06-02,2025-06-14,Shipped
101189,4,3,2025-01-21,2025-02-10,Shipped
101190,78,4,2025-06-16,2025-07-02,Shipped
101191,50,4,2025-05-02,2025-05-11,Shipped
101192,29,1,2025-04-15,2025-04-20,Delivered
101193,53,2,2025-06-21,2025-07-02,Delivered
101194,9,2,2025-04-23,2025-05-17,Delivered
101195,42,4,2025-03-05,2025-03-23,Delivered
101196,6,5,2025-04-08,2025-04-23,Delivered
101197,74,5,2025-05-18,2025-06-08,Delivered
101198,5,5,2025-01-28,2025-02-16,Delivered
101199,6,2,2025-05-13,2025-06-04,Delivered
101200,6,5,2025-04-10,2025-05-01,Delivered
101201,7,2,2025-03-16,2025-04-04,Delivered
101202,39,3,2025-04-29,2025-05-09,Delivered
101203,79,1,2025-06-26,2025-07-17,Delivered
101204,60,4,2025-01-24,2025-02-14,Shipped
101205,75,5,2025-02-04,2025-02-21,Delivered
101206,58,1,2025-02-15,2025-03-06,Delivered
101207,26,4,2025-01-24,2025-02-06,Delivered
101208,21,1,2025-01-24,2025-02-01,Delivered
101209,47,1,2025-05-15,2025-06-01,Delivered
101210,66,5,2025-02-10,2025-02-27,Delivered
101211,6,2,2025-03-27,2025-04-19,Delivered
101212,20,2,2025-02-07,2025-02-17,Delivered
101213,7,4,2025-03-20,2025-04-03,Delivered
101214,58,3,2025-06-10,2025-06-20,Shipped
101215,17,2,2025-01-01,2025-01-25,Delivered
101216,2,4,2025-05-08,2025-05-28,Delivered
101217,1,5,2025-05-07,2025-05-19,Shipped
101218,61,4,2025-04-15,2025-05-04,Pending
101219,77,1,2025-03-04,2025-03-26,Shipped
101220,72,2,2025-01-13,2025-01-23,Shipped
101221,45,1,2025-02-07,2025-02-13,Delivered
101222,78,3,2025-03-26,2025-04-02,Pending
101223,54,2,2025-02-11,2025-02-25,Delivered
101224,77,5,2025-05-24,2025-06-03,Cancelled
101225,75,3,2025-01-10,2025-01-17,Delivered
101226,42,3,2025-04-08,2025-04-15,Delivered
101227,71,1,2025-03-16,2025-04-05,Shipped
101228,36,3,2025-05-15,2025-06-02,Delivered
101229,27,5,2025-01-15,2025-01-23,Delivered
101230,68,1,2025-05-04,2025-05-28,Delivered
101231,37,4,2025-06-05,2025-06-20,Shipped
101232,74,5,2025-04-01,2025-04-10,Delivered
101233,64,5,2025-06-11,2025-07-01,Delivered
101234,24,5,2025-03-01,2025-03-15,Cancelled
101235,1,1,2025-01-07,2025-01-26,Delivered
101236,16,2,2025-06-07,2025-06-25,Delivered
101237,43,3,2025-05-24,2025-06-18,Shipped
101238,26,3,2025-03-07,2025-03-14,Delivered
101239,65,5,2025-03-24,2025-03-29,Shipped
101240,43,3,2025-04-12,2025-05-05,Delivered
101241,4,2,2025-02-19,2025-03-06,Delivered
101242,62,4,2025-01-10,2025-02-04,Shipped
101243,20,4,2025-05-18,2025-06-02,Delivered
101244,53,1,2025-05-14,2025-05-28,Delivered
101245,41,5,2025-05-18,2025-05-23,Shipped
101246,43,3,2025-01-17,2025-01-26,Shipped
101247,4,3,2025-04-07,2025-05-02,Delivered
101248,22,5,2025-06-05,2025-06-22,Shipped
101249,15,3,2025-06-30,2025-07-15,Delivered
101250,35,4,2025-01-23,2025-02-12,Delivered
101251,48,4,2025-03-19,2025-03-30,Delivered
101252,23,1,2025-04-06,2025-04-12,Delivered
101253,12,4,2025-05-10,2025-05-15,Delivered
101254,65,2,2025-02-18,2025-03-05,Delivered
101255,68,3,2025-03-25,2025-04-03,Delivered
101256,13,5,2025-06-23,2025-07-02,Shipped
101257,5,4,2025-04-10,2025-05-01,Shipped
101258,40,1,2025-06-25,2025-07-19,Delivered
101259,43,4,2025-01-12,2025-01-20,Delivered
101260,40,1,2025-05-28,2025-06-11,Delivered
101261,27,3,2025-02-21,2025-03-04,Shipped
101262,69,3,2025-04-23,2025-05-01,Shipped
101263,21,3,2025-01-30,2025-02-04,Cancelled
101264,72,5,2025-01-27,2025-02-07,Delivered
101265,71,3,2025-03-11,2025-03-20,Delivered
101266,37,5,2025-03-04,2025-03-14,Pending
101267,79,3,2025-05-19,2025-06-07,Pending
101268,4,4,2025-06-22,2025-06-28,Shipped
101269,7,1,2025-04-20,2025-05-07,Shipped
101270,77,5,2025-06-11,2025-06-30,Delivered
101271,40,3,2025-02-20,2025-03-14,Pending
101272,60,5,2025-02-03,2025-02-10,Delivered
101273,60,1,2025-04-27,2025-05-11,Delivered
101274,60,4,2025-03-01,2025-03-13,Shipped
101275,79,3,2025-04-04,2025-04-21,Shipped
101276,43,3,2025-04-27,2025-05-17,Pending
101277,61,1,2025-03-31,2025-04-20,Delivered
101278,22,3,2025-03-31,2025-04-24,Delivered
101279,66,1,2025-04-14,2025-04-22,Delivered
101280,10,3,2025-05-17,2025-06-05,Delivered
101281,53,2,2025-06-08,2025-06-20,Delivered
101282,62,4,2025-01-17,2025-02-01,Shipped
101283,76,4,2025-04-22,2025-05-15,Delivered
101284,70,2,2025-02-14,2025-02-21,Delivered
101285,74,4,2025-01-30,2025-02-22,Delivered
101286,42,5,2025-01-25,2025-02-13,Shipped
101287,52,1,2025-06-03,2025-06-11,Delivered
101288,77,4,2025-03-25,2025-04-14,Delivered
101289,8,1,2025-02-25,2025-03-06,Delivered
101290,1,2,2025-06-19,2025-06-28,Delivered
101291,38,4,2025-06-07,2025-06-30,Delivered
101292,27,3,2025-03-18,2025-04-10,Delivered
101293,39,4,2025-03-30,2025-04-06,Delivered
101294,79,5,2025-04-14,2025-04-23,Delivered
101295,8,3,2025-05-21,2025-05-27,Pending
101296,72,3,2025-01-29,2025-02-12,Delivered
101297,31,4,2025-06-29,2025-07-22,Delivered
101298,41,4,2025-04-14,2025-05-01,Delivered
101299,28,2,2025-05-02,2025-05-11,Shipped
101300,50,3,2025-04-17,2025-04-26,Shipped
101301,17,2,2025-01-03,2025-01-10,Delivered
101302,19,4,2025-06-18,2025-07-06,Cancelled
101303,18,1,2025-02-05,2025-03-02,Delivered
101304,59,5,2025-04-19,2025-05-13,Shipped
101305,66,4,2025-05-22,2025-06-10,Delivered
101306,29,2,2025-04-19,2025-05-13,Pending
101307,64,2,2025-05-09,2025-05-22,Delivered
101308,70,5,2025-04-04,2025-04-10,Cancelled
101309,73,4,2025-06-30,2025-07-16,Shipped
101310,62,1,2025-02-06,2025-02-27,Cancelled
101311,36,4,2025-05-13,2025-05-20,Delivered
101312,79,1,2025-03-04,2025-03-24,Delivered
101313,10,5,2025-05-29,2025-06-12,Delivered
101314,44,5,2025-01-03,2025-01-23,Delivered
101315,61,5,2025-03-26,2025-04-13,Delivered
101316,38,3,2025-02-12,2025-02-18,Delivered
101317,77,3,2025-05-25,2025-06-07,Pending
101318,61,5,2025-02-13,2025-03-08,Pending
101319,38,5,2025-01-07,2025-01-21,Delivered
101320,17,5,2025-01-20,2025-02-02,Shipped
101321,79,3,2025-03-12,2025-03-25,Pending
101322,15,5,2025-02-14,2025-03-09,Delivered
101323,58,3,2025-02-14,2025-02-27,Delivered
101324,31,4,2025-02-16,2025-03-09,Delivered
101325,44,1,2025-02-07,2025-03-03,Delivered
101326,20,4,2025-04-16,2025-05-03,Shipped
101327,57,2,2025-02-23,2025-03-18,Delivered
101328,45,1,2025-06-14,2025-06-27,Delivered
101329,15,1,2025-02-12,2025-03-03,Delivered
101330,39,4,2025-05-17,2025-05-29,Delivered
101331,50,4,2025-03-09,2025-03-18,Delivered
101332,56,1,2025-03-15,2025-04-03,Delivered
101333,41,5,2025-06-24,2025-06-30,Pending
101334,69,3,2025-04-21,2025-05-15,Delivered
101335,35,3,2025-03-11,2025-03-24,Delivered
101336,33,5,2025-04-11,2025-04-30,Delivered
101337,31,5,2025-02-19,2025-03-12,Delivered
101338,24,3,2025-05-21,2025-05-26,Delivered
101339,9,1,2025-04-16,2025-04-24,Delivered
101340,58,3,2025-02-26,2025-03-12,Shipped
101341,5,1,2025-06-08,2025-06-15,Pending
101342,77,2,2025-06-03,2025-06-28,Shipped
101343,16,1,2025-06-04,2025-06-13,Delivered
101344,73,2,2025-01-29,2025-02-08,Shipped
101345,60,1,2025-06-13,2025-07-02,Delivered
101346,36,4,2025-06-27,2025-07-12,Shipped
101347,10,3,2025-01-16,2025-02-02,Delivered
101348,8,3,2025-03-09,2025-03-19,Delivered
101349,63,2,2025-06-06,2025-06-23,Shipped
101350,63,1,2025-02-06,2025-02-28,Delivered
101351,28,5,2025-06-14,2025-06-22,Delivered
101352,34,1,2025-01-09,2025-01-16,Pending
101353,33,4,2025-01-05,2025-01-25,Shipped
101354,1,1,2025-06-20,2025-07-07,Shipped
101355,43,4,2025-05-28,2025-06-02,Delivered
101356,63,4,2025-04-22,2025-05-09,Delivered
101357,9,5,2025-02-27,2025-03-04,Delivered
101358,62,1,2025-05-26,2025-06-17,Delivered
101359,46,3,2025-06-24,2025-07-08,Delivered
101360,12,3,2025-05-17,2025-06-01,Pending
101361,59,3,2025-06-15,2025-06-26,Shipped
101362,6,4,2025-06-19,2025-06-30,Shipped
101363,50,1,2025-06-11,2025-06-27,Delivered
101364,57,2,2025-02-05,2025-02-11,Shipped
101365,76,2,2025-05-06,2025-05-23,Pending
101366,70,3,2025-05-08,2025-05-30,Cancelled
101367,58,1,2025-01-10,2025-01-25,Pending
101368,6,4,2025-01-31,2025-02-11,Delivered
101369,67,4,2025-06-23,2025-07-15,Shipped
101370,75,2,2025-01-19,2025-01-25,Delivered
101371,63,1,2025-05-01,2025-05-25,Pending
101372,17,1,2025-02-14,2025-03-11,Pending
101373,40,1,2025-04-27,2025-05-21,Shipped
101374,76,1,2025-01-28,2025-02-05,Delivered
101375,79,2,2025-01-17,2025-01-28,Delivered
101376,52,3,2025-01-31,2025-02-23,Delivered
101377,42,2,2025-01-12,2025-02-04,Shipped
101378,9,1,2025-03-12,2025-03-21,Delivered
101379,22,3,2025-05-22,2025-06-01,Delivered
101380,75,1,2025-02-04,2025-02-12,Delivered
101381,79,4,2025-02-10,2025-02-15,Delivered
101382,11,1,2025-01-02,2025-01-12,Delivered
101383,76,3,2025-04-17,2025-05-07,Delivered
101384,27,2,2025-06-13,2025-06-26,Delivered
101385,53,2,2025-02-14,2025-03-10,Delivered
101386,77,2,2025-05-08,2025-06-01,Cancelled
101387,39,3,2025-04-18,2025-04-23,Delivered
101388,25,1,2025-05-16,2025-05-24,Delivered
101389,70,5,2025-02-26,2025-03-17,Delivered
101390,27,3,2025-01-14,2025-01-25,Shipped
101391,20,4,2025-05-08,2025-05-18,Shipped
101392,6,1,2025-06-15,2025-07-01,Shipped
101393,56,3,2025-03-27,2025-04-20,Delivered
101394,59,1,2025-01-27,2025-02-02,Delivered
101395,23,2,2025-01-08,2025-01-28,Delivered
101396,10,2,2025-04-24,2025-05-17,Delivered
101397,54,2,2025-06-23,2025-07-08,Shipped
101398,15,3,2025-02-28,2025-03-08,Shipped
101399,53,2,2025-04-07,2025-04-19,Pending
101400,75,4,2025-01-14,2025-02-01,Shipped
101401,79,4,2025-02-15,2025-03-04,Delivered
101402,59,2,2025-06-11,2025-06-27,Cancelled
101403,26,3,2025-02-02,2025-02-08,Delivered
101404,8,3,2025-02-04,2025-02-12,Delivered
101405,59,4,2025-02-13,2025-02-28,Shipped
101406,38,5,2025-02-10,2025-03-07,Cancelled
101407,22,5,2025-05-22,2025-06-03,Pending
101408,67,4,2025-02-25,2025-03-20,Delivered
101409,60,3,2025-01-04,2025-01-22,Delivered
101410,32,2,2025-03-25,2025-04-12,Delivered
101411,76,2,2025-05-27,2025-06-01,Delivered
101412,6,1,2025-05-01,2025-05-22,Pending
101413,68,4,2025-05-03,2025-05-11,Delivered
101414,31,1,2025-05-23,2025-05-28,Delivered
101415,53,2,2025-02-03,2025-02-19,Shipped
101416,12,1,2025-05-03,2025-05-17,Shipped
101417,59,5,2025-05-30,2025-06-04,Cancelled
101418,60,2,2025-06-30,2025-07-17,Shipped
101419,48,4,2025-06-30,2025-07-25,Pending
101420,10,4,2025-06-26,2025-07-11,Delivered
101421,38,4,2025-03-11,2025-04-04,Delivered
101422,27,1,2025-06-08,2025-06-23,Delivered
101423,8,5,2025-06-22,2025-07-08,Delivered
101424,15,4,2025-04-04,2025-04-23,Delivered
101425,47,3,2025-02-14,2025-03-11,Delivered
101426,9,5,2025-02-22,2025-03-03,Cancelled
101427,31,5,2025-01-30,2025-02-24,Delivered
101428,75,2,2025-02-27,2025-03-14,Delivered
101429,35,5,2025-06-24,2025-07-12,Shipped
101430,9,3,2025-03-30,2025-04-18,Delivered
101431,68,1,2025-05-01,2025-05-23,Delivered
101432,69,3,2025-04-26,2025-05-20,Delivered
101433,9,2,2025-04-28,2025-05-05,Pending
101434,23,3,2025-01-20,2025-01-28,Shipped
101435,15,2,2025-05-08,2025-05-17,Delivered
101436,67,1,2025-03-17,2025-04-04,Cancelled
101437,70,2,2025-05-02,2025-05-18,Delivered
101438,3,3,2025-02-18,2025-02-25,Pending
101439,30,5,2025-06-15,2025-06-30,Delivered
101440,44,3,2025-05-05,2025-05-28,Delivered
101441,68,5,2025-04-24,2025-05-13,Delivered
101442,17,3,2025-02-13,2025-02-26,Shipped
101443,48,3,2025-01-13,2025-01-22,Delivered
101444,59,2,2025-06-08,2025-06-18,Delivered
101445,37,2,2025-02-14,2025-02-23,Shipped
101446,15,1,2025-03-23,2025-04-15,Shipped
101447,34,3,2025-02-17,2025-02-28,Delivered
101448,5,3,2025-03-30,2025-04-08,Delivered
101449,70,2,2025-05-17,2025-05-31,Shipped
101450,4,4,2025-05-08,2025-05-17,Delivered
101451,41,2,2025-01-02,2025-01-24,Cancelled
101452,43,3,2025-05-02,2025-05-16,Cancelled
101453,74,2,2025-05-25,2025-06-13,Delivered
101454,15,4,2025-01-11,2025-01-20,Delivered
101455,15,3,2025-01-07,2025-01-24,Delivered
101456,29,4,2025-04-02,2025-04-09,Delivered
101457,78,2,2025-05-30,2025-06-20,Shipped
101458,36,2,2025-01-06,2025-01-13,Delivered
101459,58,1,2025-05-12,2025-05-29,Shipped
101460,41,5,2025-06-04,2025-06-25,Delivered
101461,47,4,2025-02-07,2025-02-25,Delivered
101462,48,1,2025-03-14,2025-03-30,Delivered
101463,58,5,2025-01-23,2025-02-03,Delivered
101464,57,4,2025-04-24,2025-05-08,Shipped
101465,55,4,2025-02-05,2025-02-28,Delivered
101466,19,2,2025-03-19,2025-04-08,Cancelled
101467,68,3,2025-01-17,2025-02-09,Delivered
101468,12,1,2025-04-15,2025-05-10,Delivered
101469,54,2,2025-05-23,2025-06-11,Delivered
101470,18,2,2025-02-17,2025-03-06,Shipped
101471,63,1,2025-03-19,2025-04-11,Delivered
101472,72,4,2025-02-27,2025-03-04,Delivered
101473,20,3,2025-03-18,2025-04-12,Delivered
101474,61,1,2025-06-17,2025-07-01,Delivered
101475,63,2,2025-01-08,2025-01-16,Delivered
101476,64,1,2025-06-03,2025-06-19,Delivered
101477,73,4,2025-03-08,2025-04-02,Delivered
101478,16,3,2025-05-12,2025-06-04,Pending
101479,34,2,2025-05-29,2025-06-04,Shipped
101480,60,2,2025-04-02,2025-04-12,Pending
101481,47,4,2025-06-12,2025-06-28,Pending
101482,38,5,2025-06-13,2025-06-20,Delivered
101483,24,1,2025-06-03,2025-06-13,Delivered
101484,41,3,2025-03-11,2025-03-27,Pending
101485,75,3,2025-02-06,2025-02-11,Shipped
101486,37,3,2025-05-05,2025-05-23,Delivered
101487,21,1,2025-02-25,2025-03-06,Delivered
101488,25,5,2025-06-07,2025-06-28,Delivered
101489,71,1,2025-04-17,2025-05-06,Delivered
101490,15,2,2025-01-05,2025-01-25,Delivered
101491,47,2,2025-04-24,2025-05-18,Delivered
101492,44,2,2025-03-19,2025-03-24,Delivered
101493,16,2,2025-02-02,2025-02-11,Delivered
101494,40,2,2025-02-23,2025-03-04,Cancelled
101495,55,1,2025-01-20,2025-01-25,Delivered
101496,56,1,2025-02-20,2025-02-28,Pending
101497,66,5,2025-01-16,2025-02-05,Shipped
101498,33,1,2025-01-17,2025-01-31,Delivered
101499,13,1,2025-06-04,2025-06-15,Delivered
101500,26,2,2025-06-21,2025-07-07,Pending
101501,19,3,2025-05-29,2025-06-14,Delivered
101502,65,5,2025-03-03,2025-03-24,Delivered
101503,13,5,2025-01-04,2025-01-25,Shipped
101504,25,3,2025-02-13,2025-03-07,Pending
101505,13,2,2025-05-10,2025-05-30,Delivered
101506,76,2,2025-04-23,2025-05-01,Shipped
101507,46,4,2025-04-19,2025-04-30,Delivered
101508,53,1,2025-03-22,2025-03-30,Delivered
101509,67,2,2025-05-07,2025-05-23,Delivered
101510,72,1,2025-01-22,2025-02-06,Delivered
101511,50,3,2025-04-27,2025-05-21,Delivered
101512,57,2,2025-05-22,2025-06-09,Shipped
101513,55,2,2025-01-18,2025-02-07,Delivered
101514,48,2,2025-01-04,2025-01-24,Delivered
101515,51,4,2025-05-14,2025-05-21,Shipped
101516,51,4,2025-06-27,2025-07-20,Cancelled
101517,22,1,2025-04-04,2025-04-15,Delivered
101518,77,4,2025-02-01,2025-02-13,Delivered
101519,64,3,2025-05-29,2025-06-21,Shipped
101520,52,3,2025-05-02,2025-05-26,Cancelled
101521,63,5,2025-03-13,2025-03-22,Delivered
101522,14,1,2025-03-06,2025-03-26,Delivered
101523,18,1,2025-01-26,2025-02-01,Delivered
101524,64,1,2025-02-15,2025-03-04,Delivered
101525,42,2,2025-03-19,2025-04-12,Delivered
101526,10,5,2025-05-07,2025-05-26,Shipped
101527,64,4,2025-05-10,2025-05-23,Delivered
101528,70,5,2025-01-05,2025-01-11,Cancelled
101529,16,4,2025-04-26,2025-05-11,Delivered
101530,57,4,2025-01-10,2025-01-16,Shipped
101531,39,2,2025-05-06,2025-05-24,Shipped
101532,50,4,2025-01-29,2025-02-21,Delivered
101533,71,5,2025-05-27,2025-06-16,Delivered
101534,21,5,2025-01-15,2025-02-01,Shipped
101535,76,4,2025-06-07,2025-06-23,Delivered
101536,37,3,2025-01-16,2025-01-21,Delivered
101537,17,3,2025-03-31,2025-04-23,Pending
101538,44,4,2025-01-25,2025-02-12,Delivered
101539,46,4,2025-03-31,2025-04-06,Delivered
101540,32,2,2025-06-15,2025-06-29,Delivered
101541,9,3,2025-01-30,2025-02-14,Shipped
101542,69,3,2025-01-10,2025-01-29,Delivered
101543,55,5,2025-05-12,2025-05-30,Shipped
101544,61,5,2025-01-06,2025-01-21,Delivered
101545,50,3,2025-05-27,2025-06-04,Delivered
101546,13,2,2025-03-28,2025-04-17,Delivered
101547,44,2,2025-06-07,2025-06-21,Delivered
101548,56,2,2025-05-08,2025-06-02,Delivered
101549,10,5,2025-02-24,2025-03-10,Shipped
101550,39,5,2025-04-13,2025-04-25,Delivered
101551,12,5,2025-01-25,2025-02-17,Delivered
101552,9,5,2025-05-16,2025-06-05,Delivered
101553,45,1,2025-06-16,2025-06-30,Delivered
101554,39,4,2025-06-19,2025-07-11,Delivered
101555,54,4,2025-03-06,2025-03-30,Delivered
101556,71,2,2025-01-05,2025-01-30,Delivered
101557,24,5,2025-05-08,2025-05-19,Delivered
101558,60,3,2025-06-13,2025-07-05,Delivered
101559,56,5,2025-06-10,2025-06-16,Delivered
101560,47,4,2025-02-07,2025-02-19,Shipped
101561,39,4,2025-04-16,2025-05-01,Delivered
101562,9,2,2025-04-16,2025-04-29,Delivered
101563,21,3,2025-06-25,2025-07-19,Shipped
101564,31,1,2025-02-08,2025-02-19,Pending
101565,40,4,2025-05-05,2025-05-27,Cancelled
101566,55,1,2025-02-21,2025-03-03,Shipped
101567,4,3,2025-03-13,2025-04-04,Shipped
101568,6,4,2025-01-06,2025-01-12,Delivered
101569,11,3,2025-06-04,2025-06-18,Delivered
101570,53,3,2025-06-21,2025-06-28,Delivered
101571,18,2,2025-01-29,2025-02-21,Delivered
101572,16,5,2025-06-20,2025-07-13,Delivered
101573,68,3,2025-05-08,2025-05-15,Shipped
101574,16,3,2025-03-26,2025-04-18,Delivered
101575,31,4,2025-02-25,2025-03-06,Shipped
101576,28,3,2025-04-23,2025-05-11,Shipped
101577,76,1,2025-05-06,2025-05-28,Delivered
101578,15,3,2025-05-20,2025-06-07,Delivered
101579,32,3,2025-02-07,2025-02-23,Delivered
101580,48,3,2025-01-06,2025-01-31,Cancelled
101581,78,1,2025-06-19,2025-06-25,Delivered
101582,31,3,2025-05-22,2025-06-08,Delivered
101583,47,1,2025-05-17,2025-05-29,Delivered
101584,50,1,2025-04-11,2025-04-24,Delivered
101585,31,3,2025-02-23,2025-03-05,Delivered
101586,41,4,2025-01-09,2025-01-22,Delivered
101587,63,4,2025-04-16,2025-05-01,Delivered
101588,13,2,2025-06-28,2025-07-11,Delivered
101589,46,4,2025-06-04,2025-06-26,Delivered
101590,59,1,2025-01-14,2025-02-08,Delivered
101591,57,2,2025-01-01,2025-01-18,Shipped
101592,40,3,2025-05-28,2025-06-04,Shipped
101593,32,5,2025-06-16,2025-06-25,Delivered
101594,53,3,2025-04-26,2025-05-16,Delivered
101595,18,3,2025-02-14,2025-03-09,Delivered
101596,37,2,2025-01-22,2025-02-09,Delivered
101597,51,4,2025-05-27,2025-06-08,Pending
101598,3,5,2025-06-15,2025-07-09,Delivered
101599,12,4,2025-02-20,2025-03-05,Delivered
101600,22,1,2025-04-13,2025-05-07,Delivered
101601,34,2,2025-01-23,2025-02-08,Shipped
101602,73,1,2025-01-04,2025-01-25,Delivered
101603,59,4,2025-01-31,2025-02-12,Delivered
101604,25,3,2025-03-15,2025-04-04,Delivered
101605,56,2,2025-06-03,2025-06-14,Cancelled
101606,37,2,2025-04-18,2025-04-28,Delivered
101607,19,1,2025-03-16,2025-03-29,Shipped
101608,58,2,2025-04-05,2025-04-28,Delivered
101609,59,1,2025-01-03,2025-01-23,Shipped
101610,42,4,2025-06-25,2025-07-06,Delivered
101611,55,5,2025-03-07,2025-03-14,Pending
101612,8,1,2025-03-27,2025-04-08,Delivered
101613,46,5,2025-06-21,2025-07-15,Delivered
101614,6,1,2025-03-06,2025-03-27,Delivered
101615,39,4,2025-06-21,2025-07-07,Shipped
101616,72,1,2025-05-29,2025-06-08,Shipped
101617,65,4,2025-03-28,2025-04-16,Shipped
101618,41,5,2025-04-21,2025-04-30,Shipped
101619,41,1,2025-02-02,2025-02-22,Delivered
101620,36,3,2025-04-21,2025-05-05,Delivered
101621,34,5,2025-03-09,2025-03-30,Delivered
101622,22,3,2025-05-06,2025-05-15,Delivered
101623,57,1,2025-02-18,2025-02-27,Pending
101624,24,1,2025-05-01,2025-05-14,Shipped
101625,60,4,2025-01-30,2025-02-19,Pending
101626,46,5,2025-05-05,2025-05-24,Delivered
101627,19,1,2025-03-31,2025-04-07,Shipped
101628,37,2,2025-02-13,2025-03-06,Delivered
101629,73,5,2025-02-24,2025-03-19,Cancelled
101630,1,5,2025-05-27,2025-06-06,Delivered
101631,10,2,2025-05-08,2025-05-16,Delivered
101632,4,3,2025-06-24,2025-07-02,Delivered
101633,76,1,2025-03-24,2025-04-02,Pending
101634,59,4,2025-04-27,2025-05-22,Cancelled
101635,77,1,2025-03-26,2025-04-01,Delivered
101636,58,3,2025-05-26,2025-06-04,Shipped
101637,7,3,2025-03-24,2025-03-30,Delivered
101638,71,5,2025-04-08,2025-04-15,Delivered
101639,23,2,2025-04-13,2025-04-20,Pending
101640,27,2,2025-04-10,2025-04-27,Shipped
101641,20,1,2025-03-18,2025-04-07,Delivered
101642,40,5,2025-02-03,2025-02-19,Delivered
101643,48,5,2025-02-21,2025-03-13,Delivered
101644,50,4,2025-03-10,2025-04-02,Delivered
101645,12,4,2025-04-05,2025-04-29,Shipped
101646,55,1,2025-01-11,2025-02-01,Delivered
101647,60,2,2025-06-15,2025-06-24,Delivered
101648,68,5,2025-01-22,2025-02-05,Delivered
101649,11,4,2025-03-18,2025-03-27,Cancelled
101650,39,2,2025-05-14,2025-06-01,Shipped
101651,7,5,2025-01-20,2025-01-26,Delivered
101652,66,4,2025-04-16,2025-04-24,Delivered
101653,73,3,2025-04-01,2025-04-14,Delivered
101654,65,1,2025-01-30,2025-02-18,Shipped
101655,24,4,2025-01-12,2025-01-19,Delivered
101656,39,3,2025-05-31,2025-06-19,Delivered
101657,58,5,2025-03-09,2025-03-24,Cancelled
101658,24,2,2025-02-17,2025-02-24,Delivered
101659,78,3,2025-06-22,2025-06-30,Delivered
101660,3,1,2025-04-12,2025-04-20,Pending
101661,62,4,2025-06-27,2025-07-14,Delivered
101662,78,4,2025-03-19,2025-04-12,Delivered
101663,79,3,2025-06-26,2025-07-13,Delivered
101664,12,2,2025-02-04,2025-02-09,Shipped
101665,3,2,2025-01-07,2025-01-18,Delivered
101666,19,2,2025-04-22,2025-05-17,Delivered
101667,69,2,2025-01-23,2025-02-06,Delivered
101668,19,4,2025-04-19,2025-04-24,Shipped
101669,20,4,2025-05-05,2025-05-25,Pending
101670,58,5,2025-03-04,2025-03-15,Shipped
101671,51,1,2025-03-27,2025-04-01,Shipped
101672,56,4,2025-05-07,2025-05-30,Delivered
101673,71,3,2025-01-10,2025-01-30,Delivered
101674,66,5,2025-06-06,2025-06-26,Shipped
101675,8,5,2025-01-05,2025-01-23,Delivered
101676,71,1,2025-03-10,2025-04-04,Delivered
101677,61,1,2025-05-07,2025-05-31,Delivered
101678,45,4,2025-06-28,2025-07-16,Pending
101679,37,2,2025-05-01,2025-05-17,Delivered
101680,65,2,2025-05-31,2025-06-15,Delivered
101681,60,2,2025-03-17,2025-04-03,Cancelled
101682,47,4,2025-02-11,2025-03-07,Shipped
101683,12,4,2025-02-03,2025-02-13,Shipped
101684,78,4,2025-01-26,2025-02-13,Delivered
101685,64,3,2025-03-02,2025-03-13,Delivered
101686,3,3,2025-03-08,2025-03-24,Delivered
101687,23,5,2025-01-09,2025-01-16,Delivered
101688,15,5,2025-02-28,2025-03-08,Delivered
101689,63,3,2025-03-29,2025-04-14,Delivered
101690,72,3,2025-02-08,2025-03-01,Delivered
101691,14,1,2025-04-23,2025-05-12,Cancelled
101692,15,1,2025-06-06,2025-06-30,Delivered
101693,14,5,2025-01-11,2025-02-01,Shipped
101694,16,2,2025-04-03,2025-04-13,Delivered
101695,57,5,2025-05-08,2025-05-16,Shipped
101696,47,3,2025-02-05,2025-02-13,Delivered
101697,57,4,2025-01-02,2025-01-14,Delivered
101698,61,3,2025-03-15,2025-04-05,Shipped
101699,35,3,2025-04-17,2025-05-03,Delivered
101700,32,2,2025-05-16,2025-06-03,Delivered
101701,18,4,2025-04-16,2025-05-04,Delivered
101702,67,3,2025-01-08,2025-01-27,Shipped
101703,2,5,2025-01-18,2025-01-25,Delivered
101704,52,2,2025-04-22,2025-04-28,Delivered
101705,5,2,2025-05-28,2025-06-03,Cancelled
101706,67,3,2025-04-18,2025-05-05,Delivered
101707,71,3,2025-03-22,2025-04-07,Pending
101708,36,5,2025-06-06,2025-06-15,Delivered
101709,58,2,2025-05-20,2025-06-13,Delivered
101710,57,3,2025-06-16,2025-07-03,Delivered
101711,39,1,2025-01-10,2025-02-01,Delivered
101712,17,5,2025-05-19,2025-06-02,Shipped
101713,66,5,2025-03-21,2025-04-11,Delivered
101714,21,1,2025-01-08,2025-01-30,Delivered
101715,31,3,2025-04-19,2025-05-10,Shipped
101716,8,3,2025-03-08,2025-04-02,Delivered
101717,16,1,2025-06-16,2025-06-24,Delivered
101718,74,1,2025-04-27,2025-05-12,Cancelled
101719,75,5,2025-06-10,2025-07-02,Delivered
101720,30,3,2025-03-18,2025-04-01,Delivered
101721,74,2,2025-04-07,2025-04-28,Delivered
101722,14,3,2025-05-13,2025-06-05,Shipped
101723,47,4,2025-01-26,2025-02-04,Delivered
101724,53,1,2025-01-24,2025-01-30,Delivered
101725,17,4,2025-02-24,2025-03-15,Pending
101726,68,4,2025-05-31,2025-06-22,Delivered
101727,51,3,2025-05-30,2025-06-19,Delivered
101728,57,4,2025-04-17,2025-04-27,Shipped
101729,17,4,2025-04-28,2025-05-07,Cancelled
101730,66,5,2025-01-31,2025-02-11,Delivered
101731,5,2,2025-05-24,2025-06-09,Delivered
101732,16,5,2025-04-15,2025-04-23,Shipped
101733,74,3,2025-01-11,2025-02-01,Shipped
101734,48,3,2025-04-06,2025-04-20,Shipped
101735,4,2,2025-02-06,2025-03-01,Delivered
101736,40,3,2025-02-25,2025-03-07,Delivered
101737,63,1,2025-02-01,2025-02-23,Delivered
101738,6,4,2025-05-04,2025-05-27,Delivered
101739,58,3,2025-04-07,2025-04-27,Delivered
101740,78,2,2025-02-05,2025-02-26,Delivered
101741,58,4,2025-02-08,2025-02-23,Pending
101742,80,5,2025-04-15,2025-05-02,Shipped
101743,51,3,2025-05-19,2025-05-25,Cancelled
101744,57,3,2025-06-15,2025-06-22,Delivered
101745,4,5,2025-06-11,2025-06-25,Delivered
101746,16,5,2025-01-22,2025-02-02,Cancelled
101747,70,5,2025-01-14,2025-02-06,Delivered
101748,61,5,2025-01-05,2025-01-13,Delivered
101749,69,2,2025-01-05,2025-01-18,Delivered
101750,32,5,2025-04-24,2025-05-01,Delivered
101751,78,3,2025-04-13,2025-05-06,Pending
101752,3,3,2025-04-22,2025-05-02,Delivered
101753,68,3,2025-04-08,2025-04-21,Pending
101754,13,5,2025-02-13,2025-02-27,Shipped
101755,33,1,2025-02-09,2025-02-23,Cancelled
101756,22,1,2025-06-07,2025-06-22,Shipped
101757,8,3,2025-04-10,2025-04-18,Delivered
101758,53,3,2025-03-08,2025-03-25,Delivered
101759,16,1,2025-02-21,2025-03-05,Delivered
101760,76,2,2025-05-07,2025-05-28,Delivered
101761,50,1,2025-03-10,2025-03-16,Delivered
101762,71,4,2025-01-17,2025-02-06,Pending
101763,30,1,2025-03-10,2025-04-01,Cancelled
101764,13,2,2025-05-23,2025-06-17,Delivered
101765,39,5,2025-04-15,2025-05-04,Pending
101766,65,2,2025-02-06,2025-02-22,Delivered
101767,22,2,2025-05-18,2025-06-05,Cancelled
101768,72,4,2025-01-11,2025-01-16,Delivered
101769,80,3,2025-06-17,2025-06-27,Pending
101770,62,3,2025-06-03,2025-06-16,Delivered
101771,49,3,2025-06-11,2025-06-22,Delivered
101772,66,3,2025-01-12,2025-01-22,Delivered
101773,73,1,2025-03-18,2025-03-25,Delivered
101774,16,2,2025-05-23,2025-06-05,Delivered
101775,27,5,2025-05-10,2025-05-25,Delivered
101776,44,3,2025-04-26,2025-05-09,Shipped
101777,42,3,2025-02-23,2025-03-14,Cancelled
101778,43,1,2025-06-27,2025-07-06,Delivered
101779,1,5,2025-05-02,2025-05-07,Delivered
101780,23,4,2025-05-23,2025-06-12,Delivered
101781,69,1,2025-06-16,2025-07-11,Pending
101782,4,4,2025-06-22,2025-06-30,Delivered
101783,49,5,2025-04-02,2025-04-19,Shipped
101784,2,1,2025-04-29,2025-05-15,Delivered
101785,57,1,2025-02-26,2025-03-03,Delivered
101786,46,2,2025-01-24,2025-02-17,Delivered
101787,29,2,2025-05-07,2025-05-23,Pending
101788,64,5,2025-02-23,2025-02-28,Shipped
101789,51,1,2025-03-13,2025-04-05,Delivered
101790,22,5,2025-02-19,2025-03-14,Delivered
101791,78,5,2025-02-14,2025-02-21,Delivered
101792,9,2,2025-03-08,2025-03-31,Delivered
101793,67,3,2025-02-19,2025-02-24,Cancelled
101794,69,5,2025-03-06,2025-03-28,Delivered
101795,1,4,2025-06-14,2025-07-09,Pending
101796,42,4,2025-04-15,2025-04-28,Shipped
101797,67,4,2025-05-07,2025-05-23,Delivered
101798,6,2,2025-01-13,2025-01-26,Delivered
101799,69,4,2025-03-22,2025-03-27,Delivered
101800,43,1,2025-05-27,2025-06-01,Cancelled
101801,29,4,2025-01-20,2025-02-01,Shipped
101802,43,3,2025-01-17,2025-02-11,Delivered
101803,4,4,2025-04-21,2025-04-26,Delivered
101804,43,3,2025-03-05,2025-03-13,Delivered
101805,44,1,2025-03-27,2025-04-17,Delivered
101806,10,5,2025-06-08,2025-06-27,Delivered
101807,58,5,2025-02-01,2025-02-08,Cancelled
101808,5,4,2025-03-22,2025-03-29,Delivered
101809,8,4,2025-01-15,2025-01-29,Delivered
101810,56,1,2025-01-27,2025-02-02,Delivered
101811,38,4,2025-04-13,2025-04-21,Delivered
101812,53,2,2025-06-03,2025-06-27,Pending
101813,50,4,2025-04-20,2025-05-14,Delivered
101814,44,1,2025-04-27,2025-05-18,Delivered
101815,25,1,2025-01-27,2025-02-01,Delivered
101816,9,5,2025-02-19,2025-03-14,Shipped
101817,66,3,2025-04-01,2025-04-19,Delivered
101818,80,4,2025-02-17,2025-03-01,Shipped
101819,6,1,2025-02-02,2025-02-16,Delivered
101820,66,3,2025-03-21,2025-04-13,Delivered
101821,19,2,2025-05-01,2025-05-15,Delivered
101822,38,3,2025-01-03,2025-01-24,Delivered
101823,19,1,2025-03-02,2025-03-23,Delivered
101824,72,1,2025-04-19,2025-05-05,Shipped
101825,26,2,2025-01-18,2025-02-02,Shipped
101826,61,4,2025-06-03,2025-06-18,Delivered
101827,73,3,2025-06-07,2025-06-21,Delivered
101828,21,1,2025-04-27,2025-05-03,Delivered
101829,1,2,2025-06-27,2025-07-09,Delivered
101830,28,2,2025-05-04,2025-05-19,Delivered
101831,49,2,2025-04-13,2025-04-23,Delivered
101832,1,3,2025-01-03,2025-01-10,Delivered
101833,72,1,2025-02-06,2025-02-20,Delivered
101834,75,3,2025-01-12,2025-01-17,Shipped
101835,37,2,2025-02-26,2025-03-11,Delivered
101836,44,5,2025-03-04,2025-03-14,Shipped
101837,23,3,2025-01-26,2025-01-31,Delivered
101838,18,4,2025-06-17,2025-06-25,Delivered
101839,27,3,2025-04-27,2025-05-09,Delivered
101840,48,2,2025-05-15,2025-06-08,Delivered
101841,9,1,2025-02-06,2025-02-15,Delivered
101842,25,5,2025-04-07,2025-04-23,Delivered
101843,55,2,2025-01-12,2025-02-05,Delivered
101844,69,3,2025-02-08,2025-02-23,Shipped
101845,36,2,2025-05-11,2025-06-03,Delivered
101846,27,1,2025-05-01,2025-05-25,Pending
101847,66,4,2025-06-15,2025-07-06,Delivered
101848,67,4,2025-02-15,2025-03-02,Delivered
101849,68,4,2025-05-07,2025-05-27,Shipped
101850,52,5,2025-06-16,2025-06-22,Shipped
101851,26,4,2025-03-02,2025-03-19,Shipped
101852,55,4,2025-05-27,2025-06-06,Delivered
101853,48,3,2025-05-21,2025-05-28,Shipped
101854,11,3,2025-04-24,2025-05-15,Delivered
101855,75,1,2025-04-30,2025-05-21,Delivered
101856,55,4,2025-04-30,2025-05-18,Delivered
101857,64,3,2025-03-11,2025-03-28,Pending
101858,57,2,2025-03-09,2025-04-03,Pending
101859,11,3,2025-05-09,2025-05-30,Delivered
101860,11,3,2025-02-28,2025-03-08,Shipped
101861,47,1,2025-05-20,2025-05-31,Delivered
101862,43,3,2025-03-19,2025-04-01,Shipped
101863,78,2,2025-05-20,2025-06-02,Pending
101864,39,3,2025-03-30,2025-04-16,Delivered
101865,75,1,2025-05-01,2025-05-26,Delivered
101866,20,4,2025-02-28,2025-03-12,Delivered
101867,27,4,2025-03-01,2025-03-22,Delivered
101868,71,4,2025-04-29,2025-05-14,Delivered
101869,41,2,2025-04-20,2025-05-08,Shipped
101870,58,5,2025-01-08,2025-01-24,Shipped
101871,17,3,2025-01-03,2025-01-23,Delivered
101872,46,3,2025-02-27,2025-03-17,Delivered
101873,52,5,2025-03-18,2025-04-02,Delivered
101874,73,1,2025-02-05,2025-02-14,Cancelled
101875,43,5,2025-06-11,2025-07-05,Delivered
101876,74,4,2025-04-08,2025-04-19,Delivered
101877,9,5,2025-04-09,2025-04-20,Delivered
101878,43,5,2025-04-26,2025-05-21,Delivered
101879,12,2,2025-01-27,2025-02-18,Shipped
101880,78,4,2025-01-07,2025-01-17,Shipped
101881,50,3,2025-02-22,2025-03-06,Shipped
101882,68,1,2025-04-27,2025-05-03,Delivered
101883,2,2,2025-03-25,2025-04-12,Delivered
101884,15,2,2025-05-18,2025-06-05,Delivered
101885,9,4,2025-02-22,2025-03-03,Delivered
101886,40,4,2025-06-20,2025-07-10,Shipped
101887,74,3,2025-05-31,2025-06-11,Delivered
101888,59,3,2025-02-21,2025-02-26,Cancelled
101889,58,1,2025-04-13,2025-05-07,Delivered
101890,68,3,2025-05-26,2025-06-15,Delivered
101891,74,1,2025-01-24,2025-02-07,Delivered
101892,59,3,2025-06-29,2025-07-13,Delivered
101893,23,4,2025-03-05,2025-03-15,Delivered
101894,56,4,2025-04-09,2025-04-19,Delivered
101895,13,4,2025-06-28,2025-07-04,Shipped
101896,21,3,2025-06-10,2025-07-02,Shipped
101897,9,2,2025-05-07,2025-05-25,Cancelled
101898,71,1,2025-04-05,2025-04-12,Delivered
101899,65,3,2025-04-15,2025-05-04,Shipped
101900,27,5,2025-01-12,2025-01-31,Pending
101901,60,4,2025-03-29,2025-04-15,Delivered
101902,51,1,2025-01-03,2025-01-16,Shipped
101903,18,3,2025-06-21,2025-07-10,Delivered
101904,9,1,2025-05-21,2025-06-02,Delivered
101905,57,2,2025-05-01,2025-05-14,Delivered
101906,22,1,2025-06-05,2025-06-13,Shipped
101907,16,5,2025-04-11,2025-04-21,Pending
101908,2,3,2025-02-09,2025-02-28,Delivered
101909,28,1,2025-06-22,2025-07-14,Shipped
101910,7,5,2025-06-14,2025-06-22,Delivered
101911,40,4,2025-01-14,2025-02-07,Pending
101912,49,2,2025-03-05,2025-03-21,Delivered
101913,26,1,2025-01-05,2025-01-23,Pending
101914,2,3,2025-02-19,2025-02-26,Shipped
101915,13,2,2025-02-12,2025-02-18,Delivered
101916,14,3,2025-03-24,2025-04-15,Delivered
101917,80,2,2025-05-19,2025-06-05,Delivered
101918,16,2,2025-02-24,2025-03-04,Delivered
101919,23,1,2025-04-13,2025-05-08,Delivered
101920,50,2,2025-04-28,2025-05-10,Pending
101921,36,5,2025-04-05,2025-04-11,Pending
101922,28,4,2025-03-19,2025-04-12,Delivered
101923,14,5,2025-05-26,2025-06-05,Shipped
101924,13,5,2025-03-25,2025-04-19,Delivered
101925,18,3,2025-02-14,2025-03-11,Delivered
101926,41,4,2025-01-18,2025-02-02,Pending
101927,75,4,2025-04-08,2025-04-29,Delivered
101928,30,5,2025-05-31,2025-06-05,Shipped
101929,79,1,2025-03-21,2025-04-02,Delivered
101930,32,5,2025-01-21,2025-01-27,Shipped
101931,64,3,2025-02-21,2025-03-02,Delivered
101932,5,2,2025-06-03,2025-06-22,Delivered
101933,43,2,2025-03-13,2025-03-28,Delivered
101934,6,5,2025-04-17,2025-05-12,Delivered
101935,4,2,2025-03-26,2025-04-10,Shipped
101936,70,1,2025-06-20,2025-07-02,Delivered
101937,29,5,2025-04-08,2025-04-29,Delivered
101938,57,1,2025-01-17,2025-02-06,Pending
101939,25,1,2025-06-12,2025-06-21,Delivered
101940,17,1,2025-02-14,2025-03-09,Delivered
101941,27,2,2025-05-10,2025-05-17,Delivered
101942,60,3,2025-02-12,2025-02-23,Shipped
101943,23,5,2025-03-05,2025-03-19,Shipped
101944,58,2,2025-03-11,2025-03-31,Pending
101945,47,4,2025-04-07,2025-04-17,Delivered
101946,55,5,2025-06-06,2025-06-24,Delivered
101947,62,1,2025-04-08,2025-04-26,Delivered
101948,39,5,2025-05-18,2025-05-27,Delivered
101949,23,3,2025-04-08,2025-04-27,Delivered
101950,37,4,2025-05-24,2025-06-17,Delivered
101951,43,2,2025-05-01,2025-05-12,Shipped
101952,25,1,2025-01-04,2025-01-25,Delivered
101953,48,4,2025-04-14,2025-05-02,Delivered
101954,48,4,2025-05-06,2025-05-20,Delivered
101955,76,1,2025-04-15,2025-04-21,Cancelled
101956,16,4,2025-05-25,2025-06-04,Shipped
101957,56,3,2025-03-31,2025-04-21,Delivered
101958,48,1,2025-06-16,2025-07-03,Delivered
101959,32,2,2025-05-03,2025-05-09,Delivered
101960,47,1,2025-06-28,2025-07-23,Shipped
101961,78,4,2025-06-24,2025-07-03,Shipped
101962,78,5,2025-06-19,2025-06-29,Pending
101963,12,4,2025-04-12,2025-05-05,Cancelled
101964,11,5,2025-02-18,2025-03-08,Shipped
101965,55,3,2025-06-27,2025-07-11,Delivered
101966,69,4,2025-05-31,2025-06-14,Delivered
101967,12,1,2025-06-12,2025-07-05,Delivered
101968,45,2,2025-03-10,2025-03-21,Delivered
101969,51,3,2025-01-02,2025-01-12,Delivered
101970,1,1,2025-01-18,2025-02-05,Delivered
101971,37,4,2025-02-13,2025-02-23,Delivered
101972,18,2,2025-05-05,2025-05-15,Delivered
101973,15,4,2025-05-26,2025-06-06,Shipped
101974,8,2,2025-02-19,2025-03-04,Cancelled
101975,53,4,2025-06-10,2025-07-04,Shipped
101976,22,1,2025-03-17,2025-03-24,Delivered
101977,36,1,2025-03-29,2025-04-03,Delivered
101978,62,4,2025-06-22,2025-06-30,Pending
101979,35,1,2025-06-20,2025-07-13,Delivered
101980,6,1,2025-02-24,2025-03-17,Delivered
101981,49,5,2025-05-14,2025-05-27,Delivered
101982,61,3,2025-06-04,2025-06-22,Delivered
101983,44,3,2025-03-03,2025-03-19,Delivered
101984,49,5,2025-01-15,2025-01-31,Delivered
101985,13,1,2025-04-27,2025-05-14,Delivered
101986,18,1,2025-06-04,2025-06-12,Delivered
101987,36,2,2025-04-05,2025-04-24,Delivered
101988,61,5,2025-04-16,2025-04-27,Pending
101989,42,1,2025-06-12,2025-06-28,Delivered
101990,42,4,2025-03-01,2025-03-25,Delivered
101991,79,1,2025-03-31,2025-04-18,Delivered
101992,61,1,2025-04-09,2025-04-23,Delivered
101993,19,5,2025-05-27,2025-06-17,Pending
101994,64,1,2025-03-19,2025-04-10,Cancelled
101995,60,2,2025-04-25,2025-05-03,Delivered
101996,70,2,2025-03-04,2025-03-15,Shipped
101997,12,1,2025-04-22,2025-04-27,Shipped
101998,42,4,2025-03-13,2025-03-25,Delivered
101999,61,1,2025-06-20,2025-06-29,Delivered
102000,63,1,2025-06-27,2025-07-12,Delivered
102001,74,5,2025-01-17,2025-02-11,Delivered
102002,49,5,2025-04-22,2025-05-04,Shipped
102003,15,3,2025-01-23,2025-01-31,Pending
102004,76,2,2025-01-30,2025-02-22,Delivered
102005,41,4,2025-05-28,2025-06-02,Delivered
102006,76,5,2025-02-18,2025-03-07,Cancelled
102007,41,3,2025-06-23,2025-07-02,Delivered
102008,78,5,2025-02-26,2025-03-06,Delivered
102009,69,4,2025-03-22,2025-03-31,Delivered
102010,38,2,2025-05-08,2025-05-27,Shipped
102011,37,2,2025-06-20,2025-06-26,Delivered
102012,40,5,2025-06-26,2025-07-04,Shipped
102013,74,4,2025-06-11,2025-06-22,Delivered
102014,49,1,2025-03-27,2025-04-05,Delivered
102015,27,2,2025-06-29,2025-07-05,Delivered
102016,23,4,2025-04-11,2025-04-25,Cancelled
102017,21,1,2025-05-21,2025-06-07,Delivered
102018,61,3,2025-04-11,2025-04-28,Pending
102019,37,3,2025-06-28,2025-07-09,Delivered
102020,71,4,2025-01-25,2025-02-03,Delivered
102021,75,1,2025-03-19,2025-04-07,Delivered
102022,74,2,2025-04-24,2025-05-14,Shipped
102023,19,2,2025-02-25,2025-03-08,Delivered
102024,2,3,2025-05-28,2025-06-05,Delivered
102025,19,4,2025-04-20,2025-04-30,Delivered
102026,13,3,2025-05-02,2025-05-12,Delivered
102027,16,5,2025-06-16,2025-07-01,Delivered
102028,20,4,2025-03-04,2025-03-10,Shipped
102029,51,4,2025-03-19,2025-04-12,Cancelled
102030,49,1,2025-04-29,2025-05-24,Delivered
102031,57,3,2025-01-03,2025-01-11,Shipped
102032,16,4,2025-06-14,2025-07-05,Shipped
102033,76,5,2025-05-27,2025-06-16,Shipped
102034,13,5,2025-02-16,2025-03-05,Delivered
102035,56,3,2025-05-27,2025-06-05,Pending
102036,9,5,2025-02-17,2025-03-06,Delivered
102037,3,4,2025-05-23,2025-06-14,Delivered
102038,68,4,2025-01-17,2025-02-07,Delivered
102039,69,1,2025-02-23,2025-03-03,Shipped
102040,77,2,2025-01-02,2025-01-24,Delivered
102041,41,1,2025-01-11,2025-01-20,Delivered
102042,21,1,2025-05-24,2025-06-06,Delivered
102043,5,1,2025-02-01,2025-02-22,Shipped
102044,70,2,2025-04-19,2025-04-24,Shipped
102045,6,5,2025-03-17,2025-04-08,Delivered
102046,74,4,2025-06-27,2025-07-12,Delivered
102047,46,5,2025-05-18,2025-06-08,Shipped
102048,13,1,2025-03-02,2025-03-08,Shipped
102049,39,2,2025-02-04,2025-02-28,Delivered
102050,76,3,2025-03-13,2025-03-22,Delivered
102051,55,1,2025-05-21,2025-06-03,Shipped
102052,21,4,2025-04-27,2025-05-04,Delivered
102053,55,2,2025-05-18,2025-05-29,Pending
102054,35,2,2025-04-06,2025-04-29,Delivered
102055,66,5,2025-02-11,2025-03-01,Delivered
102056,41,4,2025-04-08,2025-04-13,Cancelled
102057,32,1,2025-03-11,2025-03-19,Delivered
102058,71,4,2025-01-17,2025-02-01,Delivered
102059,47,3,2025-03-11,2025-03-20,Delivered
102060,29,3,2025-01-03,2025-01-11,Delivered
102061,29,4,2025-01-27,2025-02-04,Shipped
102062,40,5,2025-05-06,2025-05-14,Delivered
102063,74,3,2025-05-22,2025-06-04,Delivered
102064,7,2,2025-03-23,2025-04-09,Shipped
102065,69,5,2025-06-02,2025-06-19,Delivered
102066,17,3,2025-01-03,2025-01-24,Delivered
102067,17,2,2025-04-07,2025-04-30,Delivered
102068,7,3,2025-03-05,2025-03-29,Delivered
102069,59,2,2025-04-23,2025-05-09,Delivered
102070,65,3,2025-03-12,2025-03-30,Delivered
102071,30,3,2025-06-12,2025-06-19,Delivered
102072,53,3,2025-01-24,2025-02-18,Pending
102073,31,1,2025-02-12,2025-03-07,Pending
102074,37,5,2025-05-07,2025-05-12,Cancelled
102075,55,5,2025-02-04,2025-02-24,Delivered
102076,69,1,2025-04-14,2025-04-19,Delivered
102077,1,4,2025-06-29,2025-07-21,Delivered
102078,32,5,2025-06-25,2025-07-19,Pending
102079,58,2,2025-06-22,2025-07-13,Delivered
102080,23,1,2025-04-04,2025-04-13,Delivered
102081,7,4,2025-05-07,2025-05-24,Shipped
102082,15,3,2025-06-23,2025-07-05,Delivered
102083,16,3,2025-03-18,2025-04-07,Shipped
102084,28,1,2025-06-11,2025-07-04,Delivered
102085,40,5,2025-01-10,2025-01-29,Delivered
102086,63,1,2025-04-02,2025-04-07,Delivered
102087,43,3,2025-04-01,2025-04-09,Pending
102088,24,4,2025-04-01,2025-04-06,Shipped
102089,63,2,2025-01-22,2025-02-12,Delivered
102090,20,4,2025-02-01,2025-02-21,Pending
102091,33,2,2025-05-01,2025-05-18,Delivered
102092,47,4,2025-02-16,2025-03-10,Delivered
102093,14,4,2025-06-18,2025-07-07,Shipped
102094,46,4,2025-01-02,2025-01-18,Delivered
102095,26,1,2025-02-18,2025-03-04,Pending
102096,51,4,2025-03-26,2025-04-01,Shipped
102097,26,4,2025-06-20,2025-07-03,Shipped
102098,63,5,2025-05-07,2025-05-16,Delivered
102099,52,5,2025-04-10,2025-04-19,Shipped
102100,14,1,2025-02-02,2025-02-11,Delivered
102101,2,2,2025-01-14,2025-01-29,Delivered
102102,77,1,2025-04-22,2025-05-12,Shipped
102103,63,1,2025-04-20,2025-05-02,Delivered
102104,66,2,2025-03-05,2025-03-18,Delivered
102105,34,2,2025-06-20,2025-07-08,Shipped
102106,14,5,2025-06-06,2025-06-16,Shipped
102107,76,2,2025-02-28,2025-03-08,Shipped
102108,5,3,2025-02-19,2025-02-28,Delivered
102109,79,2,2025-01-24,2025-01-30,Delivered
102110,68,3,2025-06-29,2025-07-24,Cancelled
102111,29,3,2025-04-20,2025-05-10,Pending
102112,55,1,2025-03-19,2025-03-27,Shipped
102113,36,3,2025-04-18,2025-04-30,Delivered
102114,7,2,2025-01-11,2025-01-16,Pending
102115,42,2,2025-03-15,2025-04-04,Shipped
102116,78,1,2025-04-21,2025-05-01,Shipped
102117,63,3,2025-03-27,2025-04-10,Shipped
102118,2,5,2025-02-03,2025-02-18,Delivered
102119,47,5,2025-05-16,2025-06-09,Delivered
102120,36,2,2025-05-30,2025-06-16,Pending
102121,14,2,2025-06-11,2025-07-05,Shipped
102122,76,2,2025-02-19,2025-03-10,Delivered
102123,10,5,2025-06-08,2025-06-23,Delivered
102124,61,2,2025-05-17,2025-05-26,Pending
102125,25,4,2025-05-21,2025-06-03,Delivered
102126,72,3,2025-04-04,2025-04-23,Delivered
102127,16,4,2025-01-18,2025-02-07,Delivered
102128,65,1,2025-02-12,2025-03-08,Shipped
102129,17,3,2025-01-12,2025-02-04,Pending
102130,25,4,2025-05-07,2025-05-29,Delivered
102131,10,2,2025-04-23,2025-05-14,Delivered
102132,50,4,2025-06-05,2025-06-18,Shipped
102133,1,2,2025-05-27,2025-06-07,Delivered
102134,2,5,2025-04-27,2025-05-18,Delivered
102135,68,3,2025-03-19,2025-03-31,Shipped
102136,35,5,2025-01-31,2025-02-10,Shipped
102137,69,2,2025-03-16,2025-03-22,Delivered
102138,36,2,2025-03-11,2025-03-17,Delivered
102139,32,2,2025-05-17,2025-05-25,Pending
102140,45,5,2025-04-05,2025-04-20,Pending
102141,71,3,2025-02-04,2025-02-22,Delivered
102142,38,3,2025-01-15,2025-02-09,Delivered
102143,46,2,2025-03-13,2025-03-23,Shipped
102144,3,5,2025-06-18,2025-07-11,Shipped
102145,49,3,2025-06-10,2025-07-05,Delivered
102146,27,4,2025-02-26,2025-03-13,Shipped
102147,75,4,2025-02-09,2025-02-28,Shipped
102148,56,3,2025-02-07,2025-02-27,Pending
102149,24,4,2025-02-17,2025-02-27,Shipped
102150,63,2,2025-06-15,2025-06-29,Pending
102151,21,2,2025-04-11,2025-05-05,Shipped
102152,19,1,2025-04-20,2025-05-02,Delivered
102153,52,1,2025-05-15,2025-05-24,Delivered
102154,2,5,2025-01-26,2025-02-12,Delivered
102155,15,1,2025-06-14,2025-06-20,Shipped
102156,11,3,2025-02-06,2025-03-03,Delivered
102157,2,1,2025-05-19,2025-06-03,Delivered
102158,11,2,2025-02-05,2025-02-25,Delivered
102159,57,2,2025-03-20,2025-04-04,Delivered
102160,32,1,2025-05-20,2025-06-02,Delivered
102161,16,1,2025-01-12,2025-01-20,Delivered
102162,14,5,2025-04-17,2025-04-26,Pending
102163,29,1,2025-02-28,2025-03-18,Delivered
102164,46,3,2025-02-27,2025-03-16,Delivered
102165,15,4,2025-02-13,2025-02-21,Shipped
102166,37,3,2025-01-20,2025-02-13,Delivered
102167,47,1,2025-01-12,2025-02-05,Shipped
102168,55,5,2025-03-27,2025-04-20,Shipped
102169,55,2,2025-06-20,2025-07-04,Delivered
102170,37,3,2025-01-27,2025-02-09,Delivered
102171,48,3,2025-01-20,2025-01-25,Delivered
102172,20,2,2025-03-23,2025-04-01,Delivered
102173,62,1,2025-01-29,2025-02-21,Delivered
102174,36,2,2025-01-24,2025-02-08,Cancelled
102175,24,4,2025-04-01,2025-04-16,Delivered
102176,62,4,2025-06-04,2025-06-29,Delivered
102177,32,4,2025-04-18,2025-05-10,Delivered
102178,69,4,2025-05-17,2025-06-08,Delivered
102179,50,1,2025-05-29,2025-06-16,Delivered
102180,29,1,2025-03-02,2025-03-18,Pending
102181,3,3,2025-05-23,2025-06-12,Cancelled
102182,15,1,2025-03-31,2025-04-16,Delivered
102183,18,3,2025-04-28,2025-05-07,Delivered
102184,71,4,2025-03-04,2025-03-15,Delivered
102185,8,2,2025-01-31,2025-02-09,Delivered
102186,4,4,2025-04-06,2025-04-12,Delivered
102187,75,1,2025-05-03,2025-05-27,Delivered
102188,4,2,2025-04-04,2025-04-13,Pending
102189,10,1,2025-05-26,2025-06-13,Shipped
102190,24,4,2025-02-05,2025-02-26,Delivered
102191,39,4,2025-04-16,2025-05-01,Delivered
102192,2,3,2025-01-29,2025-02-07,Pending
102193,5,5,2025-02-14,2025-03-07,Shipped
102194,51,4,2025-06-24,2025-07-13,Delivered
102195,34,5,2025-05-09,2025-05-23,Delivered
102196,55,2,2025-03-11,2025-03-18,Delivered
102197,17,2,2025-04-13,2025-05-07,Pending
102198,51,2,2025-05-24,2025-06-17,Delivered
102199,60,4,2025-03-22,2025-04-16,Delivered
102200,49,2,2025-01-14,2025-01-30,Delivered
102201,25,3,2025-01-28,2025-02-05,Pending
102202,78,3,2025-01-08,2025-01-20,Shipped
102203,70,1,2025-01-17,2025-01-28,Delivered
102204,40,2,2025-05-22,2025-06-02,Delivered
102205,5,2,2025-03-10,2025-03-17,Cancelled
102206,73,1,2025-05-25,2025-06-14,Pending
102207,41,1,2025-03-21,2025-03-26,Cancelled
102208,37,4,2025-05-09,2025-05-20,Delivered
102209,51,3,2025-02-03,2025-02-11,Delivered
102210,65,1,2025-05-09,2025-05-18,Pending
102211,49,4,2025-05-31,2025-06-06,Shipped
102212,20,4,2025-01-21,2025-02-15,Pending
102213,30,2,2025-06-24,2025-07-19,Shipped
102214,21,5,2025-05-13,2025-06-06,Delivered
102215,44,4,2025-02-03,2025-02-18,Shipped
102216,80,4,2025-01-11,2025-01-28,Shipped
102217,79,5,2025-01-20,2025-01-29,Delivered
102218,64,1,2025-01-04,2025-01-13,Delivered
102219,40,5,2025-01-23,2025-02-12,Pending
102220,41,2,2025-03-17,2025-03-27,Pending
102221,74,3,2025-04-01,2025-04-08,Pending
102222,59,3,2025-05-02,2025-05-15,Delivered
102223,57,2,2025-02-01,2025-02-24,Delivered
102224,47,3,2025-04-13,2025-05-01,Delivered
102225,17,4,2025-04-04,2025-04-25,Delivered
102226,41,3,2025-01-22,2025-02-09,Delivered
102227,34,1,2025-06-08,2025-07-03,Pending
102228,32,5,2025-01-03,2025-01-12,Delivered
102229,38,4,2025-02-10,2025-03-05,Delivered
102230,10,2,2025-04-10,2025-04-29,Delivered
102231,45,4,2025-04-30,2025-05-25,Delivered
102232,60,1,2025-01-22,2025-02-01,Delivered
102233,51,4,2025-02-21,2025-03-10,Delivered
102234,41,3,2025-06-04,2025-06-24,Shipped
102235,61,1,2025-03-13,2025-04-01,Pending
102236,20,4,2025-02-07,2025-03-04,Shipped
102237,73,1,2025-06-03,2025-06-20,Pending
102238,47,4,2025-05-02,2025-05-13,Pending
102239,3,4,2025-03-11,2025-03-24,Delivered
102240,11,2,2025-01-18,2025-01-31,Delivered
102241,39,4,2025-04-18,2025-05-09,Shipped
102242,34,2,2025-01-14,2025-01-21,Delivered
102243,55,3,2025-03-18,2025-03-28,Shipped
102244,54,4,2025-05-02,2025-05-24,Delivered
102245,21,4,2025-04-01,2025-04-24,Delivered
102246,2,5,2025-06-02,2025-06-13,Pending
102247,75,5,2025-02-07,2025-02-22,Delivered
102248,41,1,2025-02-08,2025-02-27,Delivered
102249,64,3,2025-01-30,2025-02-17,Shipped
102250,1,4,2025-02-02,2025-02-27,Delivered
102251,75,1,2025-01-10,2025-01-21,Delivered
102252,25,4,2025-06-28,2025-07-20,Delivered
102253,77,4,2025-02-25,2025-03-13,Shipped
102254,25,5,2025-01-04,2025-01-20,Delivered
102255,3,3,2025-03-20,2025-04-10,Delivered
102256,16,4,2025-06-16,2025-07-05,Delivered
102257,46,3,2025-05-19,2025-06-06,Delivered
102258,43,1,2025-02-15,2025-03-06,Delivered
102259,23,5,2025-06-02,2025-06-12,Delivered
102260,49,3,2025-06-18,2025-07-06,Delivered
102261,80,1,2025-01-23,2025-01-31,Pending
102262,3,5,2025-04-16,2025-04-24,Delivered
102263,80,5,2025-01-26,2025-02-20,Delivered
102264,75,1,2025-06-20,2025-07-04,Delivered
102265,28,2,2025-04-27,2025-05-19,Delivered
102266,26,4,2025-02-01,2025-02-17,Cancelled
102267,60,4,2025-06-15,2025-07-02,Pending
102268,48,2,2025-05-10,2025-05-24,Shipped
102269,34,3,2025-04-17,2025-04-29,Pending
102270,54,1,2025-01-04,2025-01-09,Shipped
102271,48,5,2025-06-03,2025-06-18,Delivered
102272,74,4,2025-03-03,2025-03-25,Cancelled
102273,25,5,2025-06-14,2025-07-01,Delivered
102274,74,4,2025-02-02,2025-02-27,Delivered
102275,23,4,2025-03-23,2025-04-13,Shipped
102276,30,1,2025-02-02,2025-02-23,Shipped
102277,74,4,2025-06-10,2025-06-23,Delivered
102278,21,3,2025-02-22,2025-03-01,Pending
102279,56,1,2025-06-10,2025-07-03,Shipped
102280,80,5,2025-01-21,2025-02-13,Delivered
102281,17,4,2025-06-12,2025-07-07,Delivered
102282,24,2,2025-06-17,2025-06-29,Shipped
102283,69,2,2025-04-07,2025-04-20,Delivered
102284,36,1,2025-02-06,2025-03-03,Pending
102285,75,1,2025-01-29,2025-02-17,Delivered
102286,16,1,2025-02-06,2025-02-20,Shipped
102287,24,1,2025-01-20,2025-02-09,Delivered
102288,27,4,2025-01-26,2025-02-15,Delivered
102289,53,1,2025-05-05,2025-05-30,Pending
102290,54,4,2025-03-22,2025-04-16,Delivered
102291,21,2,2025-03-18,2025-03-23,Delivered
102292,73,5,2025-01-09,2025-01-17,Cancelled
102293,45,4,2025-06-07,2025-07-01,Delivered
102294,21,5,2025-03-07,2025-03-15,Shipped
102295,4,5,2025-01-06,2025-01-27,Delivered
102296,20,2,2025-04-04,2025-04-12,Delivered
102297,4,3,2025-02-05,2025-02-17,Pending
102298,17,3,2025-03-12,2025-04-01,Shipped
102299,12,3,2025-05-22,2025-06-16,Shipped
102300,64,4,2025-05-12,2025-05-29,Delivered
102301,33,2,2025-02-20,2025-03-05,Cancelled
102302,14,5,2025-05-31,2025-06-14,Shipped
102303,27,4,2025-04-21,2025-05-10,Delivered
102304,35,3,2025-06-09,2025-06-17,Delivered
102305,55,2,2025-05-26,2025-06-11,Delivered
102306,9,4,2025-02-12,2025-02-18,Cancelled
102307,33,5,2025-04-15,2025-04-29,Delivered
102308,68,3,2025-04-12,2025-04-17,Shipped
102309,42,4,2025-02-17,2025-03-05,Shipped
102310,28,3,2025-04-06,2025-04-15,Delivered
102311,16,1,2025-03-23,2025-03-28,Delivered
102312,28,4,2025-05-26,2025-06-10,Delivered
102313,72,1,2025-04-09,2025-04-23,Delivered
102314,68,2,2025-01-27,2025-02-18,Shipped
102315,78,1,2025-05-27,2025-06-21,Delivered
102316,56,3,2025-03-23,2025-04-03,Shipped
102317,64,4,2025-01-12,2025-01-25,Delivered
102318,16,4,2025-02-13,2025-03-09,Delivered
102319,50,2,2025-05-28,2025-06-02,Shipped
102320,74,1,2025-04-29,2025-05-13,Shipped
102321,52,1,2025-05-17,2025-06-07,Pending
102322,3,1,2025-05-01,2025-05-09,Delivered
102323,54,3,2025-03-12,2025-03-27,Delivered
102324,52,1,2025-05-23,2025-06-07,Delivered
102325,7,4,2025-03-18,2025-04-06,Delivered
102326,16,3,2025-06-08,2025-06-16,Pending
102327,7,1,2025-02-05,2025-02-13,Cancelled
102328,56,2,2025-02-13,2025-02-20,Shipped
102329,48,5,2025-01-02,2025-01-08,Shipped
102330,6,1,2025-01-13,2025-01-27,Pending
102331,43,5,2025-04-08,2025-04-21,Delivered
102332,18,5,2025-04-28,2025-05-06,Shipped
102333,19,5,2025-04-16,2025-05-11,Delivered
102334,16,5,2025-05-16,2025-05-28,Delivered
102335,63,3,2025-03-24,2025-04-13,Shipped
102336,34,3,2025-01-22,2025-02-07,Delivered
102337,32,2,2025-06-27,2025-07-04,Pending
102338,64,1,2025-02-24,2025-03-01,Delivered
102339,60,4,2025-02-18,2025-03-10,Shipped
102340,27,5,2025-05-16,2025-06-06,Delivered
102341,40,4,2025-06-17,2025-06-26,Delivered
102342,14,2,2025-02-26,2025-03-14,Delivered
102343,58,5,2025-05-12,2025-05-23,Delivered
102344,25,1,2025-03-13,2025-03-31,Shipped
102345,40,5,2025-06-15,2025-06-23,Shipped
102346,14,1,2025-03-03,2025-03-08,Delivered
102347,24,3,2025-01-08,2025-01-28,Delivered
102348,58,3,2025-03-09,2025-03-17,Delivered
102349,11,3,2025-04-21,2025-05-02,Shipped
102350,65,4,2025-05-11,2025-05-26,Pending
102351,35,3,2025-01-26,2025-02-01,Delivered
102352,55,2,2025-03-17,2025-03-28,Delivered
102353,77,3,2025-05-16,2025-06-09,Delivered
102354,56,1,2025-06-24,2025-06-30,Delivered
102355,15,2,2025-01-30,2025-02-05,Delivered
102356,74,3,2025-03-03,2025-03-10,Delivered
102357,36,2,2025-06-08,2025-06-25,Delivered
102358,13,2,2025-06-27,2025-07-10,Delivered
102359,22,2,2025-03-30,2025-04-24,Shipped
102360,77,3,2025-01-01,2025-01-09,Shipped
102361,80,4,2025-03-20,2025-04-01,Shipped
102362,9,2,2025-02-17,2025-03-04,Delivered
102363,19,1,2025-06-20,2025-07-10,Delivered
102364,3,2,2025-03-09,2025-03-16,Shipped
102365,2,5,2025-04-01,2025-04-21,Delivered
102366,63,2,2025-05-01,2025-05-09,Pending
102367,3,5,2025-06-24,2025-07-08,Delivered
102368,68,5,2025-02-12,2025-02-21,Delivered
102369,13,3,2025-03-27,2025-04-15,Delivered
102370,45,5,2025-03-07,2025-03-27,Shipped
102371,59,1,2025-04-01,2025-04-15,Delivered
102372,67,5,2025-05-04,2025-05-12,Shipped
102373,67,1,2025-02-07,2025-02-25,Delivered
102374,19,3,2025-05-08,2025-05-13,Shipped
102375,56,3,2025-02-22,2025-03-01,Shipped
102376,49,1,2025-03-12,2025-04-06,Delivered
102377,58,5,2025-02-14,2025-02-27,Delivered
102378,45,3,2025-04-11,2025-05-04,Delivered
102379,36,3,2025-02-18,2025-02-24,Delivered
102380,44,5,2025-02-01,2025-02-19,Delivered
102381,73,3,2025-03-15,2025-03-23,Cancelled
102382,64,2,2025-04-30,2025-05-09,Delivered
102383,38,5,2025-05-23,2025-06-02,Delivered
102384,37,1,2025-03-17,2025-03-22,Delivered
102385,28,3,2025-06-01,2025-06-09,Pending
102386,40,1,2025-04-21,2025-05-07,Delivered
102387,1,1,2025-03-06,2025-03-15,Delivered
102388,37,5,2025-06-20,2025-07-12,Shipped
102389,12,3,2025-02-06,2025-02-17,Delivered
102390,11,3,2025-02-26,2025-03-04,Delivered
102391,46,2,2025-06-23,2025-07-18,Delivered
102392,52,1,2025-03-08,2025-03-22,Delivered
102393,23,5,2025-04-22,2025-05-07,Delivered
102394,18,2,2025-03-06,2025-03-15,Delivered
102395,26,3,2025-03-20,2025-03-27,Shipped
102396,60,5,2025-02-16,2025-03-05,Delivered
102397,56,1,2025-02-05,2025-02-26,Delivered
102398,41,5,2025-06-25,2025-07-11,Delivered
102399,55,4,2025-04-18,2025-05-06,Delivered
102400,72,1,2025-04-18,2025-04-25,Delivered
102401,79,3,2025-03-04,2025-03-27,Delivered
102402,17,5,2025-05-20,2025-06-12,Delivered
102403,7,4,2025-02-02,2025-02-19,Delivered
102404,60,5,2025-04-28,2025-05-04,Pending
102405,35,1,2025-03-27,2025-04-20,Pending
102406,38,5,2025-05-04,2025-05-19,Delivered
102407,16,5,2025-06-22,2025-07-13,Delivered
102408,7,2,2025-05-13,2025-05-22,Delivered
102409,64,2,2025-02-27,2025-03-24,Delivered
102410,39,3,2025-01-02,2025-01-22,Delivered
102411,26,1,2025-01-18,2025-01-23,Shipped
102412,16,5,2025-01-25,2025-02-06,Shipped
102413,61,1,2025-05-10,2025-05-29,Delivered
102414,16,3,2025-04-14,2025-05-04,Cancelled
102415,31,5,2025-03-08,2025-04-01,Delivered
102416,79,1,2025-04-21,2025-04-30,Delivered
102417,24,2,2025-06-18,2025-06-30,Shipped
102418,70,2,2025-05-02,2025-05-22,Shipped
102419,13,5,2025-05-07,2025-05-23,Delivered
102420,51,4,2025-06-28,2025-07-06,Delivered
102421,55,2,2025-01-08,2025-01-22,Delivered
102422,73,4,2025-01-03,2025-01-26,Delivered
102423,80,4,2025-01-11,2025-01-27,Cancelled
102424,60,4,2025-03-12,2025-03-17,Cancelled
102425,46,5,2025-05-09,2025-05-20,Delivered
102426,68,4,2025-05-12,2025-05-19,Shipped
102427,20,3,2025-06-17,2025-07-10,Delivered
102428,18,3,2025-06-18,2025-07-02,Delivered
102429,9,4,2025-04-07,2025-04-27,Delivered
102430,24,5,2025-05-10,2025-05-31,Shipped
102431,42,5,2025-05-29,2025-06-14,Delivered
102432,52,1,2025-01-12,2025-01-17,Delivered
102433,21,2,2025-01-25,2025-02-02,Delivered
102434,61,3,2025-03-01,2025-03-13,Shipped
102435,23,4,2025-04-18,2025-04-25,Pending
102436,33,1,2025-01-10,2025-01-17,Delivered
102437,48,5,2025-06-11,2025-06-16,Delivered
102438,42,1,2025-06-28,2025-07-17,Delivered
102439,74,5,2025-02-21,2025-03-04,Shipped
102440,57,3,2025-02-27,2025-03-10,Delivered
102441,56,5,2025-02-19,2025-02-26,Delivered
102442,13,2,2025-01-09,2025-01-18,Delivered
102443,47,4,2025-05-26,2025-06-17,Delivered
102444,44,2,2025-06-24,2025-07-19,Delivered
102445,25,2,2025-05-27,2025-06-16,Delivered
102446,46,5,2025-05-24,2025-06-02,Delivered
102447,57,4,2025-06-10,2025-06-27,Delivered
102448,73,1,2025-02-02,2025-02-23,Shipped
102449,16,4,2025-03-01,2025-03-07,Delivered
102450,43,1,2025-02-27,2025-03-13,Delivered
102451,33,4,2025-06-30,2025-07-16,Pending
102452,21,3,2025-01-20,2025-02-11,Delivered
102453,67,5,2025-05-09,2025-05-23,Delivered
102454,8,5,2025-06-28,2025-07-06,Delivered
102455,34,1,2025-01-09,2025-01-24,Delivered
102456,26,3,2025-01-16,2025-01-25,Shipped
102457,43,1,2025-03-02,2025-03-22,Pending
102458,73,5,2025-06-29,2025-07-05,Delivered
102459,10,4,2025-06-03,2025-06-27,Delivered
102460,71,4,2025-02-03,2025-02-16,Delivered
102461,14,1,2025-05-08,2025-05-29,Shipped
102462,45,4,2025-05-03,2025-05-17,Delivered
102463,30,1,2025-01-15,2025-01-20,Delivered
102464,26,5,2025-06-05,2025-06-22,Delivered
102465,3,5,2025-05-04,2025-05-10,Delivered
102466,49,2,2025-04-21,2025-05-09,Delivered
102467,15,4,2025-01-31,2025-02-24,Cancelled
102468,48,3,2025-02-19,2025-03-06,Delivered
102469,8,2,2025-03-01,2025-03-08,Delivered
102470,30,4,2025-05-18,2025-06-10,Pending
102471,2,2,2025-01-15,2025-01-22,Pending
102472,57,2,2025-03-14,2025-03-20,Delivered
102473,78,2,2025-03-16,2025-03-25,Delivered
102474,62,1,2025-06-18,2025-06-25,Pending
102475,70,2,2025-05-07,2025-05-23,Delivered
102476,29,4,2025-03-19,2025-04-04,Delivered
102477,38,2,2025-05-15,2025-05-28,Delivered
102478,70,5,2025-01-27,2025-02-02,Delivered
102479,53,5,2025-05-05,2025-05-18,Pending
102480,18,5,2025-03-01,2025-03-15,Delivered
102481,27,1,2025-04-06,2025-04-15,Pending
102482,31,4,2025-06-16,2025-07-05,Cancelled
102483,3,4,2025-01-09,2025-01-22,Shipped
102484,50,3,2025-01-22,2025-01-28,Shipped
102485,79,4,2025-05-07,2025-05-12,Delivered
102486,50,4,2025-01-12,2025-01-24,Shipped
102487,24,4,2025-05-17,2025-05-23,Delivered
102488,5,5,2025-03-31,2025-04-05,Delivered
102489,44,3,2025-06-01,2025-06-12,Delivered
102490,44,5,2025-04-22,2025-05-10,Delivered
102491,8,1,2025-05-22,2025-06-08,Cancelled
102492,37,5,2025-04-29,2025-05-17,Delivered
102493,73,5,2025-03-08,2025-03-18,Cancelled
102494,60,2,2025-02-03,2025-02-08,Shipped
102495,36,1,2025-03-05,2025-03-27,Shipped
102496,74,4,2025-01-10,2025-02-03,Shipped
102497,35,3,2025-06-17,2025-07-11,Pending
102498,40,5,2025-06-19,2025-07-04,Delivered
102499,23,4,2025-04-29,2025-05-04,Delivered
102500,60,1,2025-04-02,2025-04-22,Delivered
102501,72,2,2025-04-15,2025-04-21,Delivered
102502,11,3,2025-06-06,2025-06-28,Delivered
102503,9,4,2025-02-16,2025-03-01,Delivered
102504,36,3,2025-05-07,2025-05-16,Shipped
102505,23,2,2025-06-08,2025-07-03,Pending
102506,15,1,2025-02-17,2025-03-10,Delivered
102507,75,3,2025-01-11,2025-02-02,Delivered
102508,8,3,2025-03-07,2025-03-12,Delivered
102509,46,5,2025-01-12,2025-02-05,Shipped
102510,14,1,2025-05-10,2025-05-29,Shipped
102511,10,2,2025-02-22,2025-03-09,Delivered
102512,54,1,2025-06-14,2025-07-02,Delivered
102513,19,1,2025-03-25,2025-04-18,Delivered
102514,43,4,2025-06-16,2025-07-02,Delivered
102515,38,5,2025-01-08,2025-01-18,Delivered
102516,38,2,2025-06-01,2025-06-06,Shipped
102517,28,3,2025-05-11,2025-06-01,Delivered
102518,45,2,2025-04-07,2025-04-30,Pending
102519,20,4,2025-06-16,2025-06-23,Cancelled
102520,29,5,2025-05-09,2025-06-01,Delivered
102521,54,5,2025-02-01,2025-02-22,Delivered
102522,78,4,2025-06-18,2025-07-09,Delivered
102523,41,3,2025-02-19,2025-03-14,Shipped
102524,32,3,2025-03-04,2025-03-20,Shipped
102525,41,1,2025-06-27,2025-07-09,Delivered
102526,53,3,2025-01-21,2025-02-06,Delivered
102527,10,3,2025-06-17,2025-07-07,Delivered
102528,58,4,2025-02-28,2025-03-23,Delivered
102529,17,5,2025-03-04,2025-03-22,Delivered
102530,18,5,2025-03-08,2025-03-22,Delivered
102531,16,1,2025-04-15,2025-05-03,Delivered
102532,19,5,2025-05-07,2025-06-01,Delivered
102533,26,2,2025-04-27,2025-05-02,Shipped
102534,54,3,2025-05-22,2025-06-11,Delivered
102535,17,1,2025-04-21,2025-04-26,Delivered
102536,10,2,2025-05-12,2025-06-02,Delivered
102537,55,3,2025-02-02,2025-02-19,Delivered
102538,31,3,2025-01-31,2025-02-15,Delivered
102539,44,5,2025-06-05,2025-06-29,Shipped
102540,6,1,2025-04-01,2025-04-20,Delivered
102541,58,4,2025-03-16,2025-04-05,Delivered
102542,24,5,2025-05-11,2025-05-18,Shipped
102543,1,5,2025-06-01,2025-06-17,Delivered
102544,59,4,2025-03-24,2025-04-12,Shipped
102545,76,3,2025-01-25,2025-02-06,Shipped
102546,44,1,2025-05-25,2025-06-15,Delivered
102547,75,5,2025-04-20,2025-05-04,Delivered
102548,41,2,2025-02-06,2025-02-12,Delivered
102549,27,4,2025-05-13,2025-05-26,Delivered
102550,79,3,2025-01-26,2025-02-11,Shipped
102551,16,3,2025-03-12,2025-04-01,Delivered
102552,22,3,2025-03-08,2025-04-01,Delivered
102553,30,3,2025-02-06,2025-02-14,Shipped
102554,66,2,2025-01-08,2025-02-01,Delivered
102555,70,5,2025-02-19,2025-02-24,Delivered
102556,4,3,2025-02-22,2025-03-08,Delivered
102557,74,4,2025-04-24,2025-05-15,Shipped
102558,59,3,2025-01-29,2025-02-06,Delivered
102559,56,4,2025-03-09,2025-03-16,Delivered
102560,36,1,2025-04-01,2025-04-08,Delivered
102561,29,1,2025-03-25,2025-04-04,Delivered
102562,36,4,2025-06-11,2025-07-02,Delivered
102563,10,3,2025-01-10,2025-01-28,Shipped
102564,67,3,2025-02-18,2025-03-12,Delivered
102565,5,1,2025-03-04,2025-03-13,Delivered
102566,29,2,2025-03-09,2025-03-29,Shipped
102567,24,4,2025-03-14,2025-03-23,Shipped
102568,12,5,2025-02-24,2025-03-01,Delivered
102569,63,5,2025-06-06,2025-06-17,Delivered
102570,5,4,2025-06-26,2025-07-09,Delivered
102571,75,2,2025-06-13,2025-06-29,Delivered
102572,24,3,2025-03-01,2025-03-15,Delivered
102573,63,4,2025-06-03,2025-06-19,Delivered
102574,38,1,2025-02-26,2025-03-06,Cancelled
102575,37,4,2025-04-25,2025-05-10,Shipped
102576,55,1,2025-02-15,2025-03-06,Cancelled
102577,15,3,2025-06-28,2025-07-15,Delivered
102578,62,4,2025-06-03,2025-06-21,Delivered
102579,4,3,2025-03-10,2025-03-31,Shipped
102580,53,1,2025-05-24,2025-06-08,Shipped
102581,41,4,2025-04-11,2025-04-30,Delivered
102582,34,1,2025-03-10,2025-03-30,Delivered
102583,44,1,2025-03-20,2025-04-08,Delivered
102584,74,2,2025-05-18,2025-05-29,Delivered
102585,15,5,2025-06-06,2025-06-21,Shipped
102586,70,1,2025-01-06,2025-01-23,Pending
102587,43,3,2025-05-22,2025-05-29,Delivered
102588,67,2,2025-04-03,2025-04-25,Shipped
102589,21,5,2025-04-12,2025-04-24,Shipped
102590,21,3,2025-03-26,2025-04-13,Shipped
102591,32,1,2025-01-10,2025-01-15,Delivered
102592,68,1,2025-05-09,2025-05-26,Delivered
102593,6,2,2025-03-14,2025-03-28,Pending
102594,32,1,2025-03-11,2025-03-19,Delivered
102595,49,4,2025-02-03,2025-02-16,Delivered
102596,10,1,2025-05-10,2025-05-28,Pending
102597,70,5,2025-02-08,2025-02-16,Delivered
102598,51,2,2025-06-05,2025-06-19,Delivered
102599,55,5,2025-01-06,2025-01-20,Shipped
102600,26,1,2025-03-09,2025-04-03,Delivered
102601,49,3,2025-04-20,2025-04-27,Shipped
102602,53,5,2025-03-13,2025-04-02,Shipped
102603,69,5,2025-03-04,2025-03-21,Pending
102604,64,4,2025-04-06,2025-04-28,Delivered
102605,58,2,2025-05-28,2025-06-02,Delivered
102606,30,4,2025-04-05,2025-04-25,Delivered
102607,40,3,2025-02-06,2025-03-03,Cancelled
102608,13,5,2025-02-13,2025-02-24,Delivered
102609,63,5,2025-03-05,2025-03-12,Shipped
102610,79,4,2025-05-14,2025-06-06,Delivered
102611,8,4,2025-03-06,2025-03-24,Delivered
102612,44,2,2025-01-10,2025-01-25,Delivered
102613,77,4,2025-01-02,2025-01-15,Delivered
102614,72,4,2025-05-20,2025-06-09,Delivered
102615,31,3,2025-04-29,2025-05-19,Delivered
102616,11,1,2025-04-19,2025-04-26,Delivered
102617,2,2,2025-05-14,2025-05-22,Shipped
102618,57,1,2025-01-10,2025-01-28,Delivered
102619,68,4,2025-02-05,2025-02-27,Delivered
102620,2,3,2025-01-31,2025-02-18,Cancelled
102621,35,5,2025-03-24,2025-04-17,Delivered
102622,73,2,2025-02-06,2025-02-20,Delivered
102623,27,5,2025-04-06,2025-04-27,Delivered
102624,61,4,2025-02-23,2025-03-10,Delivered
102625,18,2,2025-05-15,2025-06-04,Pending
102626,54,2,2025-02-08,2025-02-28,Pending
102627,1,3,2025-06-29,2025-07-10,Shipped
102628,13,5,2025-04-28,2025-05-13,Pending
102629,80,4,2025-06-02,2025-06-12,Pending
102630,72,2,2025-03-30,2025-04-24,Pending
102631,25,3,2025-03-14,2025-04-01,Delivered
102632,40,3,2025-06-09,2025-06-26,Delivered
102633,72,5,2025-06-14,2025-06-25,Pending
102634,20,1,2025-02-25,2025-03-10,Shipped
102635,73,1,2025-02-02,2025-02-23,Delivered
102636,50,3,2025-05-28,2025-06-20,Delivered
102637,79,4,2025-02-23,2025-03-05,Pending
102638,30,2,2025-01-24,2025-02-17,Shipped
102639,22,4,2025-01-01,2025-01-16,Pending
102640,7,2,2025-05-11,2025-05-30,Delivered
102641,61,3,2025-03-19,2025-04-09,Delivered
102642,31,5,2025-04-11,2025-04-28,Delivered
102643,61,3,2025-03-21,2025-04-11,Delivered
102644,11,5,2025-02-24,2025-03-06,Delivered
102645,36,2,2025-04-22,2025-05-14,Delivered
102646,33,1,2025-05-23,2025-06-10,Delivered
102647,23,1,2025-04-04,2025-04-23,Delivered
102648,45,4,2025-02-24,2025-03-20,Delivered
102649,25,4,2025-04-06,2025-04-16,Delivered
102650,2,2,2025-04-24,2025-05-10,Delivered
102651,1,5,2025-03-21,2025-04-05,Pending
102652,48,3,2025-05-09,2025-05-14,Delivered
102653,5,3,2025-06-14,2025-07-04,Delivered
102654,33,3,2025-06-10,2025-06-16,Cancelled
102655,4,4,2025-06-05,2025-06-30,Delivered
102656,23,4,2025-06-15,2025-07-07,Delivered
102657,5,3,2025-01-08,2025-02-01,Delivered
102658,20,2,2025-02-03,2025-02-10,Delivered
102659,16,1,2025-04-24,2025-05-19,Delivered
102660,41,1,2025-05-20,2025-06-02,Cancelled
102661,25,5,2025-01-05,2025-01-20,Delivered
102662,41,2,2025-05-31,2025-06-16,Delivered
102663,52,4,2025-06-20,2025-06-26,Pending
102664,65,2,2025-03-10,2025-03-17,Shipped
102665,6,3,2025-06-05,2025-06-16,Delivered
102666,53,2,2025-06-12,2025-06-17,Delivered
102667,72,3,2025-01-31,2025-02-15,Delivered
102668,12,5,2025-04-29,2025-05-06,Shipped
102669,12,2,2025-01-23,2025-02-02,Delivered
102670,3,2,2025-01-03,2025-01-14,Delivered
102671,59,1,2025-03-05,2025-03-19,Delivered
102672,25,2,2025-03-21,2025-03-27,Delivered
102673,37,2,2025-03-13,2025-03-22,Delivered
102674,53,2,2025-02-18,2025-03-03,Delivered
102675,23,3,2025-03-08,2025-03-27,Shipped
102676,63,3,2025-05-29,2025-06-14,Delivered
102677,67,4,2025-06-11,2025-06-21,Pending
102678,75,4,2025-02-09,2025-03-03,Delivered
102679,56,3,2025-06-15,2025-06-29,Shipped
102680,65,5,2025-03-10,2025-03-17,Delivered
102681,27,3,2025-02-25,2025-03-16,Shipped
102682,15,5,2025-06-18,2025-07-13,Shipped
102683,18,4,2025-05-31,2025-06-15,Delivered
102684,49,5,2025-01-09,2025-01-24,Delivered
102685,46,1,2025-02-10,2025-02-28,Delivered
102686,44,1,2025-02-17,2025-03-05,Delivered
102687,60,5,2025-02-17,2025-02-22,Delivered
102688,79,4,2025-06-01,2025-06-24,Delivered
102689,52,4,2025-03-04,2025-03-17,Delivered
102690,77,3,2025-05-04,2025-05-21,Delivered
102691,30,5,2025-01-28,2025-02-15,Delivered
102692,35,5,2025-04-13,2025-05-06,Pending
102693,66,2,2025-03-18,2025-04-11,Cancelled
102694,68,2,2025-05-26,2025-06-04,Shipped
102695,43,1,2025-01-24,2025-02-07,Delivered
102696,19,3,2025-04-28,2025-05-15,Shipped
102697,1,2,2025-02-21,2025-03-03,Delivered
102698,11,2,2025-03-02,2025-03-13,Delivered
102699,32,2,2025-06-25,2025-07-17,Delivered
102700,48,1,2025-05-03,2025-05-13,Delivered
102701,61,5,2025-06-25,2025-07-12,Delivered
102702,61,4,2025-04-29,2025-05-11,Delivered
102703,13,4,2025-02-02,2025-02-17,Delivered
102704,18,4,2025-03-25,2025-04-08,Delivered
102705,55,5,2025-04-11,2025-05-03,Pending
102706,63,5,2025-01-07,2025-01-19,Delivered
102707,23,2,2025-04-05,2025-04-21,Delivered
102708,1,5,2025-06-03,2025-06-20,Delivered
102709,30,2,2025-05-08,2025-05-19,Pending
102710,39,4,2025-01-24,2025-02-08,Delivered
102711,24,4,2025-02-08,2025-02-22,Delivered
102712,62,1,2025-03-08,2025-03-26,Shipped
102713,51,5,2025-01-28,2025-02-16,Delivered
102714,45,1,2025-06-17,2025-07-04,Delivered
102715,2,2,2025-03-23,2025-04-01,Delivered
102716,50,4,2025-01-03,2025-01-23,Delivered
102717,52,4,2025-01-14,2025-01-28,Delivered
102718,15,5,2025-04-26,2025-05-17,Delivered
102719,61,3,2025-05-17,2025-06-02,Shipped
102720,23,4,2025-05-17,2025-06-03,Delivered
102721,11,2,2025-01-02,2025-01-17,Delivered
102722,76,3,2025-02-20,2025-03-13,Delivered
102723,59,4,2025-01-13,2025-02-01,Shipped
102724,16,4,2025-04-28,2025-05-14,Pending
102725,77,3,2025-03-06,2025-03-24,Delivered
102726,38,1,2025-05-19,2025-06-01,Shipped
102727,46,4,2025-01-05,2025-01-24,Delivered
102728,5,5,2025-01-29,2025-02-14,Delivered
102729,69,4,2025-03-05,2025-03-15,Pending
102730,13,2,2025-02-07,2025-03-04,Delivered
102731,36,3,2025-04-28,2025-05-22,Shipped
102732,68,5,2025-04-28,2025-05-04,Pending
102733,48,1,2025-02-07,2025-03-03,Cancelled
102734,13,4,2025-05-12,2025-05-19,Delivered
102735,39,4,2025-04-13,2025-04-18,Shipped
102736,33,1,2025-04-21,2025-04-29,Delivered
102737,74,3,2025-03-19,2025-04-12,Delivered
102738,32,1,2025-04-06,2025-04-29,Delivered
102739,56,3,2025-06-26,2025-07-06,Shipped
102740,6,5,2025-04-13,2025-04-23,Delivered
102741,35,1,2025-04-15,2025-04-26,Pending
102742,54,2,2025-03-12,2025-03-25,Delivered
102743,41,1,2025-02-26,2025-03-10,Pending
102744,42,2,2025-01-17,2025-02-10,Shipped
102745,78,4,2025-05-31,2025-06-18,Delivered
102746,43,5,2025-04-10,2025-04-30,Delivered
102747,2,3,2025-03-29,2025-04-13,Delivered
102748,57,2,2025-04-29,2025-05-19,Shipped
102749,22,4,2025-03-07,2025-03-24,Pending
102750,74,1,2025-06-11,2025-07-01,Delivered
102751,45,1,2025-02-23,2025-03-16,Delivered
102752,38,3,2025-04-26,2025-05-15,Pending
102753,80,5,2025-02-12,2025-03-08,Delivered
102754,56,4,2025-01-06,2025-01-20,Delivered
102755,63,2,2025-04-07,2025-04-29,Shipped
102756,78,1,2025-01-25,2025-02-11,Shipped
102757,15,5,2025-03-16,2025-03-26,Delivered
102758,52,5,2025-04-15,2025-05-01,Delivered
102759,54,5,2025-03-13,2025-03-28,Delivered
102760,14,3,2025-05-09,2025-05-31,Delivered
102761,29,4,2025-05-07,2025-05-26,Shipped
102762,58,2,2025-02-15,2025-03-04,Shipped
102763,69,3,2025-04-29,2025-05-24,Shipped
102764,13,4,2025-05-29,2025-06-23,Delivered
102765,54,4,2025-02-18,2025-03-15,Pending
102766,29,2,2025-06-06,2025-06-30,Delivered
102767,11,5,2025-05-27,2025-06-14,Delivered
102768,42,5,2025-03-05,2025-03-15,Delivered
102769,61,1,2025-04-05,2025-04-10,Delivered
102770,50,5,2025-05-11,2025-05-22,Delivered
102771,21,4,2025-04-05,2025-04-17,Shipped
102772,26,3,2025-02-03,2025-02-17,Pending
102773,4,2,2025-05-28,2025-06-16,Delivered
102774,78,4,2025-03-03,2025-03-13,Cancelled
102775,65,1,2025-06-04,2025-06-19,Delivered
102776,21,2,2025-04-29,2025-05-06,Pending
102777,5,4,2025-05-14,2025-06-03,Delivered
102778,10,4,2025-03-08,2025-03-30,Shipped
102779,78,5,2025-01-07,2025-01-26,Delivered
102780,8,3,2025-04-12,2025-04-18,Delivered
102781,66,4,2025-04-20,2025-04-28,Shipped
102782,34,5,2025-01-29,2025-02-08,Delivered
102783,44,2,2025-03-04,2025-03-24,Shipped
102784,13,3,2025-06-14,2025-06-21,Delivered
102785,63,2,2025-03-08,2025-03-23,Shipped
102786,57,3,2025-04-26,2025-05-09,Delivered
102787,77,1,2025-02-05,2025-02-14,Delivered
102788,4,2,2025-04-05,2025-04-28,Delivered
102789,38,3,2025-02-10,2025-03-05,Delivered
102790,61,4,2025-06-22,2025-07-06,Shipped
102791,17,2,2025-06-05,2025-06-19,Delivered
102792,33,2,2025-01-08,2025-01-19,Delivered
102793,19,5,2025-01-04,2025-01-17,Delivered
102794,66,5,2025-04-14,2025-05-04,Delivered
102795,22,3,2025-06-14,2025-06-23,Delivered
102796,65,3,2025-05-14,2025-05-30,Delivered
102797,63,2,2025-05-15,2025-06-04,Shipped
102798,49,1,2025-06-21,2025-06-28,Delivered
102799,40,2,2025-02-27,2025-03-08,Shipped
102800,16,2,2025-04-02,2025-04-22,Delivered
102801,2,5,2025-02-28,2025-03-11,Delivered
102802,5,4,2025-06-10,2025-06-18,Cancelled
102803,65,1,2025-03-11,2025-04-02,Cancelled
102804,69,1,2025-01-15,2025-02-03,Delivered
102805,32,2,2025-03-07,2025-03-17,Delivered
102806,32,2,2025-06-26,2025-07-15,Shipped
102807,78,3,2025-05-22,2025-06-04,Pending
102808,25,1,2025-02-03,2025-02-24,Delivered
102809,27,2,2025-03-04,2025-03-27,Delivered
102810,62,4,2025-01-26,2025-02-17,Delivered
102811,7,3,2025-06-12,2025-06-19,Shipped
102812,15,4,2025-01-22,2025-02-11,Shipped
102813,70,5,2025-02-25,2025-03-21,Delivered
102814,73,1,2025-05-29,2025-06-16,Delivered
102815,15,4,2025-06-14,2025-06-25,Delivered
102816,79,4,2025-01-01,2025-01-14,Delivered
102817,77,3,2025-05-07,2025-06-01,Shipped
102818,65,4,2025-05-12,2025-05-26,Cancelled
102819,39,3,2025-05-17,2025-05-29,Delivered
102820,72,5,2025-03-21,2025-04-15,Delivered
102821,24,4,2025-01-02,2025-01-17,Delivered
102822,66,4,2025-05-07,2025-05-17,Shipped
102823,56,3,2025-01-25,2025-02-13,Delivered
102824,69,2,2025-02-19,2025-02-27,Delivered
102825,28,3,2025-05-09,2025-05-23,Delivered
102826,68,4,2025-01-27,2025-02-10,Delivered
102827,27,5,2025-06-22,2025-07-01,Delivered
102828,25,4,2025-02-13,2025-02-23,Delivered
102829,21,3,2025-05-13,2025-06-02,Delivered
102830,54,3,2025-02-28,2025-03-13,Delivered
102831,39,3,2025-02-07,2025-02-21,Delivered
102832,46,3,2025-04-26,2025-05-10,Delivered
102833,51,4,2025-01-02,2025-01-19,Pending
102834,53,3,2025-06-15,2025-06-24,Cancelled
102835,36,1,2025-06-30,2025-07-11,Shipped
102836,33,3,2025-04-06,2025-04-11,Delivered
102837,49,3,2025-05-23,2025-06-14,Delivered
102838,28,5,2025-05-09,2025-05-28,Delivered
102839,14,1,2025-03-04,2025-03-14,Delivered
102840,62,5,2025-05-01,2025-05-07,Delivered
102841,50,4,2025-03-05,2025-03-18,Cancelled
102842,76,4,2025-01-16,2025-01-24,Pending
102843,44,3,2025-05-18,2025-06-03,Delivered
102844,37,1,2025-05-01,2025-05-10,Delivered
102845,10,3,2025-04-16,2025-04-25,Delivered
102846,76,3,2025-05-27,2025-06-07,Delivered
102847,57,2,2025-03-25,2025-04-17,Delivered
102848,34,5,2025-05-16,2025-05-30,Delivered
102849,18,1,2025-06-29,2025-07-14,Cancelled
102850,47,4,2025-02-24,2025-03-06,Delivered
102851,30,4,2025-04-03,2025-04-18,Shipped
102852,34,3,2025-06-04,2025-06-09,Shipped
102853,53,4,2025-04-12,2025-05-02,Delivered
102854,68,1,2025-05-12,2025-05-28,Pending
102855,56,1,2025-05-10,2025-05-25,Delivered
102856,63,3,2025-05-28,2025-06-12,Delivered
102857,10,5,2025-01-24,2025-02-15,Delivered
102858,69,2,2025-05-12,2025-05-19,Delivered
102859,60,5,2025-06-16,2025-06-27,Delivered
102860,56,3,2025-04-30,2025-05-19,Delivered
102861,20,3,2025-01-19,2025-01-29,Delivered
102862,44,4,2025-05-16,2025-06-03,Delivered
102863,52,5,2025-03-17,2025-03-22,Delivered
102864,50,1,2025-01-03,2025-01-15,Delivered
102865,20,3,2025-02-27,2025-03-22,Delivered
102866,42,5,2025-04-28,2025-05-23,Delivered
102867,74,3,2025-05-28,2025-06-06,Shipped
102868,19,2,2025-03-20,2025-03-30,Shipped
102869,69,5,2025-01-11,2025-01-20,Delivered
102870,9,3,2025-03-22,2025-04-03,Delivered
102871,26,3,2025-02-11,2025-03-01,Cancelled
102872,30,2,2025-04-01,2025-04-06,Shipped
102873,57,1,2025-04-07,2025-04-12,Delivered
102874,27,4,2025-01-13,2025-02-01,Delivered
102875,26,2,2025-04-08,2025-05-01,Delivered
102876,12,2,2025-05-10,2025-06-02,Delivered
102877,16,2,2025-02-23,2025-03-03,Delivered
102878,78,3,2025-03-23,2025-04-10,Shipped
102879,12,5,2025-04-03,2025-04-23,Shipped
102880,15,4,2025-01-05,2025-01-10,Delivered
102881,54,4,2025-01-26,2025-02-11,Delivered
102882,40,1,2025-04-22,2025-05-17,Delivered
102883,11,4,2025-05-01,2025-05-06,Cancelled
102884,36,3,2025-01-12,2025-01-21,Delivered
102885,23,5,2025-01-03,2025-01-12,Delivered
102886,18,4,2025-01-10,2025-01-16,Delivered
102887,27,3,2025-04-06,2025-04-30,Delivered
102888,21,4,2025-02-14,2025-02-24,Delivered
102889,20,2,2025-04-04,2025-04-12,Delivered
102890,4,4,2025-02-22,2025-03-08,Delivered
102891,48,3,2025-06-09,2025-06-24,Pending
102892,4,3,2025-01-08,2025-01-28,Pending
102893,19,4,2025-01-12,2025-02-03,Delivered
102894,77,5,2025-02-13,2025-02-23,Shipped
102895,45,2,2025-01-24,2025-02-11,Cancelled
102896,15,4,2025-04-29,2025-05-17,Delivered
102897,69,4,2025-02-04,2025-02-28,Delivered
102898,1,3,2025-05-02,2025-05-22,Delivered
102899,33,2,2025-03-24,2025-04-15,Delivered
102900,79,1,2025-05-03,2025-05-23,Delivered
102901,74,2,2025-02-02,2025-02-14,Delivered
102902,19,2,2025-06-18,2025-06-25,Delivered
102903,52,3,2025-06-07,2025-06-15,Shipped
102904,33,2,2025-06-18,2025-07-02,Delivered
102905,60,5,2025-05-14,2025-06-04,Delivered
102906,35,2,2025-03-25,2025-04-12,Delivered
102907,19,5,2025-01-09,2025-01-26,Delivered
102908,26,2,2025-01-04,2025-01-13,Delivered
102909,31,2,2025-04-12,2025-04-27,Pending
102910,62,4,2025-03-30,2025-04-10,Delivered
102911,74,4,2025-04-26,2025-05-07,Delivered
102912,34,5,2025-04-23,2025-05-01,Delivered
102913,66,3,2025-03-28,2025-04-07,Shipped
102914,63,5,2025-04-27,2025-05-05,Delivered
102915,44,5,2025-03-09,2025-03-16,Delivered
102916,55,1,2025-05-20,2025-05-29,Pending
102917,59,1,2025-01-31,2025-02-22,Delivered
102918,17,3,2025-03-20,2025-04-08,Delivered
102919,11,5,2025-02-16,2025-03-05,Delivered
102920,66,2,2025-02-06,2025-02-18,Delivered
102921,26,3,2025-05-15,2025-06-08,Delivered
102922,73,5,2025-05-15,2025-05-21,Delivered
102923,47,5,2025-02-28,2025-03-21,Shipped
102924,21,1,2025-06-24,2025-07-04,Delivered
102925,80,2,2025-02-08,2025-03-02,Delivered
102926,79,4,2025-02-21,2025-03-06,Pending
102927,52,3,2025-04-10,2025-05-01,Cancelled
102928,61,4,2025-03-24,2025-04-02,Delivered
102929,39,1,2025-01-20,2025-02-02,Delivered
102930,40,2,2025-06-06,2025-06-30,Cancelled
102931,8,4,2025-02-05,2025-02-14,Delivered
102932,21,2,2025-04-11,2025-04-21,Delivered
102933,51,5,2025-02-19,2025-03-03,Delivered
102934,10,2,2025-03-12,2025-03-21,Delivered
102935,16,5,2025-06-22,2025-07-01,Shipped
102936,19,3,2025-03-25,2025-03-30,Delivered
102937,67,3,2025-05-15,2025-05-23,Delivered
102938,77,4,2025-03-01,2025-03-20,Shipped
102939,16,5,2025-06-06,2025-06-25,Shipped
102940,44,3,2025-01-11,2025-01-28,Delivered
102941,33,1,2025-06-10,2025-06-29,Delivered
102942,22,4,2025-03-16,2025-03-28,Delivered
102943,12,5,2025-06-03,2025-06-19,Shipped
102944,64,4,2025-04-18,2025-04-24,Delivered
102945,36,3,2025-03-06,2025-03-31,Delivered
102946,54,3,2025-04-02,2025-04-09,Pending
102947,63,2,2025-05-30,2025-06-19,Shipped
102948,56,3,2025-01-27,2025-02-16,Delivered
102949,73,4,2025-06-05,2025-06-26,Delivered
102950,49,1,2025-06-04,2025-06-12,Delivered
102951,13,5,2025-01-25,2025-02-02,Cancelled
102952,31,3,2025-05-29,2025-06-22,Delivered
102953,51,1,2025-03-30,2025-04-24,Delivered
102954,59,5,2025-05-14,2025-05-20,Delivered
102955,56,1,2025-02-25,2025-03-20,Shipped
102956,43,1,2025-03-16,2025-04-03,Delivered
102957,59,3,2025-04-02,2025-04-18,Delivered
102958,32,3,2025-04-25,2025-05-01,Delivered
102959,34,2,2025-02-23,2025-03-17,Delivered
102960,71,3,2025-04-13,2025-04-29,Delivered
102961,23,4,2025-01-23,2025-02-07,Delivered
102962,69,2,2025-03-23,2025-04-06,Shipped
102963,12,4,2025-03-22,2025-04-15,Delivered
102964,24,4,2025-02-21,2025-03-06,Delivered
102965,63,3,2025-03-28,2025-04-16,Delivered
102966,21,2,2025-03-24,2025-03-29,Shipped
102967,75,3,2025-05-10,2025-06-04,Delivered
102968,72,5,2025-02-15,2025-03-04,Delivered
102969,10,2,2025-01-24,2025-01-31,Delivered
102970,52,3,2025-02-07,2025-02-22,Delivered
102971,51,2,2025-04-09,2025-04-17,Delivered
102972,38,5,2025-05-26,2025-06-02,Delivered
102973,29,4,2025-01-11,2025-01-23,Delivered
102974,36,1,2025-05-07,2025-05-19,Delivered
102975,29,2,2025-02-27,2025-03-18,Delivered
102976,28,2,2025-01-04,2025-01-18,Shipped
102977,3,5,2025-05-04,2025-05-23,Delivered
102978,71,5,2025-02-19,2025-03-09,Shipped
102979,67,5,2025-04-13,2025-05-08,Delivered
102980,50,3,2025-06-30,2025-07-16,Delivered
102981,34,4,2025-04-05,2025-04-21,Delivered
102982,31,3,2025-05-19,2025-06-04,Pending
102983,18,3,2025-06-29,2025-07-11,Delivered
102984,75,2,2025-01-25,2025-02-15,Delivered
102985,69,3,2025-01-27,2025-02-20,Shipped
102986,45,5,2025-02-27,2025-03-18,Shipped
102987,7,4,2025-06-08,2025-06-27,Delivered
102988,56,1,2025-02-13,2025-02-18,Delivered
102989,72,1,2025-03-30,2025-04-19,Delivered
102990,19,1,2025-06-24,2025-07-10,Pending
102991,36,5,2025-03-06,2025-03-11,Delivered
102992,63,4,2025-06-30,2025-07-09,Cancelled
102993,28,4,2025-03-21,2025-04-12,Delivered
102994,39,3,2025-03-01,2025-03-24,Delivered
102995,66,4,2025-02-06,2025-02-28,Cancelled
102996,76,3,2025-01-02,2025-01-26,Pending
102997,46,5,2025-01-31,2025-02-07,Delivered
102998,68,4,2025-02-11,2025-02-22,Shipped
102999,77,2,2025-02-16,2025-02-21,Delivered
103000,64,1,2025-03-26,2025-04-02,Pending
103001,52,5,2025-06-29,2025-07-16,Delivered
103002,49,4,2025-02-05,2025-02-20,Shipped
103003,40,3,2025-02-15,2025-03-05,Delivered
103004,64,1,2025-02-17,2025-03-02,Delivered
103005,30,3,2025-06-15,2025-07-10,Pending
103006,58,1,2025-05-15,2025-05-28,Pending
103007,78,1,2025-05-23,2025-05-29,Delivered
103008,13,2,2025-01-01,2025-01-22,Pending
103009,42,4,2025-03-20,2025-03-25,Delivered
103010,73,5,2025-04-06,2025-04-13,Cancelled
103011,25,5,2025-05-08,2025-05-18,Delivered
103012,45,1,2025-06-24,2025-07-03,Delivered
103013,74,2,2025-04-23,2025-05-03,Delivered
103014,57,1,2025-06-09,2025-06-15,Delivered
103015,16,3,2025-03-16,2025-03-24,Delivered
103016,24,5,2025-05-13,2025-05-23,Delivered
103017,64,2,2025-06-04,2025-06-13,Cancelled
103018,44,4,2025-06-18,2025-07-10,Delivered
103019,58,1,2025-06-21,2025-07-13,Pending
103020,32,3,2025-02-06,2025-02-18,Cancelled
103021,63,2,2025-04-14,2025-04-20,Delivered
103022,62,5,2025-01-26,2025-02-16,Pending
103023,42,5,2025-05-25,2025-06-17,Delivered
103024,67,4,2025-05-20,2025-06-14,Shipped
103025,42,2,2025-04-25,2025-05-06,Shipped
103026,55,4,2025-04-22,2025-05-09,Pending
103027,4,4,2025-01-27,2025-02-11,Delivered
103028,79,4,2025-03-20,2025-04-09,Cancelled
103029,37,1,2025-05-16,2025-05-22,Shipped
103030,12,3,2025-05-31,2025-06-23,Delivered
103031,41,1,2025-05-17,2025-05-22,Pending
103032,39,4,2025-02-18,2025-03-06,Cancelled
103033,7,4,2025-05-11,2025-06-01,Delivered
103034,66,3,2025-06-24,2025-06-30,Delivered
103035,13,4,2025-02-17,2025-03-01,Delivered
103036,10,2,2025-05-07,2025-05-18,Delivered
103037,79,1,2025-01-12,2025-01-29,Shipped
103038,15,3,2025-01-02,2025-01-14,Delivered
103039,43,2,2025-04-10,2025-04-22,Delivered
103040,52,1,2025-02-09,2025-02-18,Delivered
103041,80,3,2025-04-19,2025-05-12,Delivered
103042,40,2,2025-06-17,2025-06-30,Delivered
103043,2,4,2025-04-16,2025-05-03,Shipped
103044,25,4,2025-03-06,2025-03-30,Pending
103045,51,1,2025-06-28,2025-07-17,Shipped
103046,29,1,2025-06-13,2025-06-21,Shipped
103047,63,1,2025-02-16,2025-03-10,Delivered
103048,33,4,2025-03-14,2025-04-05,Shipped
103049,73,3,2025-01-28,2025-02-05,Delivered
103050,26,1,2025-05-23,2025-06-12,Shipped
103051,67,1,2025-05-01,2025-05-21,Shipped
103052,30,1,2025-04-10,2025-04-20,Pending
103053,9,2,2025-04-22,2025-05-16,Delivered
103054,19,4,2025-06-02,2025-06-08,Delivered
103055,65,2,2025-02-23,2025-03-10,Pending
103056,2,2,2025-03-29,2025-04-11,Delivered
103057,45,4,2025-02-21,2025-03-18,Pending
103058,49,2,2025-03-16,2025-04-06,Pending
103059,24,2,2025-03-27,2025-04-15,Pending
103060,57,1,2025-03-04,2025-03-28,Delivered
103061,72,2,2025-02-06,2025-02-28,Cancelled
103062,8,1,2025-06-25,2025-07-02,Delivered
103063,69,1,2025-06-08,2025-06-18,Delivered
103064,42,3,2025-01-10,2025-01-19,Delivered
103065,30,1,2025-04-08,2025-04-13,Delivered
103066,50,5,2025-01-31,2025-02-12,Delivered
103067,5,5,2025-05-20,2025-05-27,Pending
103068,61,5,2025-06-15,2025-07-02,Shipped
103069,79,4,2025-04-26,2025-05-08,Delivered
103070,79,3,2025-03-30,2025-04-24,Delivered
103071,20,4,2025-05-18,2025-06-03,Shipped
103072,37,2,2025-04-10,2025-04-23,Delivered
103073,48,1,2025-04-21,2025-05-05,Shipped
103074,59,4,2025-05-19,2025-05-31,Cancelled
103075,17,3,2025-02-23,2025-03-12,Delivered
103076,54,4,2025-04-26,2025-05-15,Cancelled
103077,60,3,2025-03-28,2025-04-12,Delivered
103078,18,5,2025-02-22,2025-03-06,Shipped
103079,25,5,2025-02-19,2025-03-15,Delivered
103080,60,5,2025-04-15,2025-05-01,Delivered
103081,28,4,2025-02-06,2025-02-26,Shipped
103082,58,3,2025-06-09,2025-06-27,Pending
103083,28,3,2025-05-22,2025-06-01,Delivered
103084,67,4,2025-02-16,2025-03-07,Pending
103085,27,4,2025-05-26,2025-06-05,Shipped
103086,73,2,2025-06-14,2025-07-01,Delivered
103087,26,2,2025-04-16,2025-05-01,Delivered
103088,17,4,2025-03-22,2025-04-15,Delivered
103089,79,5,2025-06-10,2025-06-16,Delivered
103090,9,1,2025-01-06,2025-01-11,Delivered
103091,7,3,2025-01-24,2025-02-08,Delivered
103092,46,2,2025-02-08,2025-02-19,Delivered
103093,9,3,2025-06-09,2025-06-24,Delivered
103094,58,4,2025-03-28,2025-04-07,Shipped
103095,13,5,2025-02-10,2025-02-19,Shipped
103096,16,5,2025-06-08,2025-06-26,Shipped
103097,71,4,2025-06-29,2025-07-12,Delivered
103098,32,1,2025-06-19,2025-06-28,Delivered
103099,13,1,2025-02-04,2025-02-21,Delivered
103100,62,2,2025-01-06,2025-01-29,Delivered
103101,47,4,2025-05-30,2025-06-22,Shipped
103102,3,4,2025-06-21,2025-07-14,Delivered
103103,44,1,2025-04-05,2025-04-12,Shipped
103104,80,3,2025-06-23,2025-07-10,Delivered
103105,15,2,2025-06-12,2025-06-27,Shipped
103106,11,3,2025-06-04,2025-06-24,Pending
103107,76,4,2025-02-13,2025-03-01,Delivered
103108,25,5,2025-03-13,2025-04-03,Delivered
103109,4,4,2025-03-23,2025-04-02,Pending
103110,31,3,2025-03-09,2025-03-28,Cancelled
103111,44,1,2025-03-11,2025-03-30,Delivered
103112,43,5,2025-01-09,2025-01-18,Delivered
103113,80,1,2025-05-27,2025-06-01,Delivered
103114,26,4,2025-04-08,2025-04-25,Pending
103115,35,4,2025-03-27,2025-04-12,Delivered
103116,55,4,2025-03-29,2025-04-07,Delivered
103117,34,5,2025-02-19,2025-03-11,Shipped
103118,11,4,2025-06-21,2025-06-28,Delivered
103119,41,5,2025-01-30,2025-02-04,Delivered
103120,14,2,2025-01-20,2025-01-30,Delivered
103121,20,5,2025-03-02,2025-03-09,Delivered
103122,2,1,2025-03-29,2025-04-22,Pending
103123,75,4,2025-06-11,2025-06-26,Delivered
103124,14,5,2025-02-01,2025-02-07,Delivered
103125,26,1,2025-02-17,2025-02-24,Delivered
103126,12,1,2025-04-21,2025-05-03,Shipped
103127,11,4,2025-03-24,2025-04-18,Delivered
103128,61,2,2025-05-07,2025-05-31,Delivered
103129,61,3,2025-06-23,2025-07-16,Delivered
103130,8,4,2025-02-17,2025-03-10,Pending
103131,23,2,2025-03-09,2025-03-18,Delivered
103132,74,2,2025-06-29,2025-07-07,Delivered
103133,10,2,2025-02-17,2025-03-04,Delivered
103134,30,2,2025-04-12,2025-05-07,Delivered
103135,38,5,2025-04-16,2025-05-07,Delivered
103136,28,4,2025-03-06,2025-03-22,Delivered
103137,68,1,2025-06-17,2025-06-30,Shipped
103138,21,1,2025-01-16,2025-01-23,Delivered
103139,8,5,2025-04-21,2025-04-28,Delivered
103140,58,1,2025-06-22,2025-06-29,Delivered
103141,47,5,2025-06-23,2025-06-30,Delivered
103142,41,4,2025-04-02,2025-04-22,Delivered
103143,39,4,2025-03-22,2025-04-13,Cancelled
103144,25,2,2025-05-31,2025-06-10,Pending
103145,46,4,2025-04-30,2025-05-19,Delivered
103146,52,4,2025-04-29,2025-05-18,Shipped
103147,50,4,2025-01-07,2025-01-16,Delivered
103148,49,2,2025-04-13,2025-04-29,Pending
103149,23,2,2025-06-01,2025-06-11,Shipped
103150,3,4,2025-05-01,2025-05-10,Shipped
103151,26,1,2025-05-08,2025-05-25,Shipped
103152,71,3,2025-02-28,2025-03-11,Delivered
103153,64,4,2025-04-22,2025-05-02,Delivered
103154,8,3,2025-01-28,2025-02-04,Cancelled
103155,62,5,2025-03-16,2025-03-25,Shipped
103156,64,2,2025-04-17,2025-05-07,Pending
103157,40,2,2025-03-28,2025-04-22,Delivered
103158,80,4,2025-06-06,2025-06-14,Delivered
103159,68,3,2025-03-29,2025-04-14,Delivered
103160,17,3,2025-05-25,2025-06-14,Pending
103161,58,3,2025-04-17,2025-04-29,Shipped
103162,42,2,2025-03-22,2025-04-16,Delivered
103163,61,3,2025-05-23,2025-06-07,Delivered
103164,43,2,2025-02-02,2025-02-17,Delivered
103165,74,2,2025-06-01,2025-06-25,Shipped
103166,32,4,2025-05-25,2025-06-14,Delivered
103167,41,5,2025-01-25,2025-02-11,Delivered
103168,80,3,2025-01-21,2025-02-11,Delivered
103169,78,3,2025-01-18,2025-02-06,Delivered
103170,25,3,2025-02-06,2025-02-22,Delivered
103171,8,4,2025-03-05,2025-03-17,Delivered
103172,42,3,2025-06-08,2025-06-28,Delivered
103173,35,3,2025-05-05,2025-05-20,Delivered
103174,69,2,2025-06-15,2025-06-26,Cancelled
103175,77,5,2025-01-31,2025-02-14,Delivered
103176,25,5,2025-05-10,2025-05-24,Shipped
103177,49,4,2025-06-29,2025-07-04,Shipped
103178,27,2,2025-03-17,2025-03-22,Pending
103179,54,1,2025-04-05,2025-04-24,Delivered
103180,19,4,2025-06-10,2025-06-27,Delivered
103181,77,4,2025-03-22,2025-03-30,Delivered
103182,59,3,2025-02-20,2025-03-16,Delivered
103183,21,5,2025-02-02,2025-02-17,Cancelled
103184,16,1,2025-03-25,2025-04-16,Delivered
103185,19,3,2025-04-07,2025-04-29,Pending
103186,56,3,2025-04-12,2025-04-22,Delivered
103187,5,3,2025-03-24,2025-04-16,Delivered
103188,6,5,2025-01-15,2025-01-24,Delivered
103189,9,2,2025-02-08,2025-02-16,Delivered
103190,31,1,2025-04-03,2025-04-19,Delivered
103191,53,3,2025-01-18,2025-02-07,Delivered
103192,8,5,2025-04-17,2025-05-12,Delivered
103193,20,5,2025-01-23,2025-02-03,Delivered
103194,15,3,2025-02-28,2025-03-12,Pending
103195,72,1,2025-01-14,2025-02-08,Delivered
103196,29,4,2025-01-11,2025-01-17,Shipped
103197,30,2,2025-02-05,2025-02-26,Delivered
103198,50,4,2025-01-05,2025-01-26,Delivered
103199,64,1,2025-06-21,2025-07-09,Delivered
103200,6,2,2025-05-31,2025-06-06,Shipped
103201,75,4,2025-01-02,2025-01-18,Delivered
103202,75,3,2025-05-11,2025-05-21,Delivered
103203,20,5,2025-01-02,2025-01-27,Delivered
103204,37,3,2025-05-23,2025-06-08,Delivered
103205,21,2,2025-06-05,2025-06-18,Delivered
103206,42,3,2025-04-11,2025-04-19,Delivered
103207,58,1,2025-04-25,2025-05-19,Cancelled
103208,66,4,2025-02-22,2025-03-04,Shipped
103209,50,1,2025-02-22,2025-03-05,Delivered
103210,39,2,2025-06-01,2025-06-15,Delivered
103211,7,2,2025-05-26,2025-06-08,Shipped
103212,4,3,2025-01-04,2025-01-15,Delivered
103213,43,2,2025-05-08,2025-05-25,Delivered
103214,59,4,2025-06-04,2025-06-14,Delivered
103215,62,5,2025-06-02,2025-06-16,Delivered
103216,32,1,2025-06-07,2025-06-15,Delivered
103217,4,5,2025-01-13,2025-01-18,Delivered
103218,1,3,2025-04-24,2025-05-11,Delivered
103219,21,1,2025-01-14,2025-01-30,Shipped
103220,25,4,2025-04-06,2025-04-13,Shipped
103221,3,3,2025-01-09,2025-01-17,Delivered
103222,34,4,2025-02-22,2025-03-02,Delivered
103223,4,4,2025-02-14,2025-02-19,Shipped
103224,31,4,2025-05-29,2025-06-20,Shipped
103225,3,5,2025-05-03,2025-05-10,Delivered
103226,20,2,2025-01-17,2025-02-03,Delivered
103227,4,1,2025-05-08,2025-05-26,Delivered
103228,53,2,2025-01-04,2025-01-27,Delivered
103229,9,3,2025-03-14,2025-04-03,Shipped
103230,35,1,2025-06-21,2025-07-04,Cancelled
103231,25,2,2025-06-26,2025-07-15,Delivered
103232,6,5,2025-04-22,2025-05-14,Cancelled
103233,63,2,2025-01-13,2025-01-27,Delivered
103234,77,3,2025-04-27,2025-05-17,Delivered
103235,48,3,2025-05-22,2025-06-13,Shipped
103236,45,4,2025-02-14,2025-03-09,Delivered
103237,60,3,2025-03-16,2025-03-25,Delivered
103238,64,5,2025-04-15,2025-05-01,Cancelled
103239,12,5,2025-03-06,2025-03-15,Delivered
103240,46,4,2025-04-26,2025-05-18,Delivered
103241,22,1,2025-03-29,2025-04-19,Delivered
103242,19,5,2025-03-29,2025-04-20,Delivered
103243,21,5,2025-02-05,2025-02-16,Delivered
103244,51,1,2025-04-18,2025-04-26,Cancelled
103245,70,1,2025-05-14,2025-05-22,Delivered
103246,33,5,2025-06-20,2025-06-30,Delivered
103247,43,4,2025-01-30,2025-02-14,Delivered
103248,48,5,2025-04-12,2025-05-03,Delivered
103249,51,2,2025-05-28,2025-06-13,Delivered
103250,14,2,2025-06-13,2025-07-08,Delivered
103251,25,1,2025-05-10,2025-05-18,Delivered
103252,10,3,2025-03-03,2025-03-20,Delivered
103253,27,5,2025-06-13,2025-06-21,Cancelled
103254,25,1,2025-01-05,2025-01-10,Shipped
103255,27,2,2025-06-24,2025-07-01,Pending
103256,58,1,2025-04-19,2025-05-05,Delivered
103257,2,5,2025-03-18,2025-04-02,Delivered
103258,27,3,2025-04-20,2025-05-14,Delivered
103259,62,5,2025-06-01,2025-06-07,Delivered
103260,5,4,2025-03-23,2025-04-08,Pending
103261,61,4,2025-05-18,2025-05-26,Delivered
103262,76,5,2025-03-31,2025-04-20,Cancelled
103263,49,1,2025-05-05,2025-05-12,Delivered
103264,70,1,2025-01-22,2025-02-03,Delivered
103265,13,4,2025-04-08,2025-04-23,Shipped
103266,61,1,2025-03-24,2025-04-07,Delivered
103267,58,2,2025-06-07,2025-06-25,Pending
103268,17,5,2025-06-22,2025-06-27,Delivered
103269,57,1,2025-05-09,2025-05-19,Delivered
103270,73,4,2025-05-18,2025-06-12,Delivered
103271,33,5,2025-01-31,2025-02-21,Delivered
103272,58,3,2025-02-11,2025-02-17,Shipped
103273,43,4,2025-01-29,2025-02-07,Cancelled
103274,10,2,2025-05-04,2025-05-24,Shipped
103275,50,2,2025-04-07,2025-04-13,Delivered
103276,29,3,2025-06-24,2025-07-17,Delivered
103277,30,4,2025-06-29,2025-07-07,Shipped
103278,18,2,2025-06-04,2025-06-27,Pending
103279,64,3,2025-06-28,2025-07-16,Pending
103280,68,3,2025-06-12,2025-07-04,Shipped
103281,61,1,2025-03-13,2025-03-31,Delivered
103282,55,1,2025-01-17,2025-01-24,Shipped
103283,46,4,2025-04-13,2025-05-04,Delivered
103284,18,1,2025-01-07,2025-01-17,Pending
103285,24,2,2025-04-25,2025-05-17,Delivered
103286,34,4,2025-01-18,2025-01-28,Delivered
103287,15,5,2025-01-11,2025-01-23,Shipped
103288,39,2,2025-06-29,2025-07-16,Pending
103289,8,5,2025-01-04,2025-01-12,Delivered
103290,35,5,2025-05-16,2025-05-21,Delivered
103291,18,3,2025-03-04,2025-03-24,Delivered
103292,25,4,2025-05-03,2025-05-23,Shipped
103293,23,4,2025-05-22,2025-06-16,Delivered
103294,10,2,2025-06-20,2025-06-29,Delivered
103295,19,1,2025-05-03,2025-05-24,Cancelled
103296,10,5,2025-02-12,2025-02-24,Delivered
103297,53,3,2025-02-27,2025-03-12,Delivered
103298,56,1,2025-03-24,2025-04-10,Pending
103299,48,4,2025-04-26,2025-05-20,Delivered
103300,29,2,2025-05-03,2025-05-27,Delivered
103301,66,4,2025-06-15,2025-07-10,Shipped
103302,77,5,2025-03-15,2025-04-04,Delivered
103303,56,5,2025-01-08,2025-01-26,Pending
103304,11,2,2025-06-14,2025-06-20,Delivered
103305,51,3,2025-04-29,2025-05-24,Delivered
103306,44,3,2025-05-18,2025-06-11,Delivered
103307,40,4,2025-05-11,2025-05-31,Delivered
103308,76,5,2025-06-24,2025-07-18,Delivered
103309,74,2,2025-05-01,2025-05-16,Pending
103310,63,3,2025-05-17,2025-06-07,Delivered
103311,9,3,2025-06-11,2025-06-24,Delivered
103312,37,5,2025-05-12,2025-05-24,Delivered
103313,42,2,2025-05-25,2025-06-05,Delivered
103314,40,2,2025-03-27,2025-04-17,Delivered
103315,36,3,2025-06-03,2025-06-21,Delivered
103316,25,5,2025-02-05,2025-02-19,Shipped
103317,47,5,2025-05-22,2025-06-06,Shipped
103318,60,5,2025-05-14,2025-05-24,Shipped
103319,38,2,2025-02-22,2025-03-18,Delivered
103320,44,2,2025-06-15,2025-07-05,Delivered
103321,51,4,2025-03-11,2025-04-03,Delivered
103322,44,2,2025-03-07,2025-03-31,Pending
103323,16,4,2025-05-21,2025-06-07,Pending
103324,25,3,2025-05-07,2025-05-26,Delivered
103325,71,5,2025-03-12,2025-04-02,Delivered
103326,26,3,2025-01-14,2025-02-01,Delivered
103327,63,5,2025-01-28,2025-02-17,Delivered
103328,41,1,2025-02-05,2025-02-15,Shipped
103329,7,1,2025-01-18,2025-01-31,Shipped
103330,69,3,2025-02-02,2025-02-10,Delivered
103331,55,2,2025-01-11,2025-02-03,Pending
103332,15,3,2025-06-09,2025-06-22,Shipped
103333,31,2,2025-02-26,2025-03-22,Delivered
103334,35,5,2025-04-01,2025-04-13,Shipped
103335,71,5,2025-03-23,2025-04-04,Shipped
103336,50,2,2025-05-19,2025-06-12,Pending
103337,21,1,2025-05-27,2025-06-20,Cancelled
103338,35,4,2025-02-01,2025-02-09,Shipped
103339,53,2,2025-03-03,2025-03-22,Delivered
103340,23,2,2025-03-13,2025-03-21,Pending
103341,40,4,2025-05-29,2025-06-22,Delivered
103342,58,2,2025-03-01,2025-03-09,Delivered
103343,53,4,2025-04-24,2025-05-03,Delivered
103344,50,5,2025-04-08,2025-04-13,Delivered
103345,35,2,2025-06-22,2025-07-12,Delivered
103346,68,3,2025-03-24,2025-03-29,Delivered
103347,79,4,2025-04-24,2025-05-18,Shipped
103348,19,1,2025-06-03,2025-06-20,Shipped
103349,52,2,2025-02-25,2025-03-12,Delivered
103350,36,2,2025-03-16,2025-03-28,Delivered
103351,61,1,2025-06-25,2025-07-18,Shipped
103352,9,4,2025-01-06,2025-01-23,Delivered
103353,47,4,2025-01-06,2025-01-26,Delivered
103354,58,4,2025-01-23,2025-02-10,Shipped
103355,30,3,2025-04-04,2025-04-17,Delivered
103356,22,2,2025-05-30,2025-06-24,Delivered
103357,68,2,2025-01-10,2025-01-27,Delivered
103358,30,1,2025-02-10,2025-02-17,Delivered
103359,71,1,2025-03-06,2025-03-13,Delivered
103360,33,4,2025-02-08,2025-02-22,Shipped
103361,56,3,2025-02-17,2025-03-01,Delivered
103362,22,5,2025-01-18,2025-01-30,Delivered
103363,80,1,2025-05-27,2025-06-21,Delivered
103364,23,3,2025-05-21,2025-06-10,Delivered
103365,22,2,2025-01-05,2025-01-16,Delivered
103366,10,1,2025-01-26,2025-02-08,Delivered
103367,23,5,2025-02-01,2025-02-20,Delivered
103368,48,2,2025-02-09,2025-03-03,Delivered
103369,32,1,2025-03-25,2025-04-04,Delivered
103370,66,1,2025-05-09,2025-05-30,Delivered
103371,51,2,2025-02-12,2025-02-18,Delivered
103372,17,2,2025-06-05,2025-06-21,Delivered
103373,36,4,2025-03-04,2025-03-23,Shipped
103374,15,2,2025-02-11,2025-03-08,Delivered
103375,6,1,2025-04-07,2025-04-16,Pending
103376,59,5,2025-05-06,2025-05-23,Delivered
103377,52,5,2025-04-30,2025-05-25,Delivered
103378,46,5,2025-05-28,2025-06-14,Delivered
103379,68,4,2025-02-12,2025-03-05,Delivered
103380,17,1,2025-02-22,2025-03-01,Delivered
103381,48,3,2025-01-30,2025-02-23,Delivered
103382,49,4,2025-03-18,2025-04-03,Pending
103383,63,2,2025-01-05,2025-01-16,Delivered
103384,19,4,2025-06-01,2025-06-10,Delivered
103385,39,4,2025-03-04,2025-03-13,Pending
103386,30,4,2025-03-06,2025-03-26,Delivered
103387,60,3,2025-02-22,2025-03-13,Shipped
103388,7,2,2025-02-07,2025-03-04,Delivered
103389,38,3,2025-01-14,2025-01-30,Delivered
103390,50,4,2025-01-20,2025-02-13,Shipped
103391,66,5,2025-05-03,2025-05-09,Delivered
103392,62,1,2025-04-01,2025-04-16,Shipped
103393,65,2,2025-01-03,2025-01-11,Shipped
103394,72,3,2025-01-16,2025-01-21,Delivered
103395,67,3,2025-01-07,2025-01-26,Delivered
103396,79,4,2025-03-30,2025-04-23,Delivered
103397,48,1,2025-05-13,2025-06-05,Shipped
103398,57,4,2025-04-21,2025-05-12,Pending
103399,71,5,2025-05-10,2025-05-17,Cancelled
103400,20,4,2025-03-26,2025-04-14,Delivered
103401,35,2,2025-02-06,2025-02-17,Pending
103402,50,3,2025-04-11,2025-04-23,Pending
103403,39,1,2025-02-04,2025-02-15,Delivered
103404,25,4,2025-02-08,2025-02-26,Delivered
103405,33,2,2025-01-01,2025-01-08,Shipped
103406,5,3,2025-05-04,2025-05-11,Shipped
103407,22,4,2025-01-30,2025-02-06,Delivered
103408,44,5,2025-04-06,2025-04-26,Cancelled
103409,34,5,2025-05-23,2025-06-14,Delivered
103410,43,3,2025-05-15,2025-05-24,Delivered
103411,76,5,2025-06-24,2025-07-07,Delivered
103412,32,2,2025-01-06,2025-01-24,Delivered
103413,43,5,2025-03-18,2025-04-07,Cancelled
103414,52,1,2025-06-01,2025-06-15,Delivered
103415,33,1,2025-02-07,2025-03-01,Shipped
103416,29,2,2025-04-29,2025-05-08,Delivered
103417,70,5,2025-04-03,2025-04-21,Delivered
103418,54,5,2025-03-26,2025-04-09,Pending
103419,21,5,2025-05-04,2025-05-11,Delivered
103420,8,4,2025-04-14,2025-05-02,Shipped
103421,61,1,2025-03-27,2025-04-12,Shipped
103422,31,4,2025-05-06,2025-05-23,Delivered
103423,52,4,2025-03-02,2025-03-16,Shipped
103424,22,3,2025-02-10,2025-03-06,Delivered
103425,49,1,2025-01-26,2025-02-02,Pending
103426,2,2,2025-05-19,2025-06-06,Delivered
103427,12,2,2025-01-14,2025-01-19,Delivered
103428,5,2,2025-03-16,2025-04-01,Delivered
103429,46,5,2025-01-23,2025-01-29,Shipped
103430,40,3,2025-01-26,2025-02-01,Cancelled
103431,11,1,2025-06-07,2025-06-12,Delivered
103432,25,2,2025-04-11,2025-05-01,Shipped
103433,76,3,2025-06-07,2025-06-28,Pending
103434,79,3,2025-02-05,2025-02-12,Delivered
103435,34,2,2025-06-14,2025-07-05,Pending
103436,78,2,2025-06-26,2025-07-10,Pending
103437,44,2,2025-06-27,2025-07-17,Delivered
103438,46,5,2025-03-20,2025-04-03,Delivered
103439,52,4,2025-03-02,2025-03-16,Delivered
103440,27,2,2025-04-29,2025-05-08,Delivered
103441,5,1,2025-01-16,2025-02-08,Delivered
103442,19,1,2025-04-25,2025-05-04,Shipped
103443,10,3,2025-03-27,2025-04-11,Delivered
103444,62,4,2025-04-15,2025-04-23,Delivered
103445,71,5,2025-03-19,2025-03-30,Delivered
103446,5,3,2025-02-10,2025-02-27,Shipped
103447,9,1,2025-01-09,2025-01-22,Delivered
103448,64,4,2025-06-18,2025-07-05,Delivered
103449,42,4,2025-02-04,2025-02-19,Delivered
103450,55,3,2025-05-26,2025-06-05,Pending
103451,22,3,2025-04-17,2025-04-24,Delivered
103452,43,2,2025-01-11,2025-01-20,Shipped
103453,78,4,2025-03-13,2025-03-24,Delivered
103454,54,1,2025-01-03,2025-01-28,Delivered
103455,44,5,2025-04-06,2025-04-21,Pending
103456,62,5,2025-02-21,2025-03-04,Shipped
103457,65,3,2025-05-16,2025-06-02,Delivered
103458,76,5,2025-06-06,2025-06-17,Delivered
103459,6,4,2025-06-01,2025-06-23,Shipped
103460,59,1,2025-03-14,2025-03-29,Pending
103461,76,1,2025-05-02,2025-05-20,Delivered
103462,78,5,2025-03-01,2025-03-16,Delivered
103463,29,4,2025-03-09,2025-03-23,Delivered
103464,5,2,2025-06-21,2025-07-14,Shipped
103465,34,1,2025-05-16,2025-05-28,Pending
103466,58,2,2025-04-12,2025-04-17,Delivered
103467,10,3,2025-05-18,2025-06-09,Delivered
103468,3,5,2025-06-13,2025-06-27,Delivered
103469,7,4,2025-05-29,2025-06-09,Delivered
103470,71,3,2025-01-30,2025-02-11,Delivered
103471,50,5,2025-03-26,2025-04-05,Delivered
103472,26,1,2025-06-25,2025-07-13,Pending
103473,32,4,2025-01-06,2025-01-14,Shipped
103474,34,2,2025-06-18,2025-07-02,Delivered
103475,54,2,2025-04-20,2025-05-01,Delivered
103476,47,1,2025-03-15,2025-03-29,Cancelled
103477,71,1,2025-01-20,2025-01-29,Delivered
103478,1,2,2025-01-17,2025-01-30,Cancelled
103479,15,4,2025-03-28,2025-04-05,Delivered
103480,69,4,2025-05-11,2025-05-19,Delivered
103481,79,3,2025-01-22,2025-02-07,Delivered
103482,46,2,2025-04-10,2025-04-21,Delivered
103483,33,1,2025-06-08,2025-06-15,Cancelled
103484,21,2,2025-03-29,2025-04-08,Delivered
103485,69,2,2025-05-03,2025-05-28,Delivered
103486,44,4,2025-04-21,2025-04-29,Delivered
103487,52,2,2025-02-12,2025-02-23,Delivered
103488,62,5,2025-06-28,2025-07-05,Cancelled
103489,30,4,2025-05-23,2025-06-11,Delivered
103490,48,2,2025-01-11,2025-01-17,Delivered
103491,1,5,2025-04-01,2025-04-06,Cancelled
103492,48,3,2025-04-17,2025-04-22,Cancelled
103493,60,1,2025-02-04,2025-02-12,Delivered
103494,72,1,2025-06-01,2025-06-10,Delivered
103495,71,5,2025-03-29,2025-04-06,Delivered
103496,5,3,2025-03-04,2025-03-18,Delivered
103497,55,3,2025-01-10,2025-01-18,Pending
103498,39,2,2025-06-28,2025-07-11,Delivered
103499,20,3,2025-03-29,2025-04-16,Cancelled
103500,68,3,2025-01-20,2025-02-09,Delivered
103501,39,4,2025-01-06,2025-01-11,Cancelled
103502,42,2,2025-01-24,2025-02-02,Delivered
103503,78,5,2025-01-26,2025-02-11,Shipped
103504,34,3,2025-03-23,2025-03-31,Shipped
103505,28,5,2025-01-21,2025-02-02,Pending
103506,40,5,2025-05-19,2025-05-26,Delivered
103507,71,5,2025-06-26,2025-07-18,Shipped
103508,71,3,2025-01-26,2025-02-12,Delivered
103509,6,3,2025-04-18,2025-04-25,Delivered
103510,35,1,2025-02-05,2025-02-12,Pending
103511,76,1,2025-01-28,2025-02-17,Pending
103512,47,4,2025-05-19,2025-05-27,Shipped
103513,76,5,2025-03-05,2025-03-12,Delivered
103514,24,5,2025-06-29,2025-07-07,Delivered
103515,3,4,2025-02-25,2025-03-06,Shipped
103516,66,2,2025-04-15,2025-04-20,Delivered
103517,35,5,2025-02-18,2025-03-10,Delivered
103518,8,4,2025-02-24,2025-03-20,Delivered
103519,25,5,2025-03-16,2025-04-01,Shipped
103520,76,4,2025-05-29,2025-06-12,Shipped
103521,79,1,2025-06-30,2025-07-18,Shipped
103522,78,4,2025-01-01,2025-01-09,Delivered
103523,25,3,2025-06-26,2025-07-05,Delivered
103524,75,1,2025-06-21,2025-07-03,Shipped
103525,6,2,2025-03-05,2025-03-11,Delivered
103526,51,2,2025-02-25,2025-03-10,Cancelled
103527,74,1,2025-06-16,2025-06-27,Delivered
103528,2,4,2025-01-28,2025-02-12,Shipped
103529,19,2,2025-06-15,2025-06-23,Delivered
103530,42,4,2025-04-07,2025-04-28,Delivered
103531,57,2,2025-06-12,2025-06-21,Shipped
103532,46,2,2025-06-20,2025-07-02,Delivered
103533,36,4,2025-01-13,2025-01-26,Pending
103534,60,2,2025-01-16,2025-01-22,Delivered
103535,68,3,2025-02-22,2025-03-12,Shipped
103536,37,2,2025-03-14,2025-03-27,Shipped
103537,2,4,2025-05-16,2025-05-23,Delivered
103538,45,3,2025-06-14,2025-06-26,Delivered
103539,36,4,2025-04-10,2025-04-23,Shipped
103540,29,4,2025-02-04,2025-02-09,Delivered
103541,63,4,2025-02-26,2025-03-20,Delivered
103542,19,1,2025-03-10,2025-03-26,Delivered
103543,13,3,2025-06-18,2025-07-09,Delivered
103544,52,1,2025-01-17,2025-02-09,Cancelled
103545,14,2,2025-03-14,2025-03-27,Delivered
103546,72,5,2025-05-28,2025-06-18,Delivered
103547,64,5,2025-01-01,2025-01-10,Cancelled
103548,42,5,2025-04-18,2025-05-11,Delivered
103549,62,2,2025-02-17,2025-02-25,Delivered
103550,55,3,2025-06-28,2025-07-11,Delivered
103551,52,5,2025-05-25,2025-06-17,Delivered
103552,49,4,2025-06-09,2025-06-20,Delivered
103553,42,1,2025-03-28,2025-04-13,Delivered
103554,31,5,2025-03-27,2025-04-16,Shipped
103555,72,1,2025-06-26,2025-07-03,Shipped
103556,18,2,2025-04-16,2025-04-22,Shipped
103557,53,5,2025-01-19,2025-01-27,Delivered
103558,71,4,2025-02-04,2025-02-16,Delivered
103559,28,3,2025-01-25,2025-01-31,Shipped
103560,76,4,2025-01-31,2025-02-13,Delivered
103561,58,2,2025-01-24,2025-02-08,Delivered
103562,79,1,2025-01-24,2025-02-06,Delivered
103563,69,2,2025-01-12,2025-02-01,Delivered
103564,70,2,2025-06-18,2025-06-23,Delivered
103565,63,2,2025-04-16,2025-05-01,Shipped
103566,65,5,2025-02-28,2025-03-23,Shipped
103567,55,3,2025-04-02,2025-04-21,Delivered
103568,22,1,2025-01-25,2025-02-19,Delivered
103569,36,2,2025-02-14,2025-02-24,Shipped
103570,6,2,2025-02-20,2025-03-03,Shipped
103571,38,4,2025-01-16,2025-02-04,Shipped
103572,18,1,2025-01-31,2025-02-11,Delivered
103573,39,4,2025-02-09,2025-02-16,Delivered
103574,21,4,2025-04-07,2025-04-12,Shipped
103575,5,5,2025-02-14,2025-03-04,Shipped
103576,21,2,2025-01-19,2025-01-28,Delivered
103577,56,2,2025-06-29,2025-07-09,Shipped
103578,67,5,2025-06-23,2025-07-14,Delivered
103579,76,5,2025-03-26,2025-04-14,Shipped
103580,77,5,2025-06-19,2025-07-12,Shipped
103581,58,4,2025-02-14,2025-03-10,Delivered
103582,57,3,2025-03-22,2025-04-04,Delivered
103583,3,2,2025-04-14,2025-04-28,Delivered
103584,69,4,2025-01-24,2025-02-16,Shipped
103585,17,1,2025-02-28,2025-03-22,Delivered
103586,15,5,2025-05-03,2025-05-20,Delivered
103587,75,2,2025-01-14,2025-02-04,Shipped
103588,30,2,2025-03-03,2025-03-09,Delivered
103589,78,5,2025-01-19,2025-01-31,Delivered
103590,11,3,2025-05-15,2025-06-06,Pending
103591,34,3,2025-05-21,2025-05-30,Delivered
103592,6,4,2025-05-06,2025-05-17,Shipped
103593,29,1,2025-05-13,2025-05-22,Delivered
103594,10,4,2025-06-12,2025-07-04,Pending
103595,42,4,2025-02-12,2025-02-25,Cancelled
103596,44,1,2025-01-09,2025-01-14,Delivered
103597,4,1,2025-01-22,2025-02-06,Shipped
103598,75,1,2025-01-22,2025-02-02,Delivered
103599,13,4,2025-05-18,2025-06-12,Delivered
103600,78,1,2025-02-08,2025-02-24,Delivered
103601,15,5,2025-06-15,2025-06-29,Delivered
103602,34,2,2025-01-22,2025-02-13,Delivered
103603,77,5,2025-05-19,2025-06-08,Shipped
103604,67,1,2025-02-08,2025-02-18,Delivered
103605,37,5,2025-06-09,2025-06-15,Delivered
103606,61,1,2025-05-10,2025-05-28,Delivered
103607,6,5,2025-01-13,2025-01-18,Delivered
103608,32,4,2025-03-30,2025-04-24,Delivered
103609,47,5,2025-03-12,2025-04-02,Shipped
103610,49,5,2025-02-01,2025-02-13,Delivered
103611,35,5,2025-02-28,2025-03-15,Delivered
103612,7,3,2025-03-21,2025-03-31,Delivered
103613,49,1,2025-05-22,2025-05-28,Delivered
103614,7,4,2025-02-23,2025-03-07,Delivered
103615,79,5,2025-04-28,2025-05-22,Delivered
103616,3,5,2025-06-12,2025-07-03,Shipped
103617,9,1,2025-03-10,2025-03-16,Delivered
103618,51,3,2025-05-16,2025-05-24,Delivered
103619,68,1,2025-03-08,2025-04-02,Delivered
103620,23,5,2025-05-02,2025-05-22,Delivered
103621,32,5,2025-02-19,2025-03-08,Delivered
103622,25,5,2025-06-15,2025-06-22,Delivered
103623,32,2,2025-06-22,2025-06-29,Shipped
103624,52,5,2025-06-23,2025-07-07,Delivered
103625,67,5,2025-06-15,2025-06-29,Delivered
103626,21,1,2025-03-04,2025-03-22,Delivered
103627,17,3,2025-05-16,2025-06-03,Shipped
103628,40,3,2025-01-22,2025-02-10,Delivered
103629,50,3,2025-06-11,2025-06-28,Shipped
103630,48,3,2025-01-11,2025-01-21,Delivered
103631,30,3,2025-03-29,2025-04-20,Delivered
103632,38,2,2025-01-06,2025-01-13,Delivered
103633,40,4,2025-03-13,2025-03-27,Delivered
103634,68,5,2025-01-06,2025-01-18,Delivered
103635,48,2,2025-05-23,2025-06-13,Delivered
103636,36,3,2025-02-04,2025-02-23,Delivered
103637,8,3,2025-01-10,2025-01-24,Delivered
103638,8,3,2025-03-03,2025-03-14,Delivered
103639,27,3,2025-02-19,2025-03-12,Shipped
103640,41,1,2025-04-12,2025-04-24,Delivered
103641,14,1,2025-01-25,2025-02-18,Delivered
103642,60,1,2025-05-20,2025-05-26,Delivered
103643,26,2,2025-06-01,2025-06-08,Delivered
103644,26,4,2025-02-25,2025-03-06,Delivered
103645,42,2,2025-01-11,2025-01-29,Delivered
103646,10,1,2025-06-06,2025-06-27,Delivered
103647,42,4,2025-01-25,2025-02-13,Cancelled
103648,53,5,2025-05-15,2025-05-20,Pending
103649,24,2,2025-01-07,2025-01-12,Delivered
103650,43,4,2025-01-29,2025-02-20,Shipped
103651,77,5,2025-01-04,2025-01-16,Delivered
103652,43,4,2025-06-13,2025-07-03,Shipped
103653,37,5,2025-01-31,2025-02-18,Delivered
103654,80,2,2025-04-11,2025-04-27,Delivered
103655,45,2,2025-01-15,2025-01-22,Delivered
103656,10,1,2025-05-15,2025-06-09,Delivered
103657,37,1,2025-05-19,2025-06-02,Shipped
103658,51,5,2025-05-03,2025-05-18,Delivered
103659,76,2,2025-04-15,2025-04-26,Shipped
103660,21,2,2025-06-05,2025-06-29,Delivered
103661,10,2,2025-04-26,2025-05-09,Delivered
103662,54,1,2025-01-24,2025-02-06,Delivered
103663,38,2,2025-05-14,2025-06-05,Delivered
103664,6,3,2025-06-11,2025-06-16,Delivered
103665,44,2,2025-05-07,2025-05-24,Delivered
103666,6,5,2025-06-27,2025-07-05,Shipped
103667,17,4,2025-01-05,2025-01-11,Delivered
103668,8,5,2025-02-22,2025-03-10,Delivered
103669,78,1,2025-01-07,2025-01-24,Shipped
103670,59,1,2025-03-24,2025-04-04,Pending
103671,23,2,2025-03-07,2025-03-22,Delivered
103672,56,5,2025-05-21,2025-05-31,Delivered
103673,14,4,2025-06-10,2025-06-30,Delivered
103674,72,2,2025-06-09,2025-06-20,Cancelled
103675,34,3,2025-01-11,2025-01-19,Shipped
103676,71,1,2025-05-16,2025-06-04,Delivered
103677,44,3,2025-03-02,2025-03-22,Delivered
103678,71,5,2025-02-04,2025-02-22,Pending
103679,30,3,2025-06-07,2025-06-15,Pending
103680,48,4,2025-06-26,2025-07-01,Delivered
103681,7,5,2025-04-05,2025-04-28,Delivered
103682,9,3,2025-03-15,2025-04-07,Shipped
103683,3,4,2025-03-07,2025-03-30,Delivered
103684,52,5,2025-06-30,2025-07-23,Delivered
103685,54,5,2025-05-27,2025-06-13,Delivered
103686,38,5,2025-06-14,2025-07-08,Delivered
103687,59,1,2025-05-14,2025-05-28,Shipped
103688,47,5,2025-04-09,2025-05-04,Cancelled
103689,32,2,2025-03-26,2025-04-18,Shipped
103690,3,5,2025-03-21,2025-04-13,Delivered
103691,25,2,2025-02-18,2025-02-26,Shipped
103692,29,3,2025-02-06,2025-02-24,Delivered
103693,72,1,2025-04-15,2025-05-09,Delivered
103694,72,4,2025-02-09,2025-02-26,Delivered
103695,59,4,2025-01-08,2025-02-02,Delivered
103696,28,3,2025-05-24,2025-06-05,Delivered
103697,29,3,2025-06-21,2025-07-15,Delivered
103698,32,5,2025-02-05,2025-02-27,Delivered
103699,37,1,2025-03-30,2025-04-17,Delivered
103700,16,2,2025-06-27,2025-07-20,Delivered
103701,44,1,2025-05-21,2025-05-30,Delivered
103702,46,5,2025-06-23,2025-07-02,Delivered
103703,35,1,2025-05-21,2025-06-07,Delivered
103704,45,4,2025-06-11,2025-06-18,Delivered
103705,28,1,2025-05-24,2025-06-13,Delivered
103706,13,2,2025-02-18,2025-03-11,Delivered
103707,44,1,2025-03-06,2025-03-17,Delivered
103708,52,5,2025-02-08,2025-02-20,Delivered
103709,40,5,2025-03-11,2025-04-05,Delivered
103710,4,2,2025-05-03,2025-05-15,Pending
103711,66,4,2025-06-03,2025-06-20,Delivered
103712,50,1,2025-01-15,2025-01-23,Delivered
103713,50,5,2025-02-21,2025-02-28,Pending
103714,25,5,2025-03-27,2025-04-01,Pending
103715,9,4,2025-05-16,2025-05-22,Delivered
103716,36,1,2025-03-17,2025-04-11,Delivered
103717,42,1,2025-04-27,2025-05-15,Delivered
103718,67,2,2025-05-30,2025-06-18,Delivered
103719,19,1,2025-04-05,2025-04-17,Delivered
103720,35,1,2025-05-07,2025-05-26,Delivered
103721,37,4,2025-02-11,2025-02-17,Delivered
103722,58,2,2025-04-14,2025-05-02,Delivered
103723,77,2,2025-03-30,2025-04-04,Delivered
103724,12,4,2025-06-10,2025-06-30,Delivered
103725,7,2,2025-05-25,2025-06-18,Pending
103726,34,1,2025-04-12,2025-05-03,Delivered
103727,34,1,2025-02-19,2025-03-02,Shipped
103728,30,1,2025-02-03,2025-02-18,Delivered
103729,22,2,2025-03-30,2025-04-16,Shipped
103730,70,1,2025-04-29,2025-05-04,Shipped
103731,22,1,2025-01-21,2025-02-14,Shipped
103732,49,1,2025-02-26,2025-03-16,Shipped
103733,66,3,2025-02-03,2025-02-22,Delivered
103734,74,3,2025-04-07,2025-04-15,Shipped
103735,58,1,2025-06-20,2025-07-12,Shipped
103736,34,5,2025-01-13,2025-01-23,Delivered
103737,42,1,2025-02-06,2025-02-23,Shipped
103738,6,1,2025-04-21,2025-05-04,Shipped
103739,7,2,2025-04-26,2025-05-07,Delivered
103740,14,4,2025-05-01,2025-05-23,Shipped
103741,19,4,2025-05-08,2025-05-29,Shipped
103742,24,1,2025-01-04,2025-01-14,Delivered
103743,63,5,2025-05-18,2025-05-28,Shipped
103744,25,3,2025-05-13,2025-05-31,Shipped
103745,70,3,2025-05-06,2025-05-30,Delivered
103746,55,2,2025-05-19,2025-05-31,Delivered
103747,66,2,2025-05-20,2025-06-04,Delivered
103748,44,2,2025-05-27,2025-06-15,Cancelled
103749,3,4,2025-06-29,2025-07-22,Delivered
103750,55,4,2025-06-24,2025-07-02,Delivered
103751,8,4,2025-05-08,2025-05-20,Delivered
103752,67,2,2025-01-04,2025-01-20,Delivered
103753,49,5,2025-02-06,2025-02-13,Delivered
103754,22,2,2025-02-27,2025-03-24,Delivered
103755,21,1,2025-04-11,2025-04-27,Pending
103756,43,5,2025-04-25,2025-05-03,Delivered
103757,52,5,2025-02-08,2025-02-15,Delivered
103758,23,1,2025-05-27,2025-06-05,Delivered
103759,51,4,2025-06-02,2025-06-08,Delivered
103760,69,3,2025-03-02,2025-03-20,Delivered
103761,70,3,2025-05-20,2025-05-25,Cancelled
103762,17,1,2025-03-26,2025-04-01,Cancelled
103763,30,5,2025-04-21,2025-05-15,Delivered
103764,33,5,2025-03-16,2025-04-10,Shipped
103765,78,3,2025-06-06,2025-06-27,Delivered
103766,9,1,2025-03-14,2025-03-30,Delivered
103767,70,5,2025-04-28,2025-05-04,Delivered
103768,57,1,2025-04-02,2025-04-12,Shipped
103769,70,4,2025-04-25,2025-05-12,Delivered
103770,70,2,2025-01-07,2025-01-31,Delivered
103771,49,1,2025-06-07,2025-06-14,Delivered
103772,60,4,2025-06-06,2025-06-28,Delivered
103773,70,2,2025-06-09,2025-07-02,Delivered
103774,65,4,2025-02-09,2025-02-18,Delivered
103775,74,2,2025-05-07,2025-05-13,Delivered
103776,69,3,2025-06-24,2025-07-15,Pending
103777,24,2,2025-04-05,2025-04-11,Delivered
103778,4,3,2025-04-10,2025-04-27,Delivered
103779,43,4,2025-05-26,2025-06-01,Pending
103780,16,2,2025-03-13,2025-04-04,Shipped
103781,44,3,2025-03-10,2025-03-23,Shipped
103782,68,4,2025-04-28,2025-05-21,Delivered
103783,18,3,2025-06-06,2025-06-20,Shipped
103784,32,2,2025-06-24,2025-07-16,Delivered
103785,35,4,2025-02-26,2025-03-09,Delivered
103786,74,1,2025-03-29,2025-04-15,Shipped
103787,11,3,2025-02-17,2025-03-11,Delivered
103788,62,2,2025-03-29,2025-04-15,Shipped
103789,74,2,2025-04-14,2025-05-07,Shipped
103790,29,3,2025-05-16,2025-06-09,Delivered
103791,48,1,2025-02-27,2025-03-20,Shipped
103792,51,3,2025-04-04,2025-04-09,Cancelled
103793,63,5,2025-03-09,2025-03-26,Delivered
103794,72,3,2025-01-05,2025-01-29,Delivered
103795,63,3,2025-03-08,2025-03-20,Pending
103796,40,5,2025-01-31,2025-02-21,Delivered
103797,10,1,2025-05-04,2025-05-28,Delivered
103798,7,2,2025-05-14,2025-05-29,Delivered
103799,35,1,2025-01-23,2025-02-08,Shipped
103800,40,1,2025-03-25,2025-04-08,Delivered
103801,42,3,2025-02-21,2025-03-01,Shipped
103802,23,3,2025-06-08,2025-06-19,Delivered
103803,61,5,2025-01-25,2025-02-06,Delivered
103804,58,3,2025-01-12,2025-01-17,Cancelled
103805,35,2,2025-06-28,2025-07-23,Delivered
103806,37,1,2025-01-10,2025-01-26,Shipped
103807,50,5,2025-05-16,2025-05-24,Delivered
103808,68,4,2025-05-24,2025-05-30,Delivered
103809,17,4,2025-01-02,2025-01-15,Delivered
103810,31,5,2025-05-15,2025-06-06,Delivered
103811,45,4,2025-02-11,2025-02-20,Delivered
103812,72,4,2025-04-17,2025-04-23,Cancelled
103813,75,5,2025-04-17,2025-05-06,Delivered
103814,36,3,2025-02-12,2025-02-21,Delivered
103815,44,5,2025-03-28,2025-04-10,Delivered
103816,44,5,2025-04-19,2025-05-05,Delivered
103817,41,5,2025-03-15,2025-03-25,Delivered
103818,39,5,2025-01-31,2025-02-07,Delivered
103819,55,3,2025-01-07,2025-01-16,Delivered
103820,1,1,2025-01-11,2025-01-20,Delivered
103821,48,2,2025-05-31,2025-06-25,Delivered
103822,10,2,2025-02-03,2025-02-28,Delivered
103823,15,3,2025-03-23,2025-03-30,Shipped
103824,42,3,2025-05-04,2025-05-10,Delivered
103825,55,5,2025-02-16,2025-02-24,Shipped
103826,37,5,2025-05-15,2025-06-08,Delivered
103827,76,5,2025-05-06,2025-05-15,Delivered
103828,29,4,2025-04-25,2025-05-20,Delivered
103829,38,4,2025-02-08,2025-02-13,Shipped
103830,66,2,2025-04-05,2025-04-19,Shipped
103831,9,5,2025-02-25,2025-03-07,Delivered
103832,14,2,2025-02-18,2025-02-25,Shipped
103833,78,2,2025-06-15,2025-06-20,Delivered
103834,80,1,2025-01-16,2025-02-02,Delivered
103835,12,5,2025-03-04,2025-03-22,Shipped
103836,21,2,2025-05-22,2025-06-10,Delivered
103837,69,2,2025-05-01,2025-05-18,Delivered
103838,12,4,2025-02-15,2025-02-25,Delivered
103839,62,4,2025-03-24,2025-04-06,Delivered
103840,47,5,2025-06-10,2025-06-23,Delivered
103841,49,2,2025-05-27,2025-06-02,Delivered
103842,80,1,2025-05-11,2025-05-30,Delivered
103843,71,2,2025-01-27,2025-02-13,Pending
103844,24,4,2025-01-31,2025-02-25,Delivered
103845,9,4,2025-06-25,2025-07-06,Shipped
103846,28,5,2025-06-17,2025-07-10,Cancelled
103847,4,3,2025-02-16,2025-02-26,Shipped
103848,73,5,2025-02-24,2025-03-14,Delivered
103849,13,4,2025-03-25,2025-04-17,Pending
103850,39,2,2025-05-22,2025-06-13,Shipped
103851,22,3,2025-06-17,2025-07-03,Delivered
103852,32,5,2025-05-19,2025-05-30,Delivered
103853,40,3,2025-04-17,2025-04-25,Delivered
103854,60,4,2025-02-26,2025-03-08,Delivered
103855,38,2,2025-01-06,2025-01-29,Delivered
103856,33,5,2025-05-08,2025-06-01,Delivered
103857,15,2,2025-04-25,2025-05-19,Delivered
103858,75,4,2025-01-01,2025-01-11,Delivered
103859,57,1,2025-02-11,2025-02-17,Delivered
103860,77,4,2025-05-15,2025-06-04,Delivered
103861,28,4,2025-03-25,2025-04-03,Delivered
103862,72,5,2025-03-04,2025-03-13,Shipped
103863,13,2,2025-04-04,2025-04-21,Delivered
103864,7,5,2025-02-18,2025-02-28,Pending
103865,6,3,2025-05-22,2025-06-11,Delivered
103866,60,5,2025-05-09,2025-05-30,Delivered
103867,57,3,2025-06-25,2025-07-06,Delivered
103868,48,5,2025-04-02,2025-04-12,Shipped
103869,69,4,2025-01-16,2025-01-22,Shipped
103870,36,3,2025-03-02,2025-03-19,Delivered
103871,74,5,2025-03-24,2025-04-01,Delivered
103872,45,2,2025-02-23,2025-03-18,Delivered
103873,12,1,2025-02-08,2025-03-05,Delivered
103874,76,3,2025-06-19,2025-06-24,Pending
103875,26,4,2025-03-12,2025-04-06,Delivered
103876,66,2,2025-01-15,2025-02-08,Delivered
103877,1,5,2025-04-17,2025-05-07,Pending
103878,76,4,2025-01-24,2025-02-17,Cancelled
103879,19,4,2025-01-13,2025-02-07,Shipped
103880,20,1,2025-02-23,2025-03-05,Shipped
103881,59,4,2025-04-30,2025-05-09,Pending
103882,78,1,2025-01-30,2025-02-07,Delivered
103883,14,2,2025-02-16,2025-02-22,Shipped
103884,5,4,2025-02-04,2025-02-19,Delivered
103885,68,4,2025-03-05,2025-03-16,Delivered
103886,28,1,2025-03-17,2025-04-09,Shipped
103887,49,3,2025-02-23,2025-03-17,Pending
103888,23,4,2025-06-16,2025-06-30,Delivered
103889,14,2,2025-03-14,2025-03-24,Shipped
103890,37,1,2025-05-23,2025-06-09,Delivered
103891,18,3,2025-01-03,2025-01-26,Delivered
103892,18,2,2025-06-02,2025-06-16,Delivered
103893,3,5,2025-02-19,2025-03-07,Cancelled
103894,45,4,2025-01-17,2025-02-11,Pending
103895,28,5,2025-06-02,2025-06-18,Shipped
103896,75,4,2025-01-05,2025-01-13,Shipped
103897,59,1,2025-02-06,2025-02-19,Shipped
103898,46,5,2025-03-25,2025-04-16,Delivered
103899,40,2,2025-02-24,2025-03-01,Shipped
103900,10,2,2025-01-07,2025-01-16,Cancelled
103901,7,4,2025-02-01,2025-02-17,Delivered
103902,62,2,2025-05-23,2025-06-12,Shipped
103903,22,5,2025-06-08,2025-06-14,Delivered
103904,11,4,2025-04-20,2025-05-13,Pending
103905,30,2,2025-02-02,2025-02-16,Delivered
103906,14,3,2025-03-23,2025-04-05,Cancelled
103907,21,1,2025-02-26,2025-03-12,Pending
103908,8,1,2025-01-05,2025-01-29,Delivered
103909,52,4,2025-05-25,2025-06-19,Delivered
103910,55,3,2025-06-09,2025-06-16,Delivered
103911,76,3,2025-04-06,2025-04-20,Delivered
103912,23,2,2025-03-06,2025-03-26,Delivered
103913,18,3,2025-04-29,2025-05-17,Pending
103914,6,5,2025-01-16,2025-01-24,Delivered
103915,66,1,2025-01-10,2025-01-21,Pending
103916,53,5,2025-02-28,2025-03-08,Delivered
103917,36,1,2025-05-06,2025-05-16,Delivered
103918,6,5,2025-01-04,2025-01-25,Pending
103919,47,4,2025-01-28,2025-02-06,Delivered
103920,14,3,2025-06-30,2025-07-06,Delivered
103921,26,5,2025-01-11,2025-01-29,Delivered
103922,32,1,2025-04-29,2025-05-11,Delivered
103923,7,3,2025-04-03,2025-04-24,Cancelled
103924,63,3,2025-02-21,2025-03-10,Shipped
103925,26,1,2025-01-05,2025-01-28,Delivered
103926,45,5,2025-05-16,2025-06-01,Delivered
103927,55,5,2025-03-06,2025-03-26,Pending
103928,16,5,2025-01-02,2025-01-17,Shipped
103929,26,5,2025-04-14,2025-04-24,Delivered
103930,57,3,2025-04-22,2025-05-09,Delivered
103931,20,1,2025-04-01,2025-04-24,Pending
103932,31,2,2025-06-29,2025-07-19,Pending
103933,8,3,2025-04-14,2025-05-02,Delivered
103934,40,3,2025-06-10,2025-07-03,Pending
103935,9,1,2025-01-13,2025-02-01,Delivered
103936,60,1,2025-03-06,2025-03-12,Pending
103937,34,5,2025-03-02,2025-03-24,Delivered
103938,71,1,2025-05-25,2025-06-19,Delivered
103939,74,1,2025-03-22,2025-04-03,Delivered
103940,9,3,2025-02-14,2025-02-20,Shipped
103941,78,5,2025-01-10,2025-02-02,Shipped
103942,77,4,2025-04-12,2025-05-06,Delivered
103943,64,2,2025-06-15,2025-06-22,Shipped
103944,76,4,2025-06-25,2025-07-03,Delivered
103945,49,5,2025-05-23,2025-06-06,Shipped
103946,49,1,2025-02-08,2025-02-19,Delivered
103947,7,4,2025-05-03,2025-05-26,Shipped
103948,30,2,2025-03-24,2025-04-11,Shipped
103949,66,5,2025-06-02,2025-06-16,Delivered
103950,15,5,2025-04-25,2025-04-30,Pending
103951,34,2,2025-04-21,2025-04-30,Pending
103952,60,1,2025-05-12,2025-05-31,Delivered
103953,70,2,2025-01-28,2025-02-04,Delivered
103954,21,1,2025-06-11,2025-07-06,Shipped
103955,70,1,2025-03-02,2025-03-18,Delivered
103956,79,5,2025-05-12,2025-06-05,Delivered
103957,75,4,2025-02-07,2025-02-15,Pending
103958,57,1,2025-05-18,2025-06-08,Delivered
103959,38,5,2025-01-08,2025-01-15,Cancelled
103960,52,3,2025-03-19,2025-04-10,Shipped
103961,16,4,2025-04-02,2025-04-23,Delivered
103962,30,5,2025-04-23,2025-05-14,Delivered
103963,2,5,2025-02-14,2025-02-20,Delivered
103964,34,5,2025-01-12,2025-01-30,Delivered
103965,61,1,2025-02-16,2025-02-27,Delivered
103966,11,3,2025-06-02,2025-06-19,Pending
103967,11,2,2025-05-11,2025-05-31,Delivered
103968,76,3,2025-02-12,2025-03-08,Delivered
103969,72,5,2025-02-08,2025-02-27,Delivered
103970,51,5,2025-06-21,2025-07-11,Delivered
103971,7,3,2025-01-12,2025-02-04,Delivered
103972,16,3,2025-01-23,2025-02-15,Delivered
103973,46,4,2025-01-12,2025-02-01,Delivered
103974,32,2,2025-05-05,2025-05-19,Delivered
103975,71,5,2025-02-27,2025-03-14,Delivered
103976,46,1,2025-04-28,2025-05-21,Delivered
103977,51,2,2025-03-16,2025-04-10,Pending
103978,78,4,2025-06-29,2025-07-24,Shipped
103979,79,4,2025-04-09,2025-05-01,Shipped
103980,34,5,2025-04-20,2025-04-25,Shipped
103981,66,3,2025-02-08,2025-02-15,Delivered
103982,20,5,2025-03-28,2025-04-05,Delivered
103983,21,3,2025-05-29,2025-06-10,Delivered
103984,53,3,2025-05-19,2025-06-10,Shipped
103985,65,5,2025-02-26,2025-03-11,Delivered
103986,69,5,2025-02-28,2025-03-24,Pending
103987,56,2,2025-03-08,2025-03-25,Delivered
103988,68,4,2025-06-04,2025-06-27,Pending
103989,3,5,2025-01-17,2025-01-24,Shipped
103990,28,1,2025-05-31,2025-06-12,Delivered
103991,77,2,2025-02-22,2025-03-12,Shipped
103992,28,4,2025-04-15,2025-04-20,Delivered
103993,32,1,2025-03-07,2025-03-22,Delivered
103994,13,4,2025-03-27,2025-04-01,Delivered
103995,47,3,2025-03-19,2025-04-08,Shipped
103996,16,5,2025-01-25,2025-02-12,Delivered
103997,5,2,2025-06-28,2025-07-12,Shipped
103998,73,4,2025-04-13,2025-04-20,Delivered
103999,62,1,2025-05-13,2025-05-22,Delivered
104000,77,5,2025-05-27,2025-06-18,Delivered
104001,70,5,2025-01-01,2025-01-18,Delivered
104002,71,2,2025-01-25,2025-02-07,Pending
104003,35,4,2025-05-13,2025-05-21,Delivered
104004,42,5,2025-02-17,2025-03-06,Delivered
104005,34,5,2025-04-19,2025-05-13,Delivered
104006,80,2,2025-06-28,2025-07-21,Delivered
104007,80,5,2025-04-23,2025-05-07,Delivered
104008,49,5,2025-03-21,2025-03-28,Delivered
104009,76,3,2025-03-22,2025-03-28,Shipped
104010,79,2,2025-06-03,2025-06-13,Pending
104011,62,3,2025-03-05,2025-03-22,Delivered
104012,6,3,2025-01-30,2025-02-06,Delivered
104013,55,1,2025-02-28,2025-03-24,Delivered
104014,72,4,2025-02-23,2025-03-13,Delivered
104015,53,2,2025-01-26,2025-02-16,Delivered
104016,42,3,2025-06-03,2025-06-09,Delivered
104017,1,1,2025-01-07,2025-01-31,Delivered
104018,74,3,2025-02-04,2025-02-18,Delivered
104019,75,3,2025-02-15,2025-02-21,Shipped
104020,49,4,2025-06-24,2025-07-07,Delivered
104021,72,5,2025-04-22,2025-05-10,Delivered
104022,7,3,2025-04-22,2025-05-05,Shipped
104023,40,3,2025-04-19,2025-05-05,Delivered
104024,57,3,2025-05-18,2025-05-23,Delivered
104025,40,3,2025-02-26,2025-03-09,Delivered
104026,78,1,2025-04-19,2025-04-28,Shipped
104027,48,3,2025-04-14,2025-05-01,Delivered
104028,24,4,2025-03-28,2025-04-11,Pending
104029,51,3,2025-06-04,2025-06-28,Delivered
104030,7,1,2025-06-27,2025-07-15,Shipped
104031,24,1,2025-02-14,2025-02-23,Shipped
104032,58,4,2025-05-03,2025-05-23,Delivered
104033,18,3,2025-06-06,2025-06-13,Delivered
104034,14,1,2025-02-15,2025-02-28,Delivered
104035,13,1,2025-04-06,2025-04-27,Delivered
104036,33,5,2025-05-13,2025-06-07,Delivered
104037,8,1,2025-05-18,2025-05-23,Shipped
104038,76,5,2025-04-12,2025-05-02,Delivered
104039,72,2,2025-02-20,2025-02-27,Shipped
104040,77,3,2025-04-24,2025-04-29,Delivered
104041,35,4,2025-02-04,2025-02-22,Delivered
104042,22,4,2025-01-20,2025-01-29,Delivered
104043,22,1,2025-02-22,2025-03-15,Shipped
104044,62,3,2025-02-28,2025-03-18,Delivered
104045,76,4,2025-05-17,2025-05-23,Delivered
104046,45,2,2025-04-05,2025-04-18,Delivered
104047,23,3,2025-02-02,2025-02-10,Delivered
104048,30,5,2025-03-25,2025-04-07,Delivered
104049,35,1,2025-01-09,2025-01-27,Shipped
104050,48,3,2025-06-16,2025-07-05,Delivered
104051,19,2,2025-01-20,2025-01-28,Shipped
104052,25,2,2025-04-25,2025-05-09,Delivered
104053,79,4,2025-06-24,2025-07-18,Delivered
104054,11,4,2025-04-23,2025-05-10,Delivered
104055,32,3,2025-06-15,2025-07-10,Delivered
104056,22,4,2025-02-13,2025-02-18,Shipped
104057,72,5,2025-04-08,2025-04-18,Delivered
104058,61,3,2025-01-04,2025-01-29,Delivered
104059,9,5,2025-04-10,2025-04-22,Delivered
104060,33,3,2025-06-12,2025-06-23,Pending
104061,78,2,2025-03-25,2025-04-16,Delivered
104062,19,3,2025-06-09,2025-06-21,Delivered
104063,30,3,2025-01-04,2025-01-10,Delivered
104064,14,5,2025-01-18,2025-02-04,Delivered
104065,65,3,2025-05-12,2025-05-19,Delivered
104066,45,2,2025-03-13,2025-03-26,Shipped
104067,47,3,2025-03-09,2025-03-27,Pending
104068,69,2,2025-05-17,2025-06-02,Delivered
104069,61,5,2025-06-08,2025-06-19,Delivered
104070,71,1,2025-01-04,2025-01-29,Delivered
104071,42,2,2025-06-14,2025-07-08,Shipped
104072,69,4,2025-05-09,2025-05-30,Delivered
104073,69,4,2025-06-09,2025-07-02,Delivered
104074,76,5,2025-05-12,2025-05-21,Delivered
104075,77,1,2025-03-20,2025-04-04,Delivered
104076,18,4,2025-01-27,2025-02-09,Delivered
104077,18,3,2025-04-07,2025-04-19,Pending
104078,12,5,2025-05-19,2025-06-05,Delivered
104079,23,3,2025-02-03,2025-02-14,Delivered
104080,29,5,2025-04-26,2025-05-06,Delivered
104081,31,5,2025-01-27,2025-02-05,Cancelled
104082,71,4,2025-01-08,2025-01-25,Delivered
104083,21,5,2025-02-23,2025-03-05,Delivered
104084,66,1,2025-05-28,2025-06-19,Delivered
104085,22,2,2025-02-01,2025-02-07,Delivered
104086,2,2,2025-02-28,2025-03-10,Delivered
104087,3,1,2025-06-27,2025-07-18,Delivered
104088,56,4,2025-01-30,2025-02-05,Delivered
104089,66,5,2025-06-21,2025-07-13,Delivered
104090,62,4,2025-02-01,2025-02-06,Delivered
104091,38,2,2025-04-06,2025-04-23,Delivered
104092,37,1,2025-03-02,2025-03-24,Shipped
104093,41,2,2025-06-14,2025-06-21,Delivered
104094,7,4,2025-03-12,2025-03-30,Delivered
104095,71,2,2025-02-19,2025-03-06,Delivered
104096,76,3,2025-06-23,2025-07-01,Pending
104097,26,1,2025-04-28,2025-05-15,Delivered
104098,1,3,2025-03-13,2025-03-28,Cancelled
104099,76,4,2025-04-23,2025-04-30,Delivered
104100,6,4,2025-04-21,2025-05-08,Delivered
104101,12,1,2025-01-04,2025-01-29,Delivered
104102,48,3,2025-01-23,2025-01-30,Delivered
104103,29,3,2025-01-01,2025-01-20,Delivered
104104,13,4,2025-06-07,2025-06-30,Shipped
104105,80,4,2025-01-11,2025-02-01,Delivered
104106,48,5,2025-02-19,2025-03-09,Delivered
104107,26,3,2025-05-22,2025-05-31,Delivered
104108,73,5,2025-06-09,2025-06-26,Shipped
104109,78,4,2025-01-04,2025-01-25,Shipped
104110,56,5,2025-05-23,2025-06-13,Delivered
104111,73,1,2025-05-01,2025-05-22,Cancelled
104112,63,5,2025-01-19,2025-02-04,Pending
104113,76,4,2025-02-16,2025-03-04,Delivered
104114,10,5,2025-04-27,2025-05-14,Pending
104115,77,2,2025-02-02,2025-02-07,Delivered
104116,17,4,2025-06-29,2025-07-15,Delivered
104117,67,5,2025-05-24,2025-06-03,Delivered
104118,39,1,2025-05-22,2025-05-27,Delivered
104119,74,3,2025-02-05,2025-02-12,Delivered
104120,47,3,2025-05-11,2025-05-26,Cancelled
104121,16,4,2025-05-05,2025-05-24,Shipped
104122,12,2,2025-05-05,2025-05-19,Delivered
104123,24,1,2025-01-25,2025-02-16,Delivered
104124,71,2,2025-03-13,2025-03-20,Delivered
104125,76,4,2025-02-05,2025-02-23,Shipped
104126,21,2,2025-06-04,2025-06-24,Delivered
104127,76,1,2025-04-26,2025-05-02,Delivered
104128,34,3,2025-03-10,2025-03-19,Shipped
104129,71,3,2025-06-24,2025-07-08,Delivered
104130,6,3,2025-04-22,2025-05-13,Shipped
104131,74,2,2025-02-02,2025-02-18,Delivered
104132,1,5,2025-01-05,2025-01-11,Pending
104133,52,2,2025-06-30,2025-07-15,Delivered
104134,7,4,2025-02-13,2025-02-24,Delivered
104135,36,4,2025-02-15,2025-03-08,Shipped
104136,72,5,2025-03-25,2025-04-07,Pending
104137,12,4,2025-05-14,2025-06-08,Delivered
104138,67,2,2025-02-11,2025-02-24,Delivered
104139,31,1,2025-02-04,2025-02-22,Pending
104140,70,3,2025-01-02,2025-01-22,Pending
104141,45,5,2025-06-14,2025-06-20,Pending
104142,74,3,2025-01-01,2025-01-25,Shipped
104143,60,1,2025-06-18,2025-06-25,Delivered
104144,55,1,2025-01-12,2025-01-28,Shipped
104145,57,1,2025-05-26,2025-06-04,Shipped
104146,5,4,2025-01-19,2025-02-06,Delivered
104147,2,1,2025-05-04,2025-05-17,Delivered
104148,12,5,2025-05-27,2025-06-10,Delivered
104149,42,3,2025-02-28,2025-03-25,Shipped
104150,73,5,2025-04-30,2025-05-18,Delivered
104151,74,2,2025-04-16,2025-05-02,Shipped
104152,33,3,2025-05-01,2025-05-09,Delivered
104153,12,5,2025-05-12,2025-05-21,Cancelled
104154,26,3,2025-05-18,2025-05-25,Shipped
104155,10,1,2025-03-08,2025-03-23,Pending
104156,46,5,2025-06-19,2025-07-13,Delivered
104157,24,1,2025-04-30,2025-05-14,Shipped
104158,47,4,2025-03-07,2025-03-28,Delivered
104159,31,3,2025-02-08,2025-02-26,Delivered
104160,52,3,2025-05-20,2025-06-07,Pending
104161,55,4,2025-02-19,2025-03-14,Delivered
104162,33,3,2025-05-19,2025-06-09,Shipped
104163,39,2,2025-03-23,2025-04-04,Delivered
104164,39,4,2025-02-05,2025-02-27,Pending
104165,43,1,2025-04-25,2025-05-14,Delivered
104166,7,4,2025-04-03,2025-04-22,Delivered
104167,46,1,2025-04-04,2025-04-21,Shipped
104168,73,2,2025-01-03,2025-01-27,Pending
104169,43,3,2025-01-28,2025-02-03,Delivered
104170,40,1,2025-06-20,2025-07-14,Shipped
104171,30,1,2025-01-22,2025-01-30,Delivered
104172,65,4,2025-01-25,2025-02-18,Cancelled
104173,3,2,2025-03-26,2025-04-09,Delivered
104174,57,4,2025-01-14,2025-01-24,Shipped
104175,4,4,2025-06-08,2025-06-24,Delivered
104176,41,3,2025-06-28,2025-07-05,Delivered
104177,1,1,2025-06-20,2025-06-29,Shipped
104178,41,5,2025-04-02,2025-04-08,Pending
104179,54,1,2025-01-21,2025-02-05,Shipped
104180,28,2,2025-03-30,2025-04-24,Delivered
104181,76,3,2025-04-23,2025-05-18,Delivered
104182,44,1,2025-04-23,2025-05-07,Pending
104183,64,1,2025-04-24,2025-05-05,Delivered
104184,60,5,2025-05-21,2025-05-27,Delivered
104185,76,3,2025-06-14,2025-06-19,Delivered
104186,9,1,2025-01-03,2025-01-20,Shipped
104187,80,2,2025-03-19,2025-03-24,Shipped
104188,75,1,2025-01-01,2025-01-14,Delivered
104189,5,2,2025-04-20,2025-04-26,Delivered
104190,37,1,2025-01-19,2025-02-10,Shipped
104191,79,1,2025-02-26,2025-03-23,Delivered
104192,79,5,2025-02-14,2025-03-08,Delivered
104193,32,3,2025-06-25,2025-07-18,Delivered
104194,6,3,2025-04-10,2025-04-17,Pending
104195,53,4,2025-05-26,2025-06-18,Pending
104196,3,4,2025-05-27,2025-06-14,Delivered
104197,71,1,2025-01-19,2025-02-10,Delivered
104198,57,4,2025-03-09,2025-03-15,Delivered
104199,31,4,2025-05-09,2025-05-22,Delivered
104200,17,2,2025-06-19,2025-06-30,Delivered
104201,37,3,2025-05-29,2025-06-14,Delivered
104202,3,1,2025-04-11,2025-05-01,Delivered
104203,21,3,2025-03-25,2025-03-30,Shipped
104204,45,1,2025-01-19,2025-02-08,Shipped
104205,49,3,2025-03-07,2025-03-16,Delivered
104206,24,3,2025-01-28,2025-02-16,Delivered
104207,24,5,2025-01-16,2025-02-10,Shipped
104208,74,2,2025-02-26,2025-03-10,Delivered
104209,13,1,2025-01-04,2025-01-10,Delivered
104210,54,1,2025-04-02,2025-04-14,Pending
104211,70,5,2025-04-16,2025-05-07,Shipped
104212,2,2,2025-01-30,2025-02-06,Delivered
104213,57,2,2025-02-04,2025-02-28,Delivered
104214,37,3,2025-04-27,2025-05-12,Delivered
104215,73,5,2025-05-20,2025-06-08,Delivered
104216,73,2,2025-01-23,2025-02-02,Delivered
104217,76,4,2025-03-21,2025-03-31,Delivered
104218,30,2,2025-04-18,2025-04-28,Delivered
104219,19,4,2025-04-05,2025-04-21,Delivered
104220,10,3,2025-04-29,2025-05-18,Delivered
104221,77,2,2025-01-01,2025-01-20,Shipped
104222,45,2,2025-02-27,2025-03-21,Pending
104223,25,4,2025-06-29,2025-07-09,Pending
104224,78,2,2025-01-18,2025-02-03,Delivered
104225,68,1,2025-05-14,2025-06-06,Delivered
104226,1,3,2025-05-25,2025-06-02,Delivered
104227,15,5,2025-04-22,2025-05-03,Delivered
104228,43,5,2025-05-21,2025-05-28,Delivered
104229,41,5,2025-04-29,2025-05-19,Shipped
104230,13,4,2025-05-23,2025-06-13,Pending
104231,7,3,2025-03-02,2025-03-22,Delivered
104232,78,2,2025-01-18,2025-02-09,Cancelled
104233,78,2,2025-05-11,2025-06-03,Delivered
104234,23,5,2025-03-12,2025-03-27,Cancelled
104235,40,1,2025-06-18,2025-06-26,Cancelled
104236,18,2,2025-05-03,2025-05-13,Pending
104237,23,5,2025-02-24,2025-03-20,Shipped
104238,17,2,2025-02-04,2025-02-13,Pending
104239,12,3,2025-03-13,2025-04-02,Cancelled
104240,28,2,2025-05-15,2025-05-23,Pending
104241,47,5,2025-06-04,2025-06-15,Delivered
104242,17,1,2025-02-02,2025-02-08,Delivered
104243,7,3,2025-06-28,2025-07-07,Shipped
104244,17,2,2025-04-23,2025-05-13,Delivered
104245,17,1,2025-03-04,2025-03-20,Delivered
104246,6,2,2025-05-09,2025-05-16,Delivered
104247,7,4,2025-03-06,2025-03-23,Shipped
104248,8,3,2025-06-02,2025-06-14,Delivered
104249,57,4,2025-04-28,2025-05-14,Delivered
104250,75,1,2025-06-06,2025-06-28,Shipped
104251,10,1,2025-06-16,2025-06-26,Cancelled
104252,12,4,2025-06-24,2025-07-01,Delivered
104253,49,5,2025-01-11,2025-01-21,Delivered
104254,68,2,2025-01-31,2025-02-05,Shipped
104255,70,3,2025-01-18,2025-02-11,Delivered
104256,21,2,2025-05-26,2025-06-02,Delivered
104257,26,1,2025-04-18,2025-05-08,Pending
104258,8,3,2025-04-14,2025-05-06,Delivered
104259,54,4,2025-04-28,2025-05-04,Delivered
104260,51,2,2025-01-22,2025-02-14,Delivered
104261,51,3,2025-04-03,2025-04-09,Delivered
104262,37,3,2025-03-18,2025-04-12,Pending
104263,56,4,2025-02-20,2025-03-06,Delivered
104264,25,2,2025-05-26,2025-06-13,Delivered
104265,39,5,2025-04-07,2025-04-17,Delivered
104266,17,2,2025-04-09,2025-04-18,Delivered
104267,16,1,2025-03-17,2025-03-26,Shipped
104268,53,2,2025-03-29,2025-04-23,Delivered
104269,42,3,2025-06-22,2025-07-01,Shipped
104270,66,5,2025-06-12,2025-06-18,Delivered
104271,64,5,2025-06-25,2025-07-19,Pending
104272,80,4,2025-02-07,2025-03-04,Shipped
104273,40,1,2025-06-18,2025-07-12,Delivered
104274,49,3,2025-02-26,2025-03-09,Delivered
104275,31,2,2025-03-14,2025-04-02,Cancelled
104276,24,3,2025-06-20,2025-06-26,Delivered
104277,31,2,2025-03-04,2025-03-17,Delivered
104278,5,2,2025-01-20,2025-01-27,Delivered
104279,47,5,2025-05-08,2025-05-25,Pending
104280,35,3,2025-04-30,2025-05-17,Delivered
104281,73,3,2025-05-08,2025-05-23,Delivered
104282,52,5,2025-03-10,2025-04-04,Delivered
104283,26,3,2025-03-03,2025-03-21,Delivered
104284,61,3,2025-04-11,2025-04-28,Delivered
104285,77,5,2025-04-08,2025-04-15,Delivered
104286,36,2,2025-01-21,2025-01-31,Delivered
104287,48,1,2025-05-18,2025-05-23,Delivered
104288,80,3,2025-05-11,2025-05-18,Delivered
104289,24,4,2025-06-02,2025-06-11,Delivered
104290,48,5,2025-04-08,2025-04-25,Delivered
104291,58,2,2025-01-29,2025-02-10,Pending
104292,36,2,2025-03-03,2025-03-19,Delivered
104293,76,1,2025-03-10,2025-03-20,Delivered
104294,37,1,2025-06-20,2025-07-03,Delivered
104295,75,2,2025-03-05,2025-03-15,Delivered
104296,15,3,2025-03-23,2025-04-06,Shipped
104297,8,4,2025-05-26,2025-06-13,Shipped
104298,59,2,2025-01-27,2025-02-01,Pending
104299,16,4,2025-05-16,2025-06-01,Delivered
104300,19,1,2025-01-21,2025-02-06,Delivered
104301,58,1,2025-05-23,2025-06-05,Delivered
104302,27,3,2025-06-18,2025-07-01,Delivered
104303,23,4,2025-05-10,2025-05-29,Shipped
104304,64,1,2025-01-29,2025-02-18,Shipped
104305,21,1,2025-06-27,2025-07-18,Delivered
104306,44,2,2025-02-26,2025-03-17,Delivered
104307,17,5,2025-04-21,2025-05-08,Delivered
104308,53,2,2025-02-19,2025-03-10,Pending
104309,36,1,2025-06-15,2025-06-21,Delivered
104310,46,2,2025-04-23,2025-05-15,Pending
104311,48,3,2025-06-16,2025-07-07,Delivered
104312,6,1,2025-01-07,2025-01-16,Delivered
104313,23,2,2025-01-17,2025-01-31,Shipped
104314,60,2,2025-01-31,2025-02-18,Pending
104315,39,2,2025-05-27,2025-06-04,Delivered
104316,28,4,2025-05-16,2025-06-10,Delivered
104317,64,2,2025-01-09,2025-01-20,Shipped
104318,49,5,2025-03-30,2025-04-15,Delivered
104319,67,4,2025-02-15,2025-02-20,Delivered
104320,24,5,2025-06-11,2025-07-01,Delivered
104321,45,2,2025-04-06,2025-04-30,Delivered
104322,28,2,2025-02-07,2025-02-17,Shipped
104323,57,2,2025-06-29,2025-07-23,Shipped
104324,67,5,2025-06-05,2025-06-15,Pending
104325,47,4,2025-06-26,2025-07-08,Delivered
104326,29,2,2025-02-28,2025-03-18,Delivered
104327,65,3,2025-01-09,2025-01-29,Delivered
104328,7,5,2025-04-28,2025-05-04,Delivered
104329,50,5,2025-05-08,2025-05-16,Delivered
104330,21,2,2025-04-08,2025-04-14,Pending
104331,63,1,2025-02-09,2025-02-26,Pending
104332,71,2,2025-05-23,2025-06-14,Delivered
104333,24,1,2025-05-07,2025-06-01,Delivered
104334,34,5,2025-03-08,2025-03-25,Delivered
104335,42,4,2025-03-09,2025-03-18,Shipped
104336,28,2,2025-02-06,2025-02-16,Delivered
104337,66,1,2025-06-12,2025-06-20,Delivered
104338,38,3,2025-02-09,2025-02-25,Delivered
104339,73,2,2025-06-20,2025-07-15,Delivered
104340,23,3,2025-04-14,2025-04-20,Delivered
104341,80,3,2025-02-24,2025-03-12,Delivered
104342,50,2,2025-06-12,2025-07-02,Delivered
104343,32,1,2025-06-15,2025-06-23,Delivered
104344,35,4,2025-06-25,2025-07-15,Shipped
104345,31,1,2025-05-05,2025-05-20,Shipped
104346,72,3,2025-02-01,2025-02-26,Delivered
104347,20,1,2025-06-18,2025-06-25,Shipped
104348,50,2,2025-04-13,2025-04-19,Delivered
104349,37,4,2025-02-28,2025-03-23,Delivered
104350,61,3,2025-04-09,2025-04-16,Delivered
104351,36,4,2025-01-12,2025-01-28,Delivered
104352,73,1,2025-02-14,2025-03-11,Delivered
104353,48,1,2025-04-20,2025-05-03,Pending
104354,73,3,2025-03-26,2025-04-13,Shipped
104355,73,1,2025-05-28,2025-06-14,Delivered
104356,28,5,2025-03-24,2025-04-12,Delivered
104357,46,2,2025-01-16,2025-02-05,Delivered
104358,18,1,2025-03-06,2025-03-16,Delivered
104359,21,1,2025-01-19,2025-02-12,Delivered
104360,64,1,2025-02-04,2025-02-11,Shipped
104361,10,2,2025-05-27,2025-06-08,Delivered
104362,56,5,2025-04-14,2025-05-03,Delivered
104363,59,4,2025-01-10,2025-02-02,Cancelled
104364,61,2,2025-01-19,2025-01-29,Delivered
104365,62,2,2025-01-21,2025-02-14,Cancelled
104366,24,2,2025-04-23,2025-05-18,Delivered
104367,4,4,2025-03-28,2025-04-20,Cancelled
104368,69,5,2025-05-02,2025-05-27,Delivered
104369,46,2,2025-06-13,2025-06-24,Delivered
104370,74,3,2025-02-21,2025-03-01,Delivered
104371,49,3,2025-03-21,2025-04-01,Pending
104372,66,5,2025-06-13,2025-06-28,Shipped
104373,16,2,2025-01-12,2025-01-22,Shipped
104374,9,3,2025-01-07,2025-01-23,Delivered
104375,49,3,2025-03-14,2025-04-06,Delivered
104376,37,4,2025-01-02,2025-01-08,Pending
104377,54,5,2025-04-29,2025-05-16,Delivered
104378,70,4,2025-05-08,2025-05-25,Shipped
104379,58,5,2025-04-26,2025-05-10,Delivered
104380,12,4,2025-02-21,2025-03-10,Delivered
104381,55,1,2025-03-07,2025-03-22,Pending
104382,53,2,2025-04-01,2025-04-16,Delivered
104383,61,2,2025-01-10,2025-02-02,Delivered
104384,35,5,2025-04-20,2025-05-14,Shipped
104385,60,4,2025-01-21,2025-01-29,Delivered
104386,73,3,2025-02-05,2025-02-28,Delivered
104387,29,3,2025-02-22,2025-02-28,Delivered
104388,76,4,2025-01-03,2025-01-13,Delivered
104389,15,2,2025-05-16,2025-05-26,Delivered
104390,27,4,2025-03-18,2025-03-30,Cancelled
104391,41,5,2025-03-16,2025-04-06,Delivered
104392,72,5,2025-03-27,2025-04-20,Delivered
104393,37,4,2025-06-18,2025-07-06,Shipped
104394,43,3,2025-03-16,2025-03-28,Delivered
104395,33,1,2025-03-20,2025-04-13,Shipped
104396,73,5,2025-05-31,2025-06-12,Delivered
104397,32,3,2025-03-12,2025-04-04,Delivered
104398,29,5,2025-03-11,2025-03-29,Shipped
104399,68,5,2025-02-13,2025-02-22,Shipped
104400,76,3,2025-05-09,2025-05-27,Shipped
104401,62,2,2025-05-28,2025-06-19,Delivered
104402,67,5,2025-03-11,2025-03-19,Shipped
104403,14,1,2025-05-27,2025-06-15,Shipped
104404,23,1,2025-05-03,2025-05-09,Delivered
104405,39,5,2025-03-31,2025-04-11,Shipped
104406,53,3,2025-03-28,2025-04-17,Delivered
104407,17,2,2025-01-10,2025-01-22,Pending
104408,39,3,2025-05-26,2025-06-13,Delivered
104409,49,1,2025-02-07,2025-03-03,Shipped
104410,7,1,2025-02-06,2025-02-22,Shipped
104411,15,2,2025-04-29,2025-05-14,Delivered
104412,46,5,2025-06-30,2025-07-24,Delivered
104413,43,5,2025-03-28,2025-04-22,Delivered
104414,61,1,2025-05-23,2025-06-10,Cancelled
104415,11,5,2025-06-06,2025-06-17,Delivered
104416,34,3,2025-05-22,2025-06-05,Shipped
104417,42,4,2025-04-10,2025-04-22,Pending
104418,29,5,2025-05-21,2025-06-06,Pending
104419,27,3,2025-02-16,2025-02-27,Delivered
104420,21,2,2025-01-09,2025-01-21,Shipped
104421,59,3,2025-02-16,2025-03-01,Delivered
104422,14,1,2025-03-19,2025-03-31,Delivered
104423,75,4,2025-05-10,2025-05-27,Delivered
104424,70,1,2025-01-09,2025-01-31,Delivered
104425,41,2,2025-05-26,2025-06-08,Delivered
104426,75,1,2025-02-09,2025-03-06,Pending
104427,63,4,2025-03-15,2025-03-22,Delivered
104428,25,1,2025-03-19,2025-03-30,Delivered
104429,8,2,2025-02-28,2025-03-22,Delivered
104430,47,1,2025-02-11,2025-02-21,Delivered
104431,79,3,2025-04-19,2025-05-06,Delivered
104432,58,3,2025-02-10,2025-02-21,Shipped
104433,67,2,2025-06-09,2025-06-21,Pending
104434,3,2,2025-03-26,2025-04-12,Delivered
104435,14,2,2025-02-22,2025-02-27,Shipped
104436,29,2,2025-03-06,2025-03-24,Delivered
104437,9,1,2025-06-21,2025-07-09,Delivered
104438,47,1,2025-04-23,2025-05-11,Shipped
104439,62,5,2025-06-06,2025-06-22,Delivered
104440,41,2,2025-01-15,2025-01-25,Shipped
104441,48,2,2025-01-15,2025-01-22,Delivered
104442,23,2,2025-05-29,2025-06-20,Delivered
104443,63,2,2025-03-02,2025-03-07,Shipped
104444,17,1,2025-02-02,2025-02-24,Shipped
104445,9,5,2025-01-05,2025-01-12,Delivered
104446,21,2,2025-06-19,2025-06-28,Shipped
104447,48,1,2025-04-23,2025-05-11,Delivered
104448,34,5,2025-04-29,2025-05-07,Delivered
104449,61,4,2025-03-24,2025-04-06,Delivered
104450,80,5,2025-02-16,2025-03-01,Pending
104451,47,5,2025-02-28,2025-03-22,Delivered
104452,57,2,2025-06-23,2025-07-13,Delivered
104453,44,5,2025-01-17,2025-01-27,Shipped
104454,77,1,2025-05-30,2025-06-14,Delivered
104455,69,3,2025-03-07,2025-03-28,Delivered
104456,19,2,2025-05-05,2025-05-17,Delivered
104457,58,5,2025-01-20,2025-01-30,Pending
104458,11,1,2025-01-13,2025-01-21,Delivered
104459,66,1,2025-03-02,2025-03-18,Cancelled
104460,71,4,2025-06-07,2025-06-13,Delivered
104461,10,4,2025-01-13,2025-02-02,Shipped
104462,5,2,2025-06-03,2025-06-12,Delivered
104463,76,5,2025-06-08,2025-06-21,Delivered
104464,23,5,2025-03-23,2025-03-31,Delivered
104465,23,2,2025-02-06,2025-02-26,Delivered
104466,33,2,2025-02-26,2025-03-20,Delivered
104467,21,1,2025-04-03,2025-04-17,Shipped
104468,15,4,2025-02-15,2025-03-04,Delivered
104469,34,5,2025-06-15,2025-07-02,Delivered
104470,25,2,2025-01-01,2025-01-23,Delivered
104471,26,3,2025-03-17,2025-03-31,Delivered
104472,3,3,2025-05-09,2025-05-30,Delivered
104473,77,5,2025-03-26,2025-03-31,Shipped
104474,3,2,2025-01-03,2025-01-19,Delivered
104475,49,5,2025-06-25,2025-07-11,Pending
104476,41,2,2025-06-24,2025-07-13,Delivered
104477,80,2,2025-04-12,2025-04-30,Delivered
104478,27,2,2025-06-03,2025-06-18,Delivered
104479,35,2,2025-04-26,2025-05-16,Delivered
104480,22,2,2025-04-02,2025-04-25,Shipped
104481,54,1,2025-04-13,2025-04-29,Delivered
104482,19,5,2025-02-04,2025-02-09,Delivered
104483,74,2,2025-02-08,2025-03-03,Shipped
104484,10,3,2025-04-16,2025-04-27,Pending
104485,76,3,2025-03-22,2025-04-14,Delivered
104486,56,2,2025-04-29,2025-05-08,Delivered
104487,23,5,2025-03-17,2025-03-27,Pending
104488,49,1,2025-03-27,2025-04-09,Delivered
104489,4,5,2025-03-28,2025-04-05,Shipped
104490,14,2,2025-06-17,2025-07-09,Delivered
104491,6,1,2025-03-11,2025-04-03,Delivered
104492,29,2,2025-01-17,2025-02-11,Pending
104493,20,1,2025-02-14,2025-02-21,Delivered
104494,38,5,2025-06-19,2025-06-27,Delivered
104495,69,2,2025-04-22,2025-05-14,Delivered
104496,64,4,2025-03-18,2025-03-23,Shipped
104497,75,1,2025-05-16,2025-05-31,Shipped
104498,69,1,2025-04-10,2025-04-24,Cancelled
104499,18,1,2025-01-11,2025-01-28,Shipped
104500,65,4,2025-04-24,2025-05-19,Delivered
104501,32,3,2025-05-14,2025-05-29,Delivered
104502,50,4,2025-03-14,2025-03-31,Delivered
104503,16,5,2025-04-22,2025-05-01,Shipped
104504,24,1,2025-06-06,2025-06-15,Delivered
104505,56,2,2025-02-15,2025-02-22,Shipped
104506,3,3,2025-06-26,2025-07-03,Pending
104507,21,5,2025-03-06,2025-03-28,Shipped
104508,15,3,2025-05-05,2025-05-26,Delivered
104509,73,1,2025-01-24,2025-02-13,Delivered
104510,58,2,2025-04-15,2025-05-08,Delivered
104511,79,3,2025-05-28,2025-06-18,Pending
104512,21,5,2025-06-28,2025-07-09,Shipped
104513,71,1,2025-01-15,2025-01-27,Delivered
104514,55,4,2025-01-06,2025-01-16,Delivered
104515,8,1,2025-03-31,2025-04-11,Delivered
104516,70,3,2025-02-19,2025-03-13,Delivered
104517,13,1,2025-03-24,2025-04-18,Pending
104518,23,3,2025-03-04,2025-03-25,Delivered
104519,71,1,2025-04-01,2025-04-23,Delivered
104520,54,5,2025-02-13,2025-03-08,Delivered
104521,8,1,2025-04-26,2025-05-13,Delivered
104522,56,2,2025-04-28,2025-05-16,Delivered
104523,30,2,2025-05-23,2025-06-03,Delivered
104524,65,5,2025-04-09,2025-04-20,Shipped
104525,62,4,2025-01-22,2025-02-12,Delivered
104526,15,5,2025-04-14,2025-04-24,Delivered
104527,14,2,2025-04-22,2025-05-14,Delivered
104528,14,1,2025-01-20,2025-01-31,Shipped
104529,65,2,2025-02-21,2025-03-05,Delivered
104530,20,1,2025-06-22,2025-07-14,Delivered
104531,29,3,2025-02-17,2025-03-08,Delivered
104532,9,5,2025-05-03,2025-05-18,Delivered
104533,3,4,2025-05-04,2025-05-24,Delivered
104534,6,4,2025-06-11,2025-06-27,Delivered
104535,22,1,2025-06-12,2025-07-04,Delivered
104536,35,2,2025-01-20,2025-02-13,Shipped
104537,78,4,2025-04-15,2025-04-23,Delivered
104538,65,1,2025-04-01,2025-04-24,Delivered
104539,69,2,2025-05-19,2025-06-02,Delivered
104540,64,2,2025-06-22,2025-06-27,Cancelled
104541,20,4,2025-04-07,2025-04-23,Delivered
104542,52,5,2025-04-09,2025-04-19,Delivered
104543,46,5,2025-01-25,2025-02-03,Delivered
104544,27,3,2025-06-07,2025-06-28,Delivered
104545,21,3,2025-03-25,2025-04-06,Delivered
104546,56,1,2025-04-24,2025-05-08,Delivered
104547,75,5,2025-01-06,2025-01-25,Shipped
104548,61,2,2025-06-08,2025-06-26,Delivered
104549,39,1,2025-04-23,2025-05-16,Delivered
104550,63,1,2025-05-24,2025-05-29,Delivered
104551,77,4,2025-03-20,2025-04-09,Shipped
104552,46,5,2025-05-27,2025-06-10,Delivered
104553,10,5,2025-02-19,2025-03-15,Delivered
104554,39,1,2025-04-16,2025-05-05,Shipped
104555,59,5,2025-06-11,2025-06-26,Shipped
104556,75,5,2025-05-17,2025-05-25,Cancelled
104557,38,5,2025-05-17,2025-05-22,Shipped
104558,41,1,2025-06-04,2025-06-14,Delivered
104559,66,4,2025-01-03,2025-01-18,Cancelled
104560,16,1,2025-02-11,2025-02-28,Shipped
104561,59,1,2025-04-12,2025-04-29,Shipped
104562,78,1,2025-01-05,2025-01-27,Shipped
104563,69,3,2025-04-02,2025-04-23,Shipped
104564,29,1,2025-05-23,2025-06-14,Delivered
104565,25,1,2025-03-26,2025-04-15,Delivered
104566,70,5,2025-03-02,2025-03-26,Delivered
104567,61,3,2025-01-28,2025-02-19,Delivered
104568,31,1,2025-02-08,2025-02-27,Delivered
104569,2,1,2025-01-01,2025-01-12,Pending
104570,45,4,2025-06-23,2025-07-10,Shipped
104571,77,3,2025-06-15,2025-06-26,Pending
104572,46,4,2025-03-16,2025-03-24,Delivered
104573,73,2,2025-04-23,2025-05-15,Delivered
104574,38,4,2025-04-25,2025-05-18,Pending
104575,62,1,2025-06-17,2025-06-25,Delivered
104576,21,4,2025-06-14,2025-06-20,Pending
104577,27,4,2025-04-06,2025-04-14,Pending
104578,35,3,2025-03-19,2025-04-01,Shipped
104579,77,1,2025-04-11,2025-05-01,Shipped
104580,44,4,2025-05-24,2025-06-10,Delivered
104581,48,2,2025-03-19,2025-03-25,Delivered
104582,17,1,2025-03-24,2025-04-09,Delivered
104583,56,4,2025-02-05,2025-02-20,Delivered
104584,23,2,2025-02-16,2025-02-24,Delivered
104585,43,2,2025-02-25,2025-03-22,Delivered
104586,38,4,2025-01-08,2025-01-21,Delivered
104587,62,4,2025-03-19,2025-04-10,Shipped
104588,42,3,2025-06-02,2025-06-14,Delivered
104589,42,2,2025-01-25,2025-02-06,Delivered
104590,41,1,2025-05-06,2025-05-13,Cancelled
104591,37,3,2025-03-31,2025-04-11,Shipped
104592,77,1,2025-01-01,2025-01-13,Delivered
104593,24,1,2025-01-18,2025-02-07,Shipped
104594,19,4,2025-05-07,2025-05-17,Delivered
104595,35,5,2025-06-14,2025-07-06,Delivered
104596,80,3,2025-05-23,2025-06-07,Delivered
104597,42,5,2025-03-25,2025-04-04,Shipped
104598,40,2,2025-06-24,2025-07-10,Shipped
104599,41,1,2025-04-14,2025-04-22,Cancelled
104600,42,4,2025-04-05,2025-04-29,Pending
104601,9,1,2025-03-28,2025-04-03,Delivered
104602,7,3,2025-03-20,2025-04-13,Pending
104603,58,4,2025-03-20,2025-04-02,Delivered
104604,47,2,2025-04-02,2025-04-11,Shipped
104605,68,3,2025-01-29,2025-02-17,Shipped
104606,75,3,2025-06-29,2025-07-22,Delivered
104607,34,3,2025-06-04,2025-06-15,Pending
104608,30,4,2025-05-11,2025-06-02,Pending
104609,25,1,2025-05-16,2025-05-27,Delivered
104610,9,2,2025-03-03,2025-03-28,Delivered
104611,77,2,2025-04-20,2025-04-26,Delivered
104612,65,5,2025-02-14,2025-03-08,Pending
104613,23,4,2025-05-20,2025-06-09,Shipped
104614,37,5,2025-04-22,2025-05-02,Delivered
104615,9,3,2025-02-16,2025-02-24,Delivered
104616,40,4,2025-03-25,2025-04-05,Delivered
104617,29,4,2025-05-12,2025-05-18,Shipped
104618,73,1,2025-04-02,2025-04-20,Delivered
104619,25,3,2025-03-13,2025-03-30,Delivered
104620,62,4,2025-04-07,2025-04-17,Delivered
104621,51,5,2025-01-17,2025-01-31,Shipped
104622,51,2,2025-05-31,2025-06-24,Delivered
104623,49,4,2025-03-09,2025-03-24,Pending
104624,76,5,2025-05-30,2025-06-04,Delivered
104625,15,1,2025-05-17,2025-06-10,Delivered
104626,62,2,2025-05-28,2025-06-02,Delivered
104627,30,3,2025-02-11,2025-02-19,Delivered
104628,70,5,2025-04-15,2025-05-06,Shipped
104629,37,2,2025-06-16,2025-06-30,Delivered
104630,66,5,2025-03-18,2025-04-11,Delivered
104631,79,4,2025-05-30,2025-06-15,Delivered
104632,72,3,2025-05-06,2025-05-21,Delivered
104633,74,3,2025-05-14,2025-05-23,Delivered
104634,15,5,2025-01-14,2025-01-24,Shipped
104635,57,5,2025-04-29,2025-05-21,Delivered
104636,10,2,2025-03-18,2025-04-08,Delivered
104637,78,4,2025-01-21,2025-02-09,Pending
104638,43,5,2025-05-16,2025-05-30,Delivered
104639,34,3,2025-01-26,2025-02-08,Delivered
104640,27,4,2025-05-08,2025-05-18,Delivered
104641,51,5,2025-01-27,2025-02-03,Shipped
104642,28,1,2025-02-23,2025-03-16,Delivered
104643,56,5,2025-01-30,2025-02-06,Delivered
104644,79,4,2025-05-18,2025-05-25,Shipped
104645,44,5,2025-01-03,2025-01-08,Delivered
104646,80,5,2025-06-11,2025-06-21,Delivered
104647,57,4,2025-05-28,2025-06-03,Delivered
104648,19,5,2025-04-19,2025-05-07,Delivered
104649,29,3,2025-01-23,2025-02-17,Delivered
104650,41,5,2025-05-18,2025-05-23,Delivered
104651,60,1,2025-06-21,2025-07-06,Shipped
104652,51,1,2025-02-01,2025-02-09,Delivered
104653,75,1,2025-01-03,2025-01-15,Cancelled
104654,69,2,2025-05-27,2025-06-16,Delivered
104655,41,3,2025-02-01,2025-02-13,Delivered
104656,6,5,2025-01-16,2025-02-06,Delivered
104657,69,1,2025-05-09,2025-05-17,Pending
104658,42,1,2025-02-04,2025-02-18,Shipped
104659,60,2,2025-04-13,2025-04-20,Delivered
104660,68,4,2025-02-22,2025-03-11,Delivered
104661,18,4,2025-01-21,2025-02-01,Delivered
104662,66,5,2025-04-13,2025-05-06,Shipped
104663,46,2,2025-06-08,2025-06-14,Delivered
104664,43,5,2025-03-24,2025-04-11,Pending
104665,38,4,2025-06-20,2025-07-02,Pending
104666,43,4,2025-04-07,2025-04-19,Delivered
104667,73,2,2025-04-02,2025-04-18,Delivered
104668,15,1,2025-04-08,2025-04-22,Shipped
104669,79,1,2025-06-18,2025-06-27,Delivered
104670,31,4,2025-05-05,2025-05-15,Delivered
104671,21,5,2025-06-02,2025-06-20,Cancelled
104672,49,4,2025-01-02,2025-01-17,Delivered
104673,38,2,2025-05-14,2025-05-21,Delivered
104674,33,3,2025-01-18,2025-02-05,Pending
104675,14,5,2025-06-28,2025-07-17,Cancelled
104676,42,2,2025-03-27,2025-04-18,Delivered
104677,39,4,2025-03-09,2025-03-15,Cancelled
104678,16,1,2025-02-18,2025-03-12,Delivered
104679,18,4,2025-02-24,2025-03-01,Shipped
104680,63,4,2025-02-23,2025-03-13,Shipped
104681,66,1,2025-03-09,2025-04-03,Shipped
104682,35,4,2025-01-30,2025-02-20,Delivered
104683,30,5,2025-03-23,2025-04-03,Delivered
104684,74,4,2025-05-28,2025-06-03,Delivered
104685,52,3,2025-06-27,2025-07-21,Delivered
104686,1,5,2025-02-14,2025-02-24,Delivered
104687,36,5,2025-05-11,2025-05-30,Delivered
104688,41,3,2025-01-29,2025-02-10,Delivered
104689,43,5,2025-04-27,2025-05-06,Delivered
104690,16,4,2025-03-10,2025-03-21,Pending
104691,55,5,2025-05-24,2025-06-01,Delivered
104692,50,3,2025-01-09,2025-01-20,Delivered
104693,27,5,2025-05-09,2025-05-30,Delivered
104694,65,4,2025-02-22,2025-03-16,Delivered
104695,46,5,2025-02-26,2025-03-10,Shipped
104696,37,4,2025-04-26,2025-05-01,Delivered
104697,13,2,2025-01-03,2025-01-27,Pending
104698,15,3,2025-02-19,2025-03-12,Delivered
104699,54,1,2025-02-17,2025-03-11,Shipped
104700,18,3,2025-03-09,2025-03-19,Cancelled
104701,34,1,2025-06-17,2025-06-27,Delivered
104702,30,1,2025-06-06,2025-06-12,Delivered
104703,46,4,2025-04-29,2025-05-08,Pending
104704,36,1,2025-01-06,2025-01-12,Delivered
104705,64,5,2025-06-30,2025-07-13,Pending
104706,28,2,2025-03-11,2025-03-27,Cancelled
104707,31,5,2025-06-14,2025-06-21,Pending
104708,62,5,2025-03-21,2025-03-29,Cancelled
104709,19,2,2025-03-12,2025-04-03,Cancelled
104710,4,5,2025-05-23,2025-06-12,Shipped
104711,50,3,2025-05-28,2025-06-15,Shipped
104712,23,3,2025-01-21,2025-02-10,Delivered
104713,19,2,2025-03-16,2025-03-21,Shipped
104714,28,2,2025-04-18,2025-04-26,Shipped
104715,80,1,2025-01-10,2025-01-21,Delivered
104716,68,4,2025-01-26,2025-02-12,Shipped
104717,61,1,2025-02-08,2025-03-02,Delivered
104718,22,1,2025-02-08,2025-02-14,Pending
104719,43,2,2025-04-11,2025-04-29,Delivered
104720,9,5,2025-04-03,2025-04-14,Delivered
104721,70,5,2025-01-08,2025-01-13,Delivered
104722,61,5,2025-03-22,2025-03-27,Pending
104723,64,2,2025-02-04,2025-02-19,Cancelled
104724,73,1,2025-01-07,2025-01-26,Shipped
104725,60,1,2025-02-18,2025-02-24,Delivered
104726,22,2,2025-01-24,2025-02-01,Shipped
104727,49,5,2025-01-11,2025-02-01,Delivered
104728,10,4,2025-05-07,2025-05-16,Shipped
104729,4,3,2025-03-22,2025-04-04,Delivered
104730,15,4,2025-01-29,2025-02-21,Shipped
104731,9,4,2025-01-02,2025-01-21,Shipped
104732,32,4,2025-01-14,2025-01-23,Delivered
104733,39,3,2025-02-03,2025-02-13,Delivered
104734,12,4,2025-01-04,2025-01-13,Delivered
104735,28,5,2025-03-11,2025-03-18,Shipped
104736,3,5,2025-03-11,2025-03-25,Delivered
104737,58,4,2025-02-16,2025-03-05,Delivered
104738,27,2,2025-04-18,2025-05-13,Delivered
104739,41,1,2025-02-27,2025-03-08,Delivered
104740,11,4,2025-06-04,2025-06-18,Delivered
104741,4,2,2025-03-11,2025-03-27,Delivered
104742,46,5,2025-05-19,2025-06-04,Shipped
104743,5,2,2025-01-28,2025-02-05,Delivered
104744,15,3,2025-05-18,2025-06-10,Delivered
104745,12,2,2025-04-21,2025-05-13,Delivered
104746,37,5,2025-05-18,2025-06-05,Shipped
104747,72,4,2025-05-12,2025-05-30,Shipped
104748,60,4,2025-01-16,2025-01-21,Delivered
104749,35,3,2025-04-27,2025-05-10,Pending
104750,30,4,2025-06-18,2025-07-10,Cancelled
104751,73,1,2025-05-27,2025-06-02,Delivered
104752,80,5,2025-02-03,2025-02-10,Delivered
104753,6,1,2025-04-14,2025-05-07,Delivered
104754,68,2,2025-04-11,2025-05-05,Cancelled
104755,17,2,2025-03-25,2025-04-06,Shipped
104756,35,5,2025-04-22,2025-05-05,Delivered
104757,6,5,2025-02-10,2025-02-18,Shipped
104758,68,4,2025-03-23,2025-04-05,Delivered
104759,19,1,2025-02-13,2025-02-20,Cancelled
104760,26,4,2025-06-25,2025-07-04,Delivered
104761,46,3,2025-01-01,2025-01-12,Delivered
104762,1,1,2025-01-06,2025-01-11,Delivered
104763,49,2,2025-03-16,2025-04-02,Delivered
104764,76,1,2025-06-06,2025-06-11,Pending
104765,67,5,2025-05-26,2025-06-02,Shipped
104766,16,4,2025-01-01,2025-01-06,Delivered
104767,12,4,2025-05-26,2025-06-20,Shipped
104768,31,2,2025-06-25,2025-07-15,Shipped
104769,59,5,2025-06-22,2025-07-14,Delivered
104770,74,4,2025-06-08,2025-06-14,Delivered
104771,70,3,2025-03-18,2025-04-09,Cancelled
104772,11,5,2025-04-19,2025-05-09,Cancelled
104773,50,2,2025-01-11,2025-01-17,Pending
104774,77,5,2025-05-12,2025-05-25,Delivered
104775,32,4,2025-01-31,2025-02-08,Delivered
104776,32,4,2025-01-22,2025-01-30,Delivered
104777,11,3,2025-01-24,2025-02-17,Delivered
104778,48,3,2025-03-26,2025-04-16,Shipped
104779,74,3,2025-02-08,2025-02-13,Shipped
104780,34,1,2025-01-18,2025-02-03,Shipped
104781,31,3,2025-04-16,2025-05-04,Pending
104782,42,4,2025-05-28,2025-06-21,Delivered
104783,37,5,2025-06-30,2025-07-13,Delivered
104784,56,4,2025-02-07,2025-02-13,Pending
104785,71,2,2025-03-10,2025-04-04,Delivered
104786,18,5,2025-01-24,2025-02-14,Shipped
104787,18,2,2025-05-12,2025-05-31,Delivered
104788,37,1,2025-02-08,2025-02-25,Shipped
104789,68,3,2025-05-09,2025-05-16,Delivered
104790,42,2,2025-04-30,2025-05-12,Delivered
104791,46,2,2025-04-16,2025-04-30,Shipped
104792,29,3,2025-04-27,2025-05-02,Pending
104793,12,2,2025-06-08,2025-06-16,Cancelled
104794,72,2,2025-05-22,2025-06-06,Shipped
104795,15,4,2025-01-18,2025-02-12,Shipped
104796,42,3,2025-05-25,2025-05-30,Shipped
104797,51,1,2025-01-09,2025-01-15,Delivered
104798,23,2,2025-01-15,2025-01-28,Delivered
104799,4,1,2025-01-22,2025-01-31,Delivered
104800,67,2,2025-04-28,2025-05-05,Pending
104801,23,2,2025-02-02,2025-02-25,Delivered
104802,55,1,2025-03-31,2025-04-07,Shipped
104803,34,5,2025-04-06,2025-04-11,Delivered
104804,55,4,2025-03-25,2025-04-06,Cancelled
104805,34,3,2025-04-08,2025-04-14,Cancelled
104806,40,2,2025-02-06,2025-02-25,Delivered
104807,29,3,2025-04-09,2025-04-14,Shipped
104808,12,3,2025-03-02,2025-03-07,Delivered
104809,27,3,2025-05-06,2025-05-15,Shipped
104810,45,5,2025-04-18,2025-04-25,Delivered
104811,53,5,2025-02-13,2025-02-23,Delivered
104812,13,2,2025-04-28,2025-05-08,Delivered
104813,1,5,2025-04-11,2025-04-29,Delivered
104814,50,3,2025-06-28,2025-07-15,Cancelled
104815,17,3,2025-01-20,2025-02-13,Delivered
104816,53,5,2025-04-24,2025-05-15,Delivered
104817,35,5,2025-03-17,2025-04-06,Delivered
104818,11,2,2025-05-29,2025-06-04,Delivered
104819,47,1,2025-01-10,2025-01-28,Cancelled
104820,14,5,2025-03-19,2025-04-09,Delivered
104821,39,2,2025-02-02,2025-02-14,Delivered
104822,35,2,2025-03-20,2025-03-26,Delivered
104823,54,4,2025-05-21,2025-05-30,Delivered
104824,20,1,2025-03-28,2025-04-22,Delivered
104825,33,5,2025-04-02,2025-04-12,Delivered
104826,74,2,2025-01-05,2025-01-22,Delivered
104827,36,3,2025-06-14,2025-06-21,Delivered
104828,13,5,2025-05-07,2025-05-18,Delivered
104829,11,5,2025-02-07,2025-02-26,Shipped
104830,55,2,2025-03-20,2025-04-01,Delivered
104831,76,3,2025-05-09,2025-05-30,Delivered
104832,9,5,2025-05-13,2025-05-26,Delivered
104833,54,5,2025-01-06,2025-01-23,Delivered
104834,3,3,2025-01-26,2025-02-03,Cancelled
104835,24,1,2025-02-11,2025-02-27,Delivered
104836,36,1,2025-02-17,2025-03-01,Delivered
104837,16,4,2025-01-14,2025-01-28,Delivered
104838,68,4,2025-01-02,2025-01-14,Delivered
104839,13,5,2025-04-09,2025-04-15,Cancelled
104840,26,2,2025-01-16,2025-01-27,Shipped
104841,58,5,2025-06-01,2025-06-25,Delivered
104842,7,1,2025-01-23,2025-02-05,Pending
104843,2,2,2025-03-18,2025-04-07,Delivered
104844,31,1,2025-06-26,2025-07-16,Delivered
104845,76,4,2025-06-16,2025-07-08,Delivered
104846,14,4,2025-02-09,2025-02-25,Delivered
104847,79,1,2025-05-10,2025-05-23,Pending
104848,37,4,2025-05-15,2025-05-30,Delivered
104849,2,1,2025-01-20,2025-01-31,Cancelled
104850,44,2,2025-03-28,2025-04-18,Shipped
104851,16,1,2025-05-01,2025-05-11,Delivered
104852,57,5,2025-01-01,2025-01-21,Shipped
104853,60,5,2025-01-15,2025-01-27,Delivered
104854,54,1,2025-04-20,2025-04-25,Delivered
104855,66,1,2025-06-07,2025-06-27,Cancelled
104856,20,2,2025-02-21,2025-03-17,Delivered
104857,76,4,2025-03-06,2025-03-26,Delivered
104858,16,5,2025-02-20,2025-03-12,Delivered
104859,30,1,2025-04-25,2025-05-13,Delivered
104860,14,1,2025-02-16,2025-03-02,Delivered
104861,71,3,2025-04-01,2025-04-20,Delivered
104862,65,1,2025-01-04,2025-01-14,Delivered
104863,38,2,2025-02-04,2025-02-15,Delivered
104864,24,2,2025-02-01,2025-02-18,Delivered
104865,50,5,2025-06-21,2025-07-08,Delivered
104866,59,3,2025-04-12,2025-05-02,Pending
104867,57,3,2025-01-17,2025-02-04,Delivered
104868,16,2,2025-05-28,2025-06-13,Delivered
104869,19,1,2025-03-24,2025-03-30,Delivered
104870,53,3,2025-02-07,2025-02-24,Pending
104871,62,1,2025-02-25,2025-03-08,Delivered
104872,67,3,2025-02-10,2025-02-24,Delivered
104873,15,5,2025-05-18,2025-05-30,Delivered
104874,37,5,2025-03-16,2025-04-06,Pending
104875,4,1,2025-03-19,2025-03-27,Delivered
104876,77,1,2025-01-04,2025-01-19,Delivered
104877,6,2,2025-01-26,2025-02-11,Delivered
104878,49,4,2025-04-04,2025-04-26,Cancelled
104879,38,4,2025-03-04,2025-03-16,Delivered
104880,79,3,2025-03-01,2025-03-15,Delivered
104881,12,1,2025-03-25,2025-03-30,Delivered
104882,36,4,2025-04-18,2025-05-01,Delivered
104883,20,4,2025-05-10,2025-06-02,Delivered
104884,16,3,2025-05-01,2025-05-13,Delivered
104885,42,1,2025-02-05,2025-02-27,Delivered
104886,58,4,2025-03-26,2025-04-03,Shipped
104887,76,3,2025-05-25,2025-06-14,Delivered
104888,44,3,2025-03-08,2025-03-17,Delivered
104889,6,5,2025-04-29,2025-05-09,Shipped
104890,50,1,2025-02-09,2025-02-23,Delivered
104891,56,3,2025-03-13,2025-03-31,Delivered
104892,60,2,2025-01-10,2025-01-26,Pending
104893,14,1,2025-04-28,2025-05-09,Pending
104894,65,4,2025-02-01,2025-02-17,Delivered
104895,34,4,2025-05-17,2025-06-11,Delivered
104896,62,1,2025-02-25,2025-03-05,Delivered
104897,40,2,2025-05-16,2025-05-21,Delivered
104898,57,3,2025-01-19,2025-02-02,Delivered
104899,42,4,2025-06-21,2025-07-01,Delivered
104900,21,5,2025-02-14,2025-03-01,Shipped
104901,51,5,2025-04-14,2025-04-23,Delivered
104902,24,5,2025-05-13,2025-05-27,Cancelled
104903,58,4,2025-04-20,2025-05-03,Shipped
104904,58,4,2025-06-24,2025-07-05,Shipped
104905,9,2,2025-03-28,2025-04-08,Delivered
104906,52,4,2025-04-17,2025-04-26,Delivered
104907,17,2,2025-05-16,2025-06-03,Delivered
104908,61,5,2025-01-14,2025-02-01,Delivered
104909,4,3,2025-05-13,2025-06-03,Cancelled
104910,76,2,2025-02-15,2025-02-21,Delivered
104911,48,2,2025-03-08,2025-03-13,Delivered
104912,4,5,2025-06-04,2025-06-13,Delivered
104913,74,4,2025-01-22,2025-02-06,Delivered
104914,58,4,2025-03-07,2025-03-12,Delivered
104915,42,4,2025-04-26,2025-05-02,Delivered
104916,65,5,2025-04-29,2025-05-19,Delivered
104917,45,3,2025-02-10,2025-02-28,Delivered
104918,76,1,2025-03-03,2025-03-24,Shipped
104919,24,4,2025-02-23,2025-03-12,Delivered
104920,17,4,2025-02-22,2025-03-04,Pending
104921,23,2,2025-06-14,2025-06-23,Delivered
104922,14,1,2025-04-29,2025-05-15,Delivered
104923,63,4,2025-06-05,2025-06-13,Cancelled
104924,14,4,2025-02-12,2025-02-18,Delivered
104925,21,5,2025-05-20,2025-06-05,Shipped
104926,35,5,2025-04-14,2025-05-07,Delivered
104927,5,3,2025-02-14,2025-02-22,Delivered
104928,75,1,2025-02-23,2025-03-18,Delivered
104929,23,2,2025-01-08,2025-01-18,Delivered
104930,73,5,2025-01-04,2025-01-12,Cancelled
104931,35,2,2025-06-23,2025-07-10,Shipped
104932,10,1,2025-04-19,2025-05-11,Pending
104933,10,4,2025-04-29,2025-05-04,Delivered
104934,11,4,2025-02-19,2025-03-10,Delivered
104935,6,3,2025-06-25,2025-06-30,Delivered
104936,38,5,2025-02-20,2025-03-03,Shipped
104937,59,2,2025-03-06,2025-03-19,Delivered
104938,29,1,2025-04-23,2025-05-03,Delivered
104939,57,4,2025-03-03,2025-03-25,Pending
104940,29,5,2025-01-09,2025-01-26,Delivered
104941,42,3,2025-01-16,2025-01-26,Delivered
104942,79,5,2025-05-21,2025-06-05,Shipped
104943,78,2,2025-06-04,2025-06-16,Shipped
104944,21,4,2025-02-16,2025-03-10,Delivered
104945,21,5,2025-01-31,2025-02-17,Shipped
104946,7,3,2025-05-25,2025-06-12,Pending
104947,56,4,2025-04-26,2025-05-13,Delivered
104948,22,4,2025-02-12,2025-03-06,Delivered
104949,46,2,2025-05-31,2025-06-20,Shipped
104950,76,3,2025-01-06,2025-01-25,Delivered
104951,65,5,2025-04-22,2025-05-06,Delivered
104952,54,4,2025-04-04,2025-04-22,Delivered
104953,3,2,2025-01-12,2025-02-03,Pending
104954,14,5,2025-02-13,2025-03-09,Pending
104955,24,1,2025-04-06,2025-04-20,Delivered
104956,31,5,2025-01-09,2025-01-22,Shipped
104957,74,1,2025-05-30,2025-06-11,Shipped
104958,21,3,2025-02-19,2025-03-03,Shipped
104959,1,2,2025-03-04,2025-03-20,Pending
104960,20,3,2025-06-16,2025-07-01,Delivered
104961,8,1,2025-06-08,2025-06-20,Cancelled
104962,37,3,2025-06-24,2025-06-30,Shipped
104963,52,5,2025-05-10,2025-06-01,Delivered
104964,37,2,2025-06-09,2025-06-20,Delivered
104965,32,2,2025-02-11,2025-02-25,Delivered
104966,51,2,2025-06-01,2025-06-19,Shipped
104967,69,1,2025-03-30,2025-04-22,Delivered
104968,69,2,2025-02-01,2025-02-10,Delivered
104969,35,3,2025-01-24,2025-02-03,Delivered
104970,8,4,2025-03-27,2025-04-20,Delivered
104971,79,5,2025-06-07,2025-06-16,Cancelled
104972,16,2,2025-03-04,2025-03-24,Delivered
104973,10,4,2025-04-28,2025-05-12,Delivered
104974,36,2,2025-01-17,2025-01-22,Delivered
104975,77,3,2025-06-14,2025-06-21,Delivered
104976,58,3,2025-06-09,2025-06-17,Delivered
104977,24,4,2025-04-25,2025-05-02,Delivered
104978,13,4,2025-04-06,2025-04-18,Delivered
104979,17,4,2025-03-12,2025-04-01,Delivered
104980,66,4,2025-03-06,2025-03-23,Shipped
104981,19,1,2025-06-08,2025-06-26,Shipped
104982,30,1,2025-01-02,2025-01-25,Delivered
104983,69,3,2025-03-22,2025-03-31,Shipped
104984,25,2,2025-06-30,2025-07-08,Pending
104985,30,3,2025-04-01,2025-04-06,Delivered
104986,35,2,2025-02-05,2025-02-13,Delivered
104987,14,3,2025-03-02,2025-03-08,Delivered
104988,57,4,2025-06-01,2025-06-20,Delivered
104989,34,4,2025-06-04,2025-06-13,Delivered
104990,33,2,2025-02-09,2025-02-16,Delivered
104991,31,3,2025-06-10,2025-06-25,Delivered
104992,70,1,2025-06-01,2025-06-11,Delivered
104993,1,3,2025-05-19,2025-06-08,Delivered
104994,56,4,2025-06-12,2025-06-29,Delivered
104995,26,2,2025-03-02,2025-03-12,Delivered
104996,72,4,2025-04-01,2025-04-09,Delivered
104997,80,1,2025-02-12,2025-02-27,Delivered
104998,70,3,2025-04-21,2025-05-04,Pending
104999,67,3,2025-06-12,2025-07-03,Delivered
105000,46,5,2025-05-16,2025-05-27,Delivered
